# Apple ModelIO OBJ File: Sep 20, File 2
mtllib Sep 20, File 2.mtl
g submesh
v -0.087799 0.316677 0.0231545
v -0.0884442 0.317943 0.0223917
v -0.0883107 0.316691 0.0242786
v -0.0872071 0.315191 0.0242228
v -0.0880232 0.316296 0.0233722
v -0.0885328 0.317562 0.0223848
v -0.0891003 0.318738 0.022051
v -0.0832538 0.204487 0.0500211
v -0.0804385 0.203815 0.0510304
v -0.0826748 0.205939 0.049645
v -0.0855148 0.20428 0.048887
v -0.0850348 0.207729 0.0485493
v -0.0841551 0.32214 0.0184025
v -0.0848394 0.319794 0.0173505
v -0.0827688 0.320604 0.0189476
v -0.0823595 0.31809 0.019975
v -0.0849904 0.317303 0.0180227
v -0.0740041 0.294871 0.0464012
v -0.0709917 0.292876 0.048598
v -0.0691976 0.297161 0.0464458
v -0.0750368 0.29849 0.0431928
v -0.0716276 0.299342 0.0439995
v -0.0777261 0.304376 0.0357918
v -0.076263 0.301505 0.0396274
v -0.0746427 0.306082 0.0366393
v -0.0814091 0.30489 0.0318775
v -0.0763682 0.310322 0.0320598
v -0.0720471 0.303729 0.040104
v -0.0858522 0.321374 0.0175714
v -0.0876851 0.320179 0.0179041
v -0.0882475 0.322469 0.0192496
v -0.0891307 0.320235 0.0194276
v -0.0860484 0.322661 0.0186557
v -0.0884158 0.317662 0.0175414
v -0.08693 0.318215 0.0167857
v -0.0894385 0.32086 0.0201147
v -0.0893284 0.320385 0.0209264
v -0.0893759 0.319463 0.0205814
v -0.0904098 0.323054 0.0179333
v -0.0903933 0.325621 0.0176739
v -0.0917754 0.323887 0.0158923
v -0.0892127 0.323039 0.019351
v -0.0891318 0.319723 0.0208002
v -0.0898191 0.321075 0.0191623
v -0.10782 0.204229 -0.0514525
v -0.111359 0.202231 -0.0441802
v -0.114389 0.218883 -0.0461475
v -0.0896042 0.318036 0.0196915
v -0.0946814 0.324744 0.0134392
v -0.0931272 0.321101 0.015841
v -0.0908799 0.321398 0.0175753
v -0.0960432 0.322723 0.013099
v -0.0982835 0.323912 0.0100759
v -0.0964257 0.320082 0.0132321
v -0.0892534 0.315532 0.0176073
v -0.0911631 0.315141 0.0176136
v -0.0808193 0.314675 0.0240813
v -0.0843858 0.314441 0.0203481
v -0.0834512 0.310723 0.0243696
v -0.0860506 0.311005 0.0215178
v -0.0873105 0.312699 0.0192625
v -0.0888564 0.313584 0.0180317
v -0.0870488 0.315627 0.0176541
v -0.0933226 0.316912 0.0161171
v -0.0802681 0.310374 0.02816
v -0.107432 0.190731 -0.0464686
v -0.114623 0.180241 -0.0299491
v -0.112634 0.192531 -0.0385853
v -0.106868 0.177434 -0.0422449
v -0.0923366 0.141737 -0.0513194
v -0.0987206 0.146319 -0.0407066
v -0.0993368 0.160442 -0.0470797
v -0.106772 0.162605 -0.0357913
v -0.092342 0.128593 -0.0456757
v -0.0781299 0.314389 0.0271898
v -0.0788266 0.317933 0.0240203
v -0.0876107 0.324935 0.0200489
v -0.0825157 0.322094 0.0195443
v -0.0775121 0.321415 0.0241186
v -0.0806462 0.321346 0.0212249
v -0.0824199 0.32433 0.0208032
v -0.0844048 0.323963 0.0196071
v -0.0858552 0.324512 0.020258
v -0.0802335 0.326904 0.0219299
v -0.0824549 0.327345 0.0210505
v -0.0794581 0.324379 0.0225505
v -0.0841413 0.326252 0.0210081
v -0.0843254 0.324512 0.0210659
v -0.0922939 0.327083 0.015388
v -0.0960337 0.328108 0.0113673
v -0.086258 0.326969 0.0208401
v -0.0883162 0.326762 0.0195626
v -0.0841616 0.328698 0.0213141
v -0.10135 0.328303 0.00574754
v -0.108065 0.327069 -0.00200039
v -0.103658 0.321338 0.00568454
v -0.125152 0.299285 -0.0411975
v -0.124437 0.3023 -0.0348624
v -0.124494 0.304469 -0.0419959
v -0.122104 0.306093 -0.0283774
v -0.123727 0.307759 -0.0380453
v -0.1081 0.317932 0.000746071
v -0.125942 0.296961 -0.0483381
v -0.126837 0.291756 -0.0376875
v -0.122184 0.311399 -0.0345184
v -0.124931 0.303782 -0.0487314
v -0.124619 0.314528 -0.0464958
v -0.121865 0.317469 -0.0363765
v -0.125098 0.321288 -0.050897
v -0.118564 0.327379 -0.0224088
v -0.119236 0.321817 -0.0264404
v -0.116625 0.32064 -0.0176467
v -0.124329 0.298894 -0.027469
v -0.12242 0.300619 -0.0216221
v -0.123582 0.312411 -0.0406822
v -0.114075 0.306858 -0.00500168
v -0.111219 0.312846 -0.00203626
v -0.114574 0.314526 -0.0112064
v -0.120206 0.312188 -0.0286754
v -0.119084 0.309678 -0.0221867
v -0.118286 0.315377 -0.0217822
v -0.116734 0.308858 -0.0144
v -0.119791 0.304411 -0.0181752
v -0.113283 0.322131 -0.00946064
v -0.126818 0.291077 -0.0474495
v -0.127002 0.287378 -0.0513493
v -0.128064 0.284569 -0.0413327
v -0.124728 0.309418 -0.0459409
v -0.125478 0.29683 -0.0336411
v -0.126365 0.293056 -0.026884
v -0.117713 0.239093 0.0120458
v -0.116374 0.237447 0.0118963
v -0.116022 0.237973 0.0131827
v -0.114597 0.237669 0.0149719
v -0.116179 0.235887 0.0128376
v -0.115169 0.235021 0.0158178
v -0.113241 0.237061 0.0181129
v -0.113941 0.239519 0.0167908
v -0.111053 0.236738 0.0315047
v -0.111581 0.236498 0.0290002
v -0.111506 0.234837 0.031739
v -0.11772 0.232815 0.0117663
v -0.118338 0.234482 0.00920773
v -0.118421 0.232146 0.00968742
v -0.117547 0.234352 0.01188
v -0.117043 0.235127 0.0109606
v -0.120407 0.22341 0.0204261
v -0.118513 0.225873 0.0178764
v -0.120057 0.22463 0.0157234
v -0.11551 0.233493 0.0197852
v -0.116002 0.232095 0.0217246
v -0.113698 0.234757 0.0220469
v -0.111774 0.237099 0.0256186
v -0.112812 0.234465 0.0278188
v -0.116986 0.233229 0.0144381
v -0.116332 0.232555 0.0181704
v -0.118245 0.226892 0.0218471
v -0.11967 0.224226 0.0241282
v -0.11762 0.231428 0.0139554
v -0.118533 0.226223 0.0138412
v -0.119262 0.225804 0.0114935
v -0.114964 0.234485 0.0183198
v -0.121602 0.222144 0.0186087
v -0.120982 0.224194 0.0131465
v -0.122241 0.221084 0.0159969
v -0.115956 0.239836 0.0148757
v -0.117633 0.227119 0.0104302
v -0.116844 0.227677 0.0135067
v -0.117223 0.236393 0.0108132
v -0.113003 0.232267 0.0322916
v -0.114217 0.231799 0.0264425
v -0.114411 0.230632 0.0307517
v -0.117453 0.231144 0.0117262
v -0.11684 0.229794 0.0112182
v -0.116598 0.229881 0.0140894
v -0.118398 0.2262 0.0279233
v -0.116962 0.229475 0.0219719
v -0.116784 0.2281 0.0177192
v -0.1171 0.230712 0.0166345
v -0.115769 0.229157 0.02847
v -0.117973 0.230843 0.00955923
v -0.121695 0.220778 0.025461
v -0.115729 0.230454 0.0245441
v -0.112001 0.238414 0.0219789
v -0.116786 0.228541 0.0101279
v -0.114861 0.229469 0.0350922
v -0.110362 0.236154 0.034023
v -0.0635948 0.0946112 0.0178372
v -0.0705384 0.0998319 0.0273443
v -0.0706797 0.095005 0.0139587
v -0.076391 0.0895193 -0.00605144
v -0.0812415 0.0944198 -0.00111848
v -0.082338 0.0945868 -0.00796901
v -0.0857734 0.0993275 -0.00119065
v -0.0781285 0.0947922 0.0058658
v -0.0745425 0.0994829 0.0217565
v -0.078656 0.0998712 0.0172537
v -0.0837978 0.0978011 0.00402407
v -0.0842223 0.101303 0.0110805
v -0.0888347 0.102489 0.0052854
v -0.0777573 0.0903307 -0.0157497
v -0.0636241 0.0900625 0.00750981
v -0.0570616 0.0918085 0.0130473
v -0.12216 0.327033 -0.0373484
v -0.12459 0.295195 -0.02009
v -0.127376 0.289072 -0.0182744
v -0.124727 0.292144 -0.013076
v -0.101291 0.284012 0.0306197
v -0.101533 0.287323 0.0274034
v -0.105631 0.282616 0.0265888
v -0.0925516 0.279762 0.042828
v -0.0925384 0.283825 0.0399803
v -0.0965739 0.279253 0.0397357
v -0.110615 0.291845 0.0154877
v -0.108508 0.293966 0.0161518
v -0.110429 0.29442 0.0135813
v -0.0992073 0.296 0.0237987
v -0.101166 0.291465 0.024853
v -0.0978985 0.291448 0.0286521
v -0.112969 0.290704 0.0119969
v -0.113457 0.293755 0.0108392
v -0.11455 0.288576 0.0111055
v -0.118427 0.301829 -0.00946668
v -0.122388 0.2934 -0.00558187
v -0.11663 0.29819 0.000847593
v -0.120072 0.293151 0.000275418
v -0.118835 0.291627 0.00400519
v -0.127701 0.28671 -0.026012
v -0.11295 0.288789 0.0131547
v -0.111782 0.291558 0.0133656
v -0.128377 0.284754 -0.032629
v -0.109125 0.286756 0.019577
v -0.109212 0.289788 0.0178418
v -0.111462 0.28492 0.0183482
v -0.106949 0.289002 0.0204456
v -0.104556 0.287661 0.0237843
v -0.103556 0.292806 0.0217365
v -0.0975961 0.283468 0.0353488
v -0.10364 0.280025 0.0316743
v -0.110253 0.301426 0.00933726
v -0.113375 0.298889 0.00755346
v -0.110851 0.297928 0.0113461
v -0.115291 0.291299 0.00941266
v -0.117296 0.288942 0.00822508
v -0.111906 0.288611 0.015782
v -0.108818 0.284271 0.0218025
v -0.110795 0.304867 0.00454837
v -0.106343 0.296316 0.0170671
v -0.106254 0.293116 0.0186799
v -0.0982918 0.28756 0.0313328
v -0.115889 0.29392 0.00695115
v -0.107131 0.303675 0.0106431
v -0.12201 0.297905 -0.0145572
v -0.0938405 0.290086 0.0344338
v -0.0989768 0.275837 0.0398688
v -0.0962001 0.274512 0.0435705
v -0.122504 0.288925 0.00129589
v -0.108719 0.27736 0.0286793
v -0.107961 0.300673 0.012696
v -0.0931014 0.286669 0.0376233
v -0.103343 0.296654 0.0193616
v -0.108156 0.297122 0.0143063
v -0.101442 0.277125 0.0364839
v -0.121111 0.285778 0.00583115
v -0.10463 0.302858 0.0143367
v -0.110744 0.279064 0.0243931
v -0.112299 0.280984 0.0207908
v -0.104908 0.299554 0.0162828
v -0.100422 0.301055 0.0192398
v -0.106662 0.275198 0.0328168
v -0.114196 0.283915 0.014586
v -0.0809229 0.280669 0.0512511
v -0.0826512 0.284022 0.0483104
v -0.0835431 0.279625 0.0498358
v -0.0820079 0.288918 0.0465683
v -0.0782458 0.290851 0.0475346
v -0.0803089 0.29297 0.0448917
v -0.0847966 0.29159 0.0423465
v -0.0853926 0.295655 0.0380285
v -0.0889555 0.292642 0.0372361
v -0.0820677 0.295239 0.0416042
v -0.0786423 0.297056 0.0424943
v -0.0934631 0.3022 0.0236743
v -0.0772751 0.294632 0.045263
v -0.0893768 0.288039 0.0402836
v -0.0853668 0.286894 0.0447716
v -0.0875044 0.299705 0.0313868
v -0.089519 0.295481 0.0340457
v -0.0859798 0.283195 0.0458181
v -0.0889191 0.2837 0.0430468
v -0.0809689 0.299931 0.037557
v -0.0909351 0.312776 0.0174617
v -0.0900412 0.311023 0.0186775
v -0.0932488 0.295968 0.0297894
v -0.091538 0.293325 0.0341322
v -0.0884393 0.30961 0.0207039
v -0.0996344 0.319604 0.0102201
v -0.093111 0.309213 0.017474
v -0.0967943 0.308843 0.0163338
v -0.0955916 0.307291 0.0175801
v -0.0874288 0.306582 0.0239869
v -0.0886353 0.279613 0.0455503
v -0.102963 0.301854 0.0168517
v -0.0977476 0.305245 0.0182128
v -0.101261 0.307119 0.0143638
v -0.10169 0.303802 0.0164619
v -0.10254 0.304769 0.0146873
v -0.0944107 0.306261 0.0191047
v -0.0746587 0.290106 0.0488438
v -0.0718187 0.289301 0.0499902
v -0.0748855 0.285625 0.0508982
v -0.0913009 0.307369 0.0203505
v -0.107024 0.310873 0.0054718
v -0.104073 0.31491 0.00756161
v -0.1043 0.304942 0.0125375
v -0.102683 0.310174 0.0106061
v -0.105301 0.306895 0.00999936
v -0.0984133 0.311059 0.0140293
v -0.0942551 0.312656 0.0160693
v -0.0977614 0.315724 0.0133547
v -0.101298 0.316784 0.00999221
v -0.10081 0.313311 0.0113461
v -0.0774028 0.287638 0.049535
v -0.0853894 0.280504 0.0475595
v -0.0855443 0.303898 0.0286801
v -0.0835461 0.307148 0.0275345
v -0.078895 0.284018 0.0504645
v -0.0885996 0.30282 0.0268377
v -0.0798651 0.287007 0.0488312
v -0.087058 0.276219 0.0495486
v -0.12323 0.229528 -0.000392959
v -0.123462 0.225532 0.00478384
v -0.124893 0.233429 0.000218213
v -0.125305 0.238352 0.00238054
v -0.127165 0.241252 0.00128137
v -0.124669 0.236137 0.00143328
v -0.123219 0.233717 0.00235407
v -0.122259 0.234343 0.00240093
v -0.123731 0.236028 0.00173569
v -0.127293 0.241218 -0.00237173
v -0.126707 0.239827 -0.000895426
v -0.128056 0.243105 -0.000729829
v -0.119478 0.231296 0.0056836
v -0.121035 0.232371 0.00402682
v -0.120557 0.229169 0.00497288
v -0.123273 0.226758 0.00491421
v -0.12347 0.223978 0.00736594
v -0.126459 0.234788 -0.00425072
v -0.128035 0.238874 -0.00687613
v -0.126944 0.235149 -0.00760508
v -0.122177 0.235671 0.00341846
v -0.121415 0.234189 0.00330107
v -0.120343 0.234373 0.00443214
v -0.125179 0.229296 -0.0042966
v -0.121932 0.230402 0.00449207
v -0.123152 0.224822 0.00700419
v -0.121166 0.225831 0.00842062
v -0.119227 0.227713 0.00634831
v -0.125534 0.237137 0.000261322
v -0.126632 0.239752 -8.43108e-05
v -0.125751 0.236116 -0.00242239
v -0.126165 0.228611 -0.0121857
v -0.125515 0.225672 -0.0166931
v -0.125499 0.21867 -0.00916959
v -0.123901 0.223371 0.00362392
v -0.125374 0.223633 -0.00548144
v -0.125981 0.231506 -0.00920928
v -0.12766 0.240326 -0.00491859
v -0.119831 0.239735 0.0101016
v -0.122769 0.242227 0.00938947
v -0.120644 0.238558 0.00886062
v -0.123373 0.22155 -0.0226876
v -0.122258 0.206778 -0.0217974
v -0.124526 0.213402 -0.0148596
v -0.125755 0.21091 0.00876117
v -0.124765 0.217297 0.00880139
v -0.124487 0.221027 0.00143188
v -0.124397 0.200122 -0.0122652
v -0.124944 0.20742 -0.00575492
v -0.122186 0.236783 0.00495657
v -0.119946 0.235618 0.00646581
v -0.121896 0.238141 0.00702146
v -0.12333 0.22908 0.00363792
v -0.119953 0.23649 0.00818294
v -0.118839 0.237324 0.00962892
v -0.123119 0.223062 0.00928989
v -0.124315 0.218643 0.0130926
v -0.125493 0.236086 8.35657e-05
v -0.1275 0.235765 -0.0137766
v -0.127154 0.23686 -0.0110718
v -0.124517 0.234291 0.00165929
v -0.120481 0.215724 -0.0299249
v -0.12103 0.191345 -0.0201446
v -0.11823 0.199111 -0.0299554
v -0.122125 0.226725 0.00621742
v -0.123007 0.231262 0.00285774
v -0.122931 0.231625 0.00320341
v -0.118888 0.233528 0.0062281
v -0.122961 0.221575 0.0126695
v -0.12535 0.212841 0.000473469
v -0.124004 0.232473 0.00180124
v -0.123735 0.230502 0.00208744
v -0.124173 0.240227 0.0061326
v -0.124332 0.23836 0.00418425
v -0.123341 0.238259 0.0055435
v -0.125851 0.212012 0.0115506
v -0.124424 0.216262 0.0226724
v -0.1248 0.23452 0.00112996
v -0.123784 0.231675 0.00258113
v -0.117068 0.230007 0.00880836
v -0.123805 0.236754 0.0028331
v -0.118545 0.230643 0.00755869
v -0.118739 0.229754 0.00647812
v -0.128296 0.24527 0.00332364
v -0.128512 0.244145 0.00073649
v -0.118927 0.23225 0.00771368
v -0.117437 0.228539 0.00762339
v -0.126003 0.241279 0.0035667
v -0.119008 0.23138 0.00854442
v -0.118626 0.22696 0.00867361
v -0.120131 0.226275 0.00952819
v -0.116131 0.208927 -0.0378711
v -0.123478 0.236878 0.00386189
v -0.122875 0.228382 0.00425337
v -0.132186 0.249424 -0.00167315
v -0.133807 0.250886 -0.00494044
v -0.130612 0.246932 -0.003362
v -0.134569 0.25278 -0.00253454
v -0.137748 0.258528 -0.0110887
v -0.136925 0.262563 -0.0135477
v -0.136029 0.257668 -0.0148128
v -0.135133 0.253207 -0.00745276
v -0.134623 0.252082 -0.00911471
v -0.133369 0.248743 -0.00807194
v -0.138088 0.266079 -0.00969794
v -0.137825 0.269721 -0.010251
v -0.137446 0.26769 -0.0131053
v -0.127689 0.269093 -0.0446952
v -0.129757 0.270696 -0.0366642
v -0.128286 0.278233 -0.0446473
v -0.132337 0.245035 -0.0117328
v -0.13215 0.2442 -0.0158996
v -0.12948 0.240694 -0.0135858
v -0.130445 0.280232 -0.024285
v -0.132345 0.26622 0.00313942
v -0.134514 0.267891 -0.000262737
v -0.13474 0.265284 0.000582695
v -0.138694 0.262725 -0.00596318
v -0.138526 0.259936 -0.00763449
v -0.136969 0.259072 -0.00326581
v -0.133215 0.277036 -0.0165032
v -0.130774 0.281847 -0.0157595
v -0.134509 0.250553 -0.0110643
v -0.13478 0.255277 -0.00112365
v -0.135943 0.255137 -0.00430289
v -0.138343 0.264603 -0.00487441
v -0.137392 0.263171 -0.00308371
v -0.138611 0.265333 -0.00672826
v -0.136366 0.254942 -0.00959297
v -0.131368 0.246956 -0.0200654
v -0.134064 0.252851 -0.0177156
v -0.131851 0.252807 -0.0227106
v -0.13711 0.256502 -0.00680658
v -0.129954 0.2408 -0.0175345
v -0.127443 0.234813 -0.0176206
v -0.135451 0.254427 -0.00600161
v -0.122735 0.231302 -0.0297058
v -0.125502 0.23445 -0.0228729
v -0.133359 0.256791 0.0025046
v -0.129973 0.255681 0.00751454
v -0.131937 0.258923 0.00507583
v -0.127086 0.246941 -0.0287821
v -0.130364 0.245549 -0.00540112
v -0.13393 0.272681 -0.00291625
v -0.136288 0.269613 -0.00379762
v -0.132657 0.270912 5.94109e-05
v -0.130942 0.257088 -0.0264316
v -0.12899 0.26056 -0.0345219
v -0.131822 0.265346 -0.0267453
v -0.132123 0.275627 -0.0250143
v -0.133544 0.276017 -0.0200184
v -0.137776 0.257696 -0.00888585
v -0.137333 0.266084 -0.0032192
v -0.124533 0.278721 0.00587673
v -0.130585 0.274967 0.000284493
v -0.128302 0.272649 0.0048738
v -0.131208 0.249486 0.00167719
v -0.129794 0.249353 0.00587317
v -0.133022 0.275493 -0.00411274
v -0.135554 0.272415 -0.0058306
v -0.135746 0.273097 -0.00839433
v -0.134537 0.275411 -0.0101807
v -0.135782 0.273414 -0.011272
v -0.128805 0.280447 -0.00167724
v -0.134902 0.260843 0.000909895
v -0.129256 0.246674 -4.34369e-05
v -0.12862 0.240167 -0.00988188
v -0.13021 0.243207 -0.0078302
v -0.137243 0.270939 -0.00762749
v -0.124626 0.254193 -0.044482
v -0.122575 0.239605 -0.0370286
v -0.135492 0.263655 -7.8395e-05
v -0.131795 0.262821 0.00496352
v -0.138597 0.263018 -0.0091573
v -0.128515 0.285083 -0.00876933
v -0.138347 0.26796 -0.00675878
v -0.130847 0.268936 0.00375096
v -0.13462 0.272435 -0.0201579
v -0.133044 0.270598 -0.0237474
v -0.130807 0.253115 0.0067126
v -0.119282 0.235986 -0.0450787
v -0.116004 0.232281 -0.0513027
v -0.129336 0.277143 -0.037368
v -0.13104 0.273055 -0.0299219
v -0.128257 0.241557 -0.0216557
v -0.135965 0.253543 -0.0132973
v -0.133736 0.248946 -0.0150249
v -0.134399 0.259004 -0.0198956
v -0.135584 0.267317 -0.0183417
v -0.129309 0.245773 -0.0018304
v -0.136058 0.271952 -0.0154537
v -0.133495 0.276753 -0.0129361
v -0.132974 0.277899 -0.0116033
v -0.132155 0.279257 -0.0100398
v -0.133801 0.276863 -0.00965826
v -0.13419 0.275699 -0.00774306
v -0.129703 0.266494 0.00705898
v -0.125901 0.286472 -0.00213832
v -0.124903 0.28384 0.00203075
v -0.129804 0.279569 -0.0324248
v -0.131502 0.279177 -0.00630938
v -0.119343 0.225448 -0.0375696
v -0.132635 0.252829 0.00274421
v -0.133218 0.252411 -0.000451818
v -0.126842 0.269649 0.00934556
v -0.120413 0.247885 0.0200167
v -0.118087 0.246571 0.02316
v -0.120061 0.248851 0.0233516
v -0.118503 0.282983 0.0103918
v -0.120545 0.276608 0.0127597
v -0.118013 0.276024 0.0157774
v -0.117088 0.279508 0.0140816
v -0.110806 0.241992 0.0296447
v -0.110765 0.239173 0.0289481
v -0.110123 0.240463 0.0321903
v -0.123499 0.247717 0.0146153
v -0.125196 0.247826 0.0125124
v -0.12338 0.2458 0.0121008
v -0.128024 0.250822 0.00958037
v -0.110859 0.239267 0.02518
v -0.115657 0.253923 0.0305042
v -0.116523 0.254243 0.0296368
v -0.11622 0.252248 0.0295109
v -0.117869 0.253918 0.0287223
v -0.118787 0.252693 0.0273114
v -0.114304 0.253521 0.0320881
v -0.126795 0.246514 0.00721087
v -0.127277 0.248531 0.00814526
v -0.114673 0.243308 0.0209182
v -0.115149 0.242409 0.0178144
v -0.113211 0.241463 0.0210861
v -0.110789 0.240743 0.0264666
v -0.111563 0.240966 0.0236411
v -0.124805 0.251433 0.0175597
v -0.127155 0.253478 0.0125271
v -0.125213 0.250131 0.0146196
v -0.120087 0.241367 0.0120484
v -0.126299 0.24982 0.0120929
v -0.120284 0.253252 0.0259319
v -0.11873 0.255476 0.0272293
v -0.12179 0.253458 0.0238791
v -0.120216 0.254482 0.0252453
v -0.115883 0.255029 0.0309076
v -0.117154 0.255225 0.0291523
v -0.11092 0.248191 0.0349331
v -0.109959 0.249599 0.0369673
v -0.11216 0.251184 0.0342354
v -0.125804 0.267081 0.0129968
v -0.123954 0.269832 0.0139044
v -0.125443 0.254492 0.017071
v -0.120721 0.256044 0.0247831
v -0.121905 0.255848 0.023172
v -0.116304 0.256546 0.0301082
v -0.114464 0.25612 0.0326894
v -0.111954 0.254324 0.0349806
v -0.109839 0.252174 0.0373968
v -0.121312 0.258772 0.0231052
v -0.125191 0.264481 0.0150448
v -0.123585 0.266839 0.0164767
v -0.128294 0.260779 0.0109102
v -0.127439 0.264326 0.01113
v -0.119616 0.258761 0.0262397
v -0.121448 0.244854 0.0138344
v -0.12175 0.247801 0.0167294
v -0.112486 0.258417 0.0349439
v -0.109666 0.255762 0.0376613
v -0.119915 0.273028 0.0167423
v -0.122195 0.272787 0.0146845
v -0.11309 0.239907 0.0195149
v -0.117097 0.258643 0.0290215
v -0.115185 0.258209 0.0319414
v -0.115726 0.246631 0.0254934
v -0.115475 0.24479 0.0229596
v -0.113751 0.244744 0.0256202
v -0.124311 0.273455 0.0105031
v -0.110838 0.243553 0.0320481
v -0.11166 0.243844 0.0294062
v -0.117739 0.261578 0.02758
v -0.114774 0.261111 0.0316217
v -0.121981 0.269822 0.0173969
v -0.129574 0.258119 0.00935704
v -0.109424 0.258443 0.0374296
v -0.11736 0.273734 0.0189063
v -0.115935 0.27837 0.0170602
v -0.11843 0.263868 0.0258112
v -0.117315 0.26377 0.0273501
v -0.116797 0.266404 0.0263265
v -0.127255 0.266954 0.0101898
v -0.122538 0.254506 0.0220187
v -0.123816 0.254719 0.0200431
v -0.123047 0.25309 0.0215666
v -0.119253 0.269555 0.0195612
v -0.11555 0.264414 0.0293587
v -0.121289 0.262528 0.0213298
v -0.121568 0.266122 0.0195746
v -0.123985 0.262773 0.0184681
v -0.119196 0.265795 0.0229424
v -0.119817 0.261865 0.0245048
v -0.124624 0.25807 0.0183363
v -0.126693 0.257537 0.0139079
v -0.112198 0.262384 0.0345924
v -0.109764 0.261734 0.0371845
v -0.109815 0.246077 0.0357883
v -0.111305 0.246241 0.0332053
v -0.109703 0.243982 0.0350367
v -0.113085 0.265153 0.0324964
v -0.129002 0.253151 0.00950167
v -0.12606 0.247901 0.00996685
v -0.107638 0.259794 0.0397855
v -0.113523 0.268625 0.0294382
v -0.118154 0.242126 0.0146009
v -0.117333 0.248829 0.0264668
v -0.114891 0.247294 0.0282784
v -0.114318 0.248945 0.0309554
v -0.110584 0.264953 0.0352569
v -0.108348 0.265865 0.0373917
v -0.106884 0.263135 0.039524
v -0.11875 0.245059 0.017048
v -0.114837 0.269578 0.0264685
v -0.11672 0.270678 0.0233169
v -0.109657 0.269806 0.0337683
v -0.11455 0.276654 0.0213932
v -0.122814 0.249495 0.0186262
v -0.110747 0.24116 0.027976
v -0.117216 0.245029 0.0201035
v -0.114254 0.251343 0.0319448
v -0.112847 0.273417 0.0265423
v -0.111645 0.271387 0.0300198
v -0.109976 0.273733 0.0302896
v -0.122845 0.259761 0.0205728
v -0.1066 0.26886 0.037532
v -0.105202 0.272337 0.0366252
v -0.126152 0.261245 0.0145209
v -0.113907 0.28084 0.0185361
v -0.112208 0.240225 0.0214933
v -0.122479 0.250834 0.0212966
v -0.123701 0.252796 0.0195576
v -0.12378 0.249573 0.0164302
v -0.112773 0.246027 0.0300356
v -0.116377 0.250271 0.0285216
v -0.117711 0.250956 0.0272042
v -0.111511 0.242937 0.0267329
v -0.113298 0.242944 0.0232677
v -0.123004 0.256676 0.0212503
v -0.125845 0.243238 0.00621732
v -0.125301 0.244514 0.00845933
v -0.113761 0.246152 0.0273825
v -0.120176 0.251097 0.0252173
v -0.109483 0.241566 0.0344292
v -0.110388 0.238287 0.0323785
v -0.109364 0.23843 0.0349041
v -0.125865 0.245875 0.00894693
v -0.125057 0.245504 0.010474
v -0.112684 0.244839 0.0278568
v -0.108488 0.257331 0.0386229
v -0.105011 0.266204 0.039992
v -0.0497961 0.315958 0.0385102
v -0.0548672 0.315706 0.0378235
v -0.0536282 0.311184 0.0418576
v -0.0571655 0.312176 0.0400622
v -0.0603152 0.311184 0.0396777
v -0.0605978 0.316383 0.0354256
v -0.0652294 0.313566 0.0358359
v -0.0484786 0.310049 0.0431271
v -0.057742 0.308011 0.0428537
v -0.0632053 0.30625 0.0418741
v -0.0545428 0.305462 0.0453903
v -0.0682603 0.308369 0.0382965
v -0.0680197 0.302429 0.0428471
v -0.0521207 0.303675 0.0466886
v -0.0485959 0.304744 0.0461525
v -0.059414 0.302403 0.0459426
v -0.0642862 0.30004 0.0460496
v -0.070079 0.314006 0.0334986
v -0.0723499 0.309646 0.0352882
v -0.0688729 0.318304 0.0308573
v -0.0722151 0.318366 0.0288537
v -0.0732265 0.314168 0.0315797
v -0.0755486 0.31695 0.0276102
v -0.0785751 0.326303 0.0228972
v -0.0768414 0.324842 0.0240802
v -0.0785198 0.327875 0.0230516
v -0.0746393 0.321372 0.0259024
v -0.0748819 0.324419 0.025668
v -0.0759307 0.327375 0.0246691
v -0.0735267 0.325591 0.0266442
v -0.0728119 0.322293 0.0270822
v -0.0709219 0.320755 0.0281403
v -0.0714443 0.323529 0.0274663
v -0.0703427 0.326438 0.0269687
v -0.0692351 0.322004 0.0286722
v -0.0671971 0.323188 0.0285934
v -0.0653985 0.325685 0.027134
v -0.0658178 0.319321 0.0315504
v -0.0628619 0.321693 0.0305051
v -0.0618241 0.324248 0.028593
v -0.0570804 0.325139 0.0290647
v -0.0588237 0.328 0.026868
v -0.0615161 0.326879 0.0270571
v -0.0599436 0.322862 0.0303072
v -0.0570671 0.320361 0.0332766
v -0.0525036 0.322839 0.0322354
v -0.0494449 0.328348 0.0285781
v -0.0522777 0.319233 0.0353288
v -0.0470874 0.321779 0.0340284
v -0.0305487 0.313914 0.0395298
v -0.0350457 0.317181 0.0374697
v -0.0350995 0.312666 0.0403113
v -0.0247898 0.322614 0.0367752
v -0.0259343 0.319876 0.0373582
v -0.0227215 0.321376 0.0379417
v -0.0289156 0.317185 0.0380198
v -0.0266852 0.314432 0.039482
v -0.0239223 0.316556 0.0389408
v -0.0338473 0.32147 0.0350022
v -0.0304299 0.320269 0.0361711
v -0.0305316 0.323504 0.0346305
v -0.0352362 0.324299 0.033354
v -0.0258645 0.325571 0.0356432
v -0.0276141 0.322491 0.0359732
v -0.0435981 0.326795 0.0308336
v -0.0212419 0.323899 0.0378042
v -0.0224331 0.319173 0.0384834
v -0.0192809 0.320633 0.0391719
v -0.04452 0.307438 0.0444627
v -0.0260889 0.311323 0.0406608
v -0.0403141 0.307971 0.0436733
v -0.0363709 0.309252 0.0426117
v -0.0405133 0.312051 0.0408929
v -0.0380105 0.32834 0.0307897
v -0.0406444 0.32347 0.0333974
v -0.0416062 0.305078 0.0454408
v -0.0429537 0.317492 0.0373388
v -0.023444 0.31358 0.0400296
v -0.0374629 0.320823 0.0352266
v -0.0313076 0.327731 0.0327526
v -0.0330265 0.306121 0.0443865
v -0.0371344 0.304565 0.0457697
v -0.0310242 0.309617 0.0418048
v -0.0266581 0.307923 0.0422648
v -0.0283292 0.304913 0.0443332
v -0.0203053 0.317314 0.0389475
v -0.0198725 0.313981 0.0397891
v -0.0226894 0.308316 0.0415911
v -0.0217334 0.3112 0.0405141
v -0.016818 0.316794 0.0399272
v -0.015732 0.32471 0.0396375
v -0.0141387 0.31971 0.0407461
v -0.0120105 0.323325 0.0409557
v -0.0109929 0.326711 0.0407455
v -0.0945731 0.125162 0.0553663
v -0.0932503 0.12359 0.0556918
v -0.093126 0.12585 0.0563209
v -0.0838269 0.120795 0.0571567
v -0.0840606 0.123234 0.0575688
v -0.0857623 0.121725 0.0575567
v -0.0715443 0.120317 0.0572005
v -0.0734315 0.12228 0.0581073
v -0.0742649 0.120299 0.0574098
v -0.0556989 0.122537 0.0515523
v -0.057825 0.121363 0.0516566
v -0.0560185 0.121439 0.0511101
v -0.0655134 0.117457 0.0534874
v -0.0632326 0.118799 0.053032
v -0.0649194 0.119158 0.0542861
v -0.0697121 0.118838 0.0565611
v -0.0687133 0.120414 0.0567195
v -0.0663311 0.118916 0.0545185
v -0.0772358 0.122942 0.0586973
v -0.0789018 0.119973 0.0578813
v -0.0760954 0.120857 0.057795
v -0.0810732 0.121397 0.0578166
v -0.0827867 0.12186 0.0573193
v -0.0860583 0.119024 0.057494
v -0.0884256 0.122825 0.0572162
v -0.0736296 0.119379 0.0567023
v -0.0640221 0.115179 0.0506206
v -0.0720158 0.118426 0.0562516
v -0.0672595 0.117264 0.0544454
v -0.0762575 0.119197 0.0566975
v -0.0899344 0.120047 0.0567519
v -0.0822028 0.118745 0.0574904
v -0.0925556 0.109877 0.0488611
v -0.0937625 0.111871 0.0486385
v -0.0929518 0.110775 0.0463364
v -0.0678504 0.115412 0.0531804
v -0.0698286 0.116706 0.0553978
v -0.092882 0.109528 0.0429597
v -0.0899366 0.107685 0.0458418
v -0.079386 0.117872 0.0565197
v -0.0921121 0.121841 0.0565718
v -0.0923778 0.120372 0.0566862
v -0.0837706 0.116238 0.0573797
v -0.0744194 0.118261 0.0557699
v -0.0687743 0.112362 0.0507025
v -0.0759293 0.113481 0.0540572
v -0.0724601 0.114611 0.054368
v -0.0753382 0.115208 0.0546229
v -0.073222 0.116666 0.0554766
v -0.0817305 0.11684 0.0566733
v -0.0865619 0.115688 0.0565076
v -0.0643586 0.112009 0.0479993
v -0.0699266 0.114864 0.0540797
v -0.0768286 0.11718 0.0551734
v -0.0703952 0.11385 0.052981
v -0.0730442 0.112321 0.0525305
v -0.0566001 0.119476 0.0497776
v -0.0603018 0.118711 0.0511403
v -0.0800075 0.115632 0.0557029
v -0.0822149 0.115159 0.0561976
v -0.0836757 0.113284 0.0553805
v -0.0682459 0.109034 0.0470702
v -0.0635943 0.108715 0.0451096
v -0.0906869 0.113594 0.0545556
v -0.0877293 0.113008 0.0551438
v -0.0896374 0.115826 0.0562566
v -0.0814332 0.114339 0.0551311
v -0.0736759 0.109582 0.0502295
v -0.0716911 0.107052 0.0457915
v -0.0770631 0.110979 0.0529915
v -0.0780705 0.114619 0.0547758
v -0.0930322 0.116724 0.0553332
v -0.0894424 0.111026 0.0538078
v -0.0797568 0.11285 0.0545471
v -0.0663745 0.105493 0.0422376
v -0.0779341 0.107528 0.0477919
v -0.0781837 0.109423 0.0512916
v -0.0800393 0.114374 0.054907
v -0.0929083 0.114397 0.0532888
v -0.0915352 0.11179 0.0529994
v -0.0857372 0.109301 0.0532157
v -0.0812569 0.110606 0.0536048
v -0.0905608 0.109007 0.0513467
v -0.0950194 0.11269 0.0467988
v -0.0815177 0.108596 0.0515297
v -0.0936881 0.11247 0.0512308
v -0.0868993 0.107241 0.0492856
v -0.0831339 0.107439 0.0496228
v -0.0949141 0.115677 0.0523588
v -0.066437 0.1211 0.0552692
v -0.0678283 0.118941 0.055616
v -0.0958085 0.125759 0.0549243
v -0.0964468 0.127275 0.0544631
v -0.0969251 0.125779 0.054429
v -0.0969534 0.115161 0.0467674
v -0.0954194 0.113828 0.0489987
v -0.086364 0.123984 0.0573691
v -0.0884939 0.12546 0.0573656
v -0.0843506 0.104797 0.0372989
v -0.0900144 0.107946 0.0392832
v -0.0870416 0.106552 0.0318367
v -0.0965986 0.113557 0.0444157
v -0.094898 0.111311 0.0441682
v -0.0798545 0.102011 0.0278113
v -0.0819572 0.101643 0.0225286
v -0.0870279 0.106197 0.0419158
v -0.0611947 0.121802 0.0529964
v -0.0640911 0.120867 0.054049
v -0.0641781 0.123037 0.0543348
v -0.0955548 0.112508 0.0417615
v -0.0945061 0.110799 0.0419883
v -0.0850508 0.12582 0.057369
v -0.0820187 0.12601 0.0575118
v -0.0838658 0.127856 0.0571174
v -0.101292 0.122629 0.0465237
v -0.0986908 0.118677 0.0459007
v -0.0987495 0.119937 0.0485718
v -0.0858761 0.103737 0.0250666
v -0.0968743 0.116754 0.0485355
v -0.0971245 0.117491 0.0496491
v -0.057344 0.12387 0.0525178
v -0.100631 0.124332 0.0489093
v -0.0976375 0.12129 0.0509408
v -0.098793 0.124805 0.0502903
v -0.0986657 0.121642 0.0498499
v -0.0935721 0.110955 0.0397808
v -0.0931638 0.110815 0.0342824
v -0.0956481 0.113361 0.0384895
v -0.0966072 0.11176 0.027957
v -0.093609 0.109529 0.0223597
v -0.0912123 0.107706 0.0270769
v -0.0976224 0.133083 0.0511747
v -0.0960357 0.131737 0.0528464
v -0.0957926 0.133793 0.0518742
v -0.0914685 0.130487 0.0555049
v -0.0930502 0.131913 0.0545484
v -0.0943926 0.130953 0.0546385
v -0.0977951 0.114644 0.0413226
v -0.0992438 0.115642 0.035951
v -0.0896309 0.105561 0.0208157
v -0.0694994 0.122671 0.0569338
v -0.0713864 0.124743 0.0582085
v -0.0989642 0.127293 0.0520096
v -0.0989331 0.130622 0.0509641
v -0.10059 0.1287 0.0503167
v -0.0846608 0.10285 0.0188762
v -0.0882754 0.104972 0.015563
v -0.0869221 0.126284 0.0574379
v -0.0946134 0.135327 0.051773
v -0.0937942 0.133107 0.0530597
v -0.100399 0.117694 0.041927
v -0.0620926 0.112857 0.0474242
v -0.0610141 0.111637 0.046018
v -0.092234 0.108647 0.0167476
v -0.102154 0.121743 0.0432888
v -0.0863335 0.128056 0.0567022
v -0.102675 0.126061 0.0468932
v -0.102416 0.128641 0.0483044
v -0.0938603 0.128698 0.0556761
v -0.0914704 0.12771 0.0563196
v -0.0882178 0.127128 0.0571387
v -0.0974374 0.1187 0.0503814
v -0.0731499 0.104346 0.0402222
v -0.101585 0.131599 0.0489869
v -0.0599352 0.108915 0.0431947
v -0.0939759 0.119884 0.0561501
v -0.0953519 0.123351 0.0550212
v -0.0956204 0.120148 0.0542401
v -0.0975952 0.123954 0.051559
v -0.0968212 0.12062 0.0525928
v -0.0913059 0.123253 0.0567016
v -0.0905264 0.125393 0.057021
v -0.0883229 0.11776 0.0567395
v -0.0950588 0.116891 0.0540332
v -0.0980514 0.116224 0.0443313
v -0.0961809 0.118917 0.0535338
v -0.0973294 0.124329 0.053387
v -0.0892831 0.128598 0.0563164
v -0.0896417 0.126967 0.0565679
v -0.0962293 0.118339 0.0515163
v -0.095998 0.117901 0.0528079
v -0.0753668 0.125103 0.0599884
v -0.0740842 0.124169 0.0591133
v -0.0826899 0.105811 0.0439937
v -0.0779563 0.103179 0.0357893
v -0.0936801 0.121827 0.0562575
v -0.0962467 0.115643 0.0506461
v -0.0915256 0.118379 0.0564127
v -0.0950054 0.126983 0.054973
v -0.091751 0.132599 0.0541287
v -0.079379 0.12543 0.0584339
v -0.0797492 0.12342 0.0584206
v -0.0783283 0.124319 0.0585052
v -0.0897264 0.117866 0.056634
v -0.0975711 0.127579 0.0534773
v -0.0610953 0.113489 0.0472382
v -0.0588435 0.11548 0.0476635
v -0.0621569 0.113881 0.0480505
v -0.0771989 0.125406 0.0591613
v -0.0647765 0.102176 0.0341255
v -0.0668553 0.124337 0.0555106
v -0.0646519 0.125482 0.0550025
v -0.0958921 0.129084 0.0538709
v -0.0617226 0.106628 0.0416527
v -0.0597024 0.124141 0.0533731
v -0.0619669 0.125088 0.0541497
v -0.0817438 0.123403 0.0577842
v -0.0974159 0.130023 0.0521513
v -0.0586092 0.125989 0.0540756
v -0.0997786 0.133246 0.0499967
v -0.0877868 0.130461 0.0555642
v -0.0731083 0.12645 0.0597528
v -0.068854 0.125369 0.0569232
v -0.102745 0.239946 0.0396501
v -0.101049 0.237927 0.0405237
v -0.101317 0.2399 0.0403726
v -0.100082 0.241898 0.0417526
v -0.100785 0.240963 0.0409255
v -0.097862 0.239308 0.0415494
v -0.0986511 0.249432 0.049814
v -0.0965115 0.248395 0.0503374
v -0.096496 0.249945 0.051349
v -0.0965225 0.260203 0.051263
v -0.0944336 0.258144 0.0535785
v -0.0929923 0.262616 0.0524538
v -0.0924049 0.277506 0.0446502
v -0.0989717 0.254349 0.0513891
v -0.101406 0.254672 0.0486369
v -0.100456 0.252616 0.0497798
v -0.101242 0.27295 0.0397881
v -0.0984024 0.251397 0.0514829
v -0.0959719 0.25048 0.0532214
v -0.108763 0.247517 0.0377812
v -0.107385 0.244261 0.0378481
v -0.107982 0.253553 0.0403157
v -0.107608 0.256722 0.0402643
v -0.10299 0.248743 0.0451051
v -0.103205 0.246623 0.0427832
v -0.0998787 0.246267 0.0454819
v -0.103815 0.262532 0.042775
v -0.0919745 0.275211 0.0470116
v -0.0965278 0.268405 0.0471888
v -0.101024 0.268378 0.0425211
v -0.106044 0.258583 0.0423058
v -0.0968322 0.256175 0.0528644
v -0.0983573 0.247643 0.04799
v -0.0978366 0.24591 0.0473139
v -0.10405 0.251347 0.0452054
v -0.102721 0.25027 0.0470256
v -0.0947589 0.24852 0.0530096
v -0.101034 0.248849 0.0473609
v -0.0976178 0.244856 0.0464091
v -0.10398 0.242385 0.0395613
v -0.104068 0.241091 0.0393002
v -0.102651 0.241544 0.0398071
v -0.106123 0.246882 0.0403732
v -0.105069 0.249413 0.0426794
v -0.107838 0.250186 0.0401668
v -0.0902209 0.267546 0.052329
v -0.0919578 0.271368 0.0497337
v -0.094605 0.265605 0.0503204
v -0.0945562 0.250129 0.0548394
v -0.0960232 0.246598 0.0492031
v -0.0984388 0.25724 0.050869
v -0.0831032 0.231039 0.0435591
v -0.0816208 0.228186 0.0449538
v -0.0811753 0.231996 0.0448463
v -0.103795 0.258425 0.0446667
v -0.105849 0.252403 0.0428802
v -0.0886776 0.245857 0.0528158
v -0.0862974 0.243499 0.0510171
v -0.0857789 0.245309 0.0538808
v -0.0994202 0.259333 0.0490696
v -0.101277 0.261001 0.0465481
v -0.101771 0.257424 0.0475172
v -0.0953223 0.244553 0.0482734
v -0.0969409 0.243476 0.0450625
v -0.0981554 0.263266 0.048565
v -0.100775 0.250692 0.0489556
v -0.0949986 0.246992 0.0514081
v -0.092191 0.250097 0.0555686
v -0.0916209 0.249204 0.0549167
v -0.0904229 0.248314 0.0549574
v -0.107017 0.240973 0.0375316
v -0.105361 0.242118 0.038906
v -0.102336 0.252394 0.0477267
v -0.0973784 0.24134 0.0428392
v -0.100241 0.243918 0.0430422
v -0.103395 0.243622 0.0405182
v -0.107139 0.237027 0.0379848
v -0.108123 0.23999 0.0360542
v -0.0925855 0.248383 0.0543354
v -0.0932942 0.246836 0.0527262
v -0.0934714 0.24777 0.0536269
v -0.0814668 0.219557 0.0453116
v -0.0844843 0.217642 0.0450945
v -0.0825177 0.216207 0.0456186
v -0.108303 0.233576 0.0403581
v -0.110671 0.232308 0.0398856
v -0.109652 0.231068 0.042952
v -0.10401 0.239862 0.039606
v -0.103555 0.238561 0.0397537
v -0.105157 0.239633 0.038791
v -0.105883 0.255816 0.0427886
v -0.0951272 0.238668 0.0422645
v -0.0939592 0.240666 0.0440944
v -0.110969 0.233515 0.036178
v -0.0942312 0.245845 0.0504161
v -0.0893582 0.22391 0.0425743
v -0.0866001 0.222893 0.0425489
v -0.0869356 0.225142 0.0416093
v -0.100153 0.25653 0.049363
v -0.0852694 0.262531 0.0558341
v -0.0891558 0.263063 0.053801
v -0.0878397 0.260443 0.0551248
v -0.103794 0.269709 0.0394296
v -0.0997245 0.239049 0.0408419
v -0.100048 0.264656 0.0458089
v -0.0923248 0.242566 0.0471529
v -0.0906252 0.240121 0.0450075
v -0.0877953 0.27198 0.0518967
v -0.0918632 0.244872 0.0507087
v -0.108457 0.242178 0.0360879
v -0.0956356 0.236914 0.0415323
v -0.0905979 0.210185 0.0476261
v -0.0918901 0.212821 0.0474512
v -0.0940743 0.210939 0.0485523
v -0.0945142 0.214198 0.0476886
v -0.103868 0.254675 0.0456778
v -0.107311 0.232679 0.0420217
v -0.097945 0.236628 0.0412636
v -0.0985594 0.230208 0.0427409
v -0.0991543 0.225551 0.0443639
v -0.0944442 0.226754 0.042462
v -0.0920138 0.238124 0.042714
v -0.0877363 0.241838 0.0477075
v -0.0891967 0.243745 0.0499083
v -0.0911806 0.246731 0.0533129
v -0.0943298 0.272486 0.046827
v -0.0914204 0.215572 0.0464326
v -0.0953755 0.217571 0.0458873
v -0.096141 0.219559 0.0452663
v -0.0975401 0.218344 0.0462712
v -0.0949033 0.222488 0.0440772
v -0.0911347 0.221241 0.0439907
v -0.0931549 0.218503 0.0450894
v -0.0894558 0.218395 0.0451399
v -0.0914598 0.225665 0.0421511
v -0.0920947 0.223936 0.0429986
v -0.0940407 0.21626 0.0463723
v -0.0996043 0.21763 0.0480878
v -0.10014 0.220532 0.0466711
v -0.0873207 0.220728 0.0436795
v -0.098033 0.215131 0.0487988
v -0.0963123 0.216289 0.0470855
v -0.102437 0.228131 0.0447446
v -0.089127 0.213246 0.0468796
v -0.102704 0.225487 0.0457288
v -0.10099 0.223318 0.0457451
v -0.106126 0.226127 0.0470457
v -0.103742 0.223051 0.0473651
v -0.08569 0.213984 0.0464638
v -0.0879785 0.211263 0.0470122
v -0.0852287 0.210717 0.047172
v -0.0984119 0.221913 0.0451653
v -0.098019 0.219851 0.0458827
v -0.0823528 0.213201 0.0470222
v -0.0877543 0.216192 0.0459814
v -0.086771 0.218448 0.0448823
v -0.0851436 0.219573 0.0438974
v -0.0879319 0.208755 0.0476084
v -0.0900489 0.227833 0.0416074
v -0.103202 0.219841 0.049008
v -0.105185 0.236406 0.0395651
v -0.104897 0.23762 0.0393268
v -0.0839268 0.242431 0.0520496
v -0.084809 0.243875 0.052972
v -0.10568 0.23468 0.0406723
v -0.103329 0.236234 0.0404101
v -0.0825855 0.221609 0.0439466
v -0.0844881 0.221744 0.0431508
v -0.0833009 0.21987 0.0438288
v -0.0872321 0.248025 0.0557591
v -0.109531 0.234613 0.0384123
v -0.109628 0.235987 0.0364278
v -0.0851121 0.238125 0.0463247
v -0.0851368 0.240163 0.0475468
v -0.0872758 0.239429 0.0454672
v -0.0874039 0.269882 0.0528683
v -0.082745 0.276471 0.0520649
v -0.0854459 0.274011 0.0519097
v -0.083349 0.226068 0.0427459
v -0.0838872 0.228325 0.0423295
v -0.0945617 0.230774 0.0414466
v -0.0917816 0.231401 0.0411315
v -0.0943822 0.234139 0.0409885
v -0.0940276 0.251908 0.0554983
v -0.0924615 0.252522 0.0563468
v -0.0919174 0.255723 0.0553053
v -0.0943495 0.25446 0.0547407
v -0.0845371 0.271773 0.0532516
v -0.0864894 0.227853 0.041369
v -0.085048 0.226119 0.0416513
v -0.0866401 0.267799 0.0536068
v -0.0821795 0.267721 0.0553102
v -0.082703 0.239548 0.0497502
v -0.084033 0.238576 0.0480406
v -0.112778 0.231098 0.0381289
v -0.114141 0.228819 0.0404043
v -0.112512 0.229802 0.0424903
v -0.0860362 0.265469 0.0545073
v -0.0929235 0.236081 0.0414032
v -0.0802357 0.232928 0.0463926
v -0.0813681 0.234811 0.0456268
v -0.111743 0.22838 0.0455417
v -0.108896 0.229344 0.0452791
v -0.0919251 0.259527 0.0539959
v -0.0865276 0.257687 0.0568859
v -0.0896263 0.258606 0.055017
v -0.1074 0.228398 0.0460312
v -0.110003 0.226653 0.0478393
v -0.0891406 0.237681 0.0438904
v -0.0827235 0.233472 0.0443123
v -0.0964304 0.252549 0.0539523
v -0.0888357 0.254881 0.0570695
v -0.0845673 0.246532 0.0558561
v -0.0826927 0.240943 0.0519136
v -0.0832812 0.241269 0.0507355
v -0.0903147 0.252886 0.0570911
v -0.0867365 0.237447 0.0446906
v -0.084479 0.235461 0.0448052
v -0.0847682 0.22421 0.042407
v -0.087487 0.2513 0.0578795
v -0.106463 0.230414 0.0444487
v -0.0792736 0.233943 0.0486523
v -0.0803211 0.235791 0.0478418
v -0.0800148 0.234241 0.0469745
v -0.0899818 0.250469 0.0565717
v -0.100244 0.232981 0.0423593
v -0.0975481 0.233512 0.0416293
v -0.100433 0.235388 0.0412819
v -0.0825895 0.22412 0.0441021
v -0.105679 0.232466 0.0426785
v -0.104393 0.231493 0.0435805
v -0.104839 0.229403 0.0449447
v -0.102248 0.2313 0.0436066
v -0.107621 0.231135 0.0435403
v -0.102851 0.233622 0.0419809
v -0.0836408 0.243902 0.0546159
v -0.0826534 0.237268 0.0473377
v -0.0859423 0.254102 0.0586359
v -0.084516 0.241798 0.0495509
v -0.0911339 0.233306 0.0414508
v -0.0901966 0.2355 0.0424403
v -0.0819134 0.222265 0.0448308
v -0.0892432 0.230836 0.0412588
v -0.0881293 0.232739 0.042134
v -0.0875788 0.235188 0.0437639
v -0.0877102 0.229456 0.0414815
v -0.0875019 0.230813 0.0415203
v -0.0857941 0.230736 0.0424073
v -0.0843948 0.232906 0.0437248
v -0.0859405 0.233571 0.0432944
v -0.0800266 0.233249 0.0476033
v -0.0809417 0.237454 0.0493663
v -0.0795771 0.230701 0.046518
v 0.0148278 0.135014 0.0226125
v 0.0120843 0.132372 0.0233431
v 0.0149917 0.131267 0.0213535
v 0.0153543 0.122701 0.0191282
v 0.0166346 0.119605 0.0185134
v 0.0193765 0.123579 0.0173694
v 0.0133479 0.137164 0.0244901
v 0.0176442 0.138926 0.021803
v 0.0132766 0.140074 0.0260183
v 0.011619 0.12245 0.0200255
v 0.0135793 0.12512 0.0203475
v 0.0170851 0.12954 0.0196809
v 0.0144375 0.128055 0.0207735
v 0.0168675 0.126109 0.0193015
v 0.0118279 0.129679 0.0224536
v 0.0186976 0.133091 0.0194773
v 0.0181969 0.136174 0.020484
v 0.0135541 0.120286 0.019632
v 0.0106207 0.125029 0.0210994
v 0.0119197 0.126978 0.0213921
v 0.00805408 0.127377 0.0228042
v 0.0187538 0.142804 0.0225083
v -0.111983 0.167675 0.0458862
v -0.110644 0.166933 0.047219
v -0.113381 0.169361 0.0471827
v -0.114846 0.171658 0.0469339
v -0.114344 0.172354 0.0485398
v -0.114671 0.173395 0.0474011
v -0.109548 0.140792 0.042391
v -0.106736 0.141165 0.0458458
v -0.110125 0.145038 0.0429843
v -0.121269 0.168315 0.0348173
v -0.122342 0.171176 0.0343493
v -0.122156 0.170007 0.032164
v -0.117517 0.161188 0.0369673
v -0.116306 0.158229 0.0372697
v -0.117594 0.163422 0.0375713
v -0.101357 0.11646 0.0285185
v -0.0972726 0.114229 0.0198786
v -0.114648 0.170263 0.0459345
v -0.111471 0.166113 0.0447459
v -0.113252 0.1672 0.0433408
v -0.1123 0.164618 0.0428378
v -0.114805 0.162535 0.0397318
v -0.113723 0.157603 0.0391777
v -0.112874 0.160086 0.0406878
v -0.121558 0.167166 0.0338102
v -0.123316 0.163816 0.0017415
v -0.123835 0.153053 0.00527635
v -0.126091 0.16259 0.0144771
v -0.104149 0.125122 0.0445563
v -0.111 0.161237 0.0422252
v -0.113385 0.162965 0.0414325
v -0.115589 0.147022 0.0230333
v -0.115991 0.151671 0.0291889
v -0.11743 0.153934 0.0230389
v -0.103343 0.168353 0.0556558
v -0.105446 0.171012 0.0553438
v -0.106026 0.168426 0.0539609
v -0.114474 0.16636 0.0411702
v -0.11656 0.170467 0.0414989
v -0.116892 0.166396 0.0391501
v -0.100622 0.146476 0.0560464
v -0.101868 0.144515 0.0552337
v -0.0998839 0.144154 0.0550738
v -0.103105 0.119071 0.0234167
v -0.0958842 0.139446 0.0510837
v -0.0936713 0.138206 0.051366
v -0.0946236 0.139345 0.0510538
v -0.116061 0.156097 0.0341748
v -0.118517 0.158187 0.0292473
v -0.0872335 0.108324 -0.00672598
v -0.0877707 0.111162 -0.0104166
v -0.0851244 0.105587 -0.0129212
v -0.0910346 0.107617 -0.000129029
v -0.0933397 0.106964 0.00656883
v -0.0966331 0.112929 0.00686914
v -0.122953 0.160454 0.0240165
v -0.122073 0.163853 0.0302423
v -0.125174 0.172866 0.0267616
v -0.0963874 0.162239 0.0519191
v -0.0968294 0.162851 0.0534892
v -0.0998673 0.164205 0.0529762
v -0.119897 0.153418 -0.00685413
v -0.116491 0.144798 -0.0016399
v -0.105177 0.150742 -0.0293193
v -0.113394 0.141597 0.0173761
v -0.114958 0.148114 0.0160764
v -0.115712 0.173936 0.0463891
v -0.116803 0.158643 0.0364383
v -0.117814 0.160976 0.0345732
v -0.106912 0.147057 0.0489725
v -0.107039 0.146116 0.0483531
v -0.106034 0.145943 0.0506437
v -0.0950075 0.110447 0.0120313
v -0.122734 0.173766 0.0353459
v -0.12301 0.175336 0.0338806
v -0.122331 0.172812 0.0320346
v -0.0892781 0.175874 0.0541371
v -0.0884631 0.174137 0.0550892
v -0.0873223 0.175656 0.0552508
v -0.0907148 0.12103 -0.0374452
v -0.0851673 0.10923 -0.036327
v -0.0895012 0.119203 -0.0276482
v -0.085662 0.101884 -0.00748433
v -0.110883 0.15617 0.0417276
v -0.111815 0.154762 0.0404988
v -0.109383 0.15421 0.043039
v -0.0816262 0.097316 -0.0404246
v -0.0791097 0.0918726 -0.0318615
v -0.0820111 0.101432 -0.0305151
v -0.105937 0.142907 0.0488927
v -0.105453 0.144011 0.0490911
v -0.106637 0.144988 0.0476793
v -0.104622 0.141058 0.0486834
v -0.103701 0.141615 0.0510937
v -0.11377 0.168432 0.043981
v -0.114324 0.169205 0.0429769
v -0.103262 0.119255 0.0338621
v -0.102941 0.12037 0.0388067
v -0.114119 0.151595 0.0396123
v -0.114234 0.148542 0.0341441
v -0.112022 0.143822 0.038328
v -0.0910589 0.168835 0.0571791
v -0.0884169 0.167625 0.0586065
v -0.0888519 0.170287 0.0569701
v -0.121493 0.171222 0.0368197
v -0.121412 0.173501 0.0372991
v -0.121976 0.172009 0.0359272
v -0.105879 0.129363 0.00182942
v -0.108464 0.136701 -0.00596313
v -0.100309 0.129505 -0.00885442
v -0.090685 0.105555 0.0111016
v -0.10484 0.1213 0.0297346
v -0.105596 0.123378 0.0355195
v -0.110395 0.138905 0.0393862
v -0.109148 0.136411 0.0422893
v -0.0938708 0.171943 0.0559872
v -0.0960758 0.171228 0.0567989
v -0.0935476 0.169525 0.0569881
v -0.0971451 0.153946 0.0489145
v -0.0957865 0.152875 0.0499234
v -0.0948449 0.154874 0.0498802
v -0.112238 0.136669 0.0196754
v -0.11427 0.141594 0.0229497
v -0.107072 0.123578 0.0252025
v -0.113417 0.164692 -0.0236915
v -0.122903 0.167224 0.0320643
v -0.121091 0.165823 0.0336985
v -0.101663 0.134898 -0.0157612
v -0.0950582 0.130076 -0.0263265
v -0.0944717 0.12612 -0.0182006
v -0.109866 0.158719 0.0429291
v -0.111134 0.158413 0.0419092
v -0.103157 0.141751 -0.0226981
v -0.0969461 0.136381 -0.0339763
v -0.107152 0.144196 0.0459278
v -0.114795 0.155387 0.037214
v -0.113195 0.153771 0.0387769
v -0.106056 0.142342 0.0471521
v -0.100105 0.11825 0.00932889
v -0.0978043 0.118915 0.00182267
v -0.118723 0.164605 -0.0109729
v -0.121709 0.175201 -0.00272635
v -0.119077 0.177068 -0.0160868
v -0.1155 0.171677 0.0444865
v -0.11955 0.163974 0.0351526
v -0.101076 0.133599 0.0490593
v -0.100937 0.13546 0.0498166
v -0.102132 0.133852 0.0484811
v -0.111287 0.168515 0.0497374
v -0.109015 0.147063 0.045621
v -0.110764 0.14406 -0.0121545
v -0.118452 0.160855 0.0326376
v -0.119967 0.164038 0.0333546
v -0.0997916 0.155131 0.0483441
v -0.0991338 0.152547 0.0491937
v -0.0987839 0.115678 0.013129
v -0.102357 0.119476 0.0139407
v -0.091713 0.170989 0.0562323
v -0.0899592 0.172285 0.0553752
v -0.0857443 0.17664 0.0555519
v -0.0877625 0.177411 0.0541832
v -0.0977094 0.173995 0.0558735
v -0.0986382 0.172493 0.0567039
v -0.108676 0.148967 0.0459755
v -0.108163 0.165383 0.0475413
v -0.104551 0.164127 0.0489262
v -0.108074 0.166538 0.0499005
v -0.0985167 0.124709 -0.00408526
v -0.105291 0.121279 0.0186128
v -0.108732 0.126519 0.0203054
v -0.105701 0.12422 0.0116848
v -0.105177 0.129658 0.0460425
v -0.104625 0.154418 0.0471943
v -0.105671 0.152067 0.0478963
v -0.103099 0.151679 0.0493795
v -0.10359 0.140129 0.0502914
v -0.102375 0.139965 0.0513961
v -0.0969133 0.145491 0.0536951
v -0.0951219 0.146491 0.0523389
v -0.0966157 0.148191 0.0524538
v -0.0966087 0.136243 0.0512433
v -0.0943683 0.119714 -0.00551224
v -0.101351 0.118122 0.0178151
v -0.114199 0.169407 0.0449548
v -0.118703 0.176099 0.0410543
v -0.118058 0.173742 0.0410533
v -0.118073 0.175435 0.0426274
v -0.112224 0.152582 0.0400889
v -0.12177 0.170375 0.0357836
v -0.120535 0.169249 0.036035
v -0.102749 0.136282 0.0489653
v -0.108962 0.172939 0.0532911
v -0.108775 0.17483 0.0543403
v -0.110538 0.174546 0.0523563
v -0.10715 0.163806 0.0461665
v -0.109583 0.165012 0.0458965
v -0.0979272 0.142567 0.0530662
v -0.0958491 0.142834 0.0516366
v -0.0942418 0.157762 0.0497597
v -0.0912351 0.159027 0.052133
v -0.0937172 0.159873 0.0505603
v -0.109082 0.151344 0.0433534
v -0.108177 0.15166 0.0447702
v -0.108447 0.152346 0.0439137
v -0.103361 0.131291 0.0481681
v -0.11103 0.142331 0.0319478
v -0.11219 0.13545 0.0134213
v -0.113052 0.140808 0.010645
v -0.119556 0.166012 0.0361138
v -0.118952 0.165363 0.0371371
v -0.0835628 0.103606 -0.0211239
v -0.0867744 0.11103 -0.0168009
v -0.0852344 0.110666 -0.0257007
v -0.104478 0.133696 0.0476636
v -0.0983492 0.168485 0.0570722
v -0.0971605 0.168944 0.0576364
v -0.0979429 0.170384 0.0572108
v -0.109802 0.156921 0.0426492
v -0.108549 0.156862 0.0442505
v -0.106887 0.134374 0.0452199
v -0.11935 0.175316 0.0400386
v -0.12105 0.176032 0.0391733
v -0.118967 0.172051 0.0389189
v -0.104955 0.137082 0.0467239
v -0.112678 0.168228 0.0448019
v -0.107473 0.138121 0.04458
v -0.115875 0.160557 0.0379984
v -0.104371 0.173203 0.0563817
v -0.102404 0.172354 0.0563671
v -0.103347 0.174415 0.0567199
v -0.122926 0.174512 0.0312183
v -0.123891 0.176715 0.0320146
v -0.116856 0.174698 0.0445077
v -0.109776 0.129101 0.027039
v -0.109918 0.131691 0.0330952
v -0.109827 0.135645 0.0292996
v -0.117268 0.173088 0.0430341
v -0.11011 0.132964 0.0230069
v -0.111673 0.139197 0.0258442
v -0.1199 0.168036 0.0369673
v -0.108389 0.131463 0.0423074
v -0.0908807 0.114327 -0.00489773
v -0.106757 0.161544 0.0449603
v -0.105002 0.162506 0.0465491
v -0.0956069 0.160992 0.0502165
v -0.0935263 0.161412 0.0525358
v -0.0921904 0.172779 0.0551652
v -0.0912085 0.174264 0.0542235
v -0.0934312 0.173794 0.0544431
v -0.09306 0.175085 0.0536026
v -0.094766 0.175147 0.0538922
v -0.112403 0.157474 0.0409212
v -0.112299 0.171413 0.0492681
v -0.108636 0.160118 0.0439153
v -0.109502 0.163344 0.0441418
v -0.10977 0.138011 0.0350925
v -0.114953 0.175335 0.048224
v -0.116828 0.17804 0.0462571
v -0.111367 0.134479 0.00740907
v -0.112801 0.138392 0.00307024
v -0.0943657 0.122753 -0.0110201
v -0.0906249 0.116394 -0.0111917
v -0.114687 0.14489 0.0284852
v -0.0964814 0.175429 0.0548908
v -0.0954394 0.173688 0.0553252
v -0.0923538 0.167982 0.0578447
v -0.105035 0.124488 0.0405012
v -0.0855637 0.104995 -0.0513772
v -0.080328 0.0951962 -0.0235072
v -0.120971 0.153881 0.0155696
v -0.125011 0.173772 0.0105634
v -0.0980444 0.14788 0.0536663
v -0.0981374 0.150111 0.0510268
v -0.0998965 0.149291 0.0528025
v -0.117101 0.146581 0.00813149
v -0.0899925 0.117773 -0.018694
v -0.100992 0.162689 0.0494093
v -0.100082 0.170548 0.0563409
v -0.108199 0.171308 0.0534393
v -0.107794 0.169687 0.053758
v -0.124027 0.184618 0.00459626
v -0.0884538 0.157305 0.0527638
v -0.0915751 0.155569 0.0512595
v -0.0992683 0.171543 0.0567657
v -0.100203 0.172457 0.0563095
v -0.104695 0.157455 0.0465644
v -0.106573 0.155918 0.0455366
v -0.11063 0.130396 0.0162367
v -0.0941024 0.164784 0.0572751
v -0.0942021 0.16673 0.0584451
v -0.0957668 0.166525 0.058113
v -0.119332 0.167693 0.0380835
v -0.11382 0.151489 0.0388355
v -0.113121 0.150664 0.0404322
v -0.113239 0.15177 0.0397581
v -0.112764 0.153012 -0.0181658
v -0.109478 0.130305 0.00980178
v -0.106361 0.127722 0.0423229
v -0.108369 0.128045 0.0377062
v -0.10021 0.159057 0.0484814
v -0.100892 0.160184 0.0480541
v -0.102338 0.158979 0.0474681
v -0.110319 0.170754 0.0505194
v -0.109636 0.172088 0.0518394
v -0.111503 0.173105 0.050705
v -0.0985916 0.145992 0.0549863
v -0.100273 0.161329 0.0483148
v -0.0984186 0.161786 0.0498706
v -0.0921263 0.166273 0.0582486
v -0.0999987 0.157402 0.0482942
v -0.0906983 0.167303 0.0580235
v -0.0972845 0.156309 0.0487241
v -0.100857 0.16836 0.0567469
v -0.102462 0.170253 0.0562476
v -0.0983744 0.176675 0.0553789
v -0.104532 0.16565 0.051824
v -0.106334 0.167066 0.0523763
v -0.0827076 0.0979846 -0.0151311
v -0.108916 0.168385 0.052077
v -0.112066 0.149798 0.0428309
v -0.0972035 0.152039 0.0495957
v -0.113883 0.150166 0.0410664
v -0.105791 0.174667 0.0558207
v -0.0992329 0.166281 0.0567855
v -0.0970637 0.165344 0.0565929
v -0.0973951 0.166746 0.0578502
v -0.107405 0.172883 0.054484
v -0.103368 0.147048 0.0541025
v -0.103665 0.138922 0.0493174
v -0.0995743 0.138989 0.0512984
v -0.120284 0.170468 0.0374525
v -0.097752 0.158597 0.049132
v -0.109307 0.170225 0.0523951
v -0.109456 0.134172 0.0383458
v -0.0960241 0.163505 0.0549514
v -0.102576 0.16153 0.0476505
v -0.103115 0.176335 0.05613
v -0.107873 0.125977 0.0313598
v -0.0873587 0.172322 0.0558817
v -0.100717 0.174679 0.0562296
v -0.100926 0.1773 0.0559943
v -0.0990691 0.160146 0.0486525
v -0.0971346 0.160198 0.049046
v -0.0934685 0.167863 0.0581914
v -0.101792 0.153683 0.0486278
v -0.102407 0.156219 0.047751
v -0.123279 0.187223 -0.00808631
v -0.0915577 0.176212 0.0536949
v -0.103776 0.166412 0.0540427
v -0.113138 0.174612 0.0495516
v -0.111886 0.149932 0.0418523
v -0.110883 0.150708 0.0423217
v -0.112253 0.151216 0.0411585
v -0.0965866 0.168069 0.0579218
v -0.101539 0.166537 0.0556602
v -0.0956916 0.159444 0.0497106
v -0.0936116 0.152484 0.0510128
v -0.0996585 0.147618 0.0543999
v -0.110044 0.149783 0.0436182
v -0.105189 0.148366 0.0504248
v -0.102863 0.148728 0.0519617
v -0.096545 0.169423 0.0581087
v -0.0951299 0.1684 0.0579241
v -0.0908091 0.163837 0.0571397
v -0.0932044 0.162982 0.0551017
v -0.0887372 0.165495 0.0584058
v -0.104409 0.160199 0.0460038
v -0.1228 0.17558 0.0325022
v -0.0951068 0.16247 0.0535104
v -0.106655 0.158737 0.0450534
v -0.0948435 0.149432 0.0516177
v -0.108334 0.150446 0.045386
v -0.0905281 0.161319 0.0550885
v -0.0993541 0.142263 0.0537411
v -0.0884446 0.159352 0.0543402
v -0.108148 0.154576 0.0449663
v -0.106661 0.153488 0.046017
v -0.0939432 0.140728 0.0513582
v -0.101187 0.148209 0.0537767
v -0.107027 0.151607 0.0459432
v -0.107972 0.152886 0.0448641
v -0.0999121 0.135926 0.0506424
v -0.0901526 0.152397 0.0520507
v -0.10072 0.151254 0.0503158
v -0.101835 0.150068 0.0517174
v -0.104498 0.150258 0.0498348
v -0.0988141 0.135631 0.0509568
v -0.0964525 0.149505 0.0512072
v -0.106711 0.150274 0.0478205
v -0.092151 0.15014 0.0519664
v -0.0959965 0.150948 0.050663
v -0.103067 0.150331 0.0508137
v -0.110586 0.15217 0.041315
v -0.104786 0.143323 0.0505499
v -0.101537 0.141939 0.0535648
v -0.0930806 0.147706 0.0519685
v -0.105773 0.144639 0.0501581
v -0.0983767 0.143969 0.0543112
v -0.104448 0.144155 0.0528664
v -0.106431 0.147653 0.0493276
v -0.0938566 0.145446 0.0515302
v -0.105585 0.146756 0.0516449
v -0.0917256 0.145983 0.0516335
v -0.106196 0.14667 0.0505813
v -0.0927683 0.143479 0.0510774
v -0.0738639 0.181768 0.0593618
v -0.0757722 0.184816 0.0582294
v -0.0773518 0.18169 0.0575004
v -0.041058 0.141011 0.0576793
v -0.0430153 0.141888 0.0583203
v -0.0428127 0.138818 0.0572658
v -0.0405566 0.139039 0.0566902
v -0.0391178 0.140383 0.0571576
v -0.0477547 0.14145 0.0591643
v -0.0460678 0.139145 0.0583081
v -0.0449063 0.140917 0.058326
v -0.0386987 0.138301 0.0557405
v -0.037235 0.139864 0.0564034
v -0.0453634 0.137151 0.0574152
v -0.0406789 0.136918 0.0551283
v -0.0823601 0.171004 0.0578199
v -0.0825954 0.168865 0.0590344
v -0.0806891 0.169843 0.0583343
v -0.043377 0.136068 0.0559348
v -0.086357 0.133184 0.0543122
v -0.0886689 0.134815 0.0533688
v -0.0895126 0.132798 0.0547471
v -0.0373834 0.135366 0.053765
v -0.0394503 0.143507 0.057806
v -0.0443892 0.153486 0.0612298
v -0.0464984 0.152515 0.0614843
v -0.0451193 0.152452 0.0614483
v -0.0899459 0.150063 0.0523194
v -0.0807308 0.171306 0.0579572
v -0.0814501 0.172179 0.0578775
v -0.0375695 0.142104 0.0571169
v -0.0349125 0.141665 0.0565333
v -0.0359374 0.144711 0.0568874
v -0.0696622 0.12937 0.0584428
v -0.07 0.127636 0.0584149
v -0.0684374 0.129629 0.057733
v -0.0573423 0.166636 0.0627642
v -0.055009 0.168945 0.0628551
v -0.0578414 0.169628 0.0628105
v -0.0598716 0.167553 0.0628123
v -0.0451408 0.14348 0.0590406
v -0.0428739 0.144064 0.0590862
v -0.0525731 0.167683 0.0629294
v -0.0545111 0.166111 0.0629033
v -0.0781883 0.132608 0.0581105
v -0.0754185 0.131086 0.0591624
v -0.0759237 0.13395 0.0584799
v -0.0599373 0.170681 0.0622498
v -0.0413264 0.142927 0.0585871
v -0.0413356 0.144953 0.0589575
v -0.0593655 0.163995 0.0626658
v -0.0466656 0.145738 0.0599764
v -0.0476707 0.143879 0.0598522
v -0.0768522 0.17052 0.0582317
v -0.0781803 0.170669 0.0580322
v -0.0787904 0.169847 0.0581293
v -0.0445043 0.146114 0.059765
v -0.0487002 0.14537 0.0602721
v -0.0789063 0.171786 0.0580458
v -0.0771069 0.174132 0.0583516
v -0.0800815 0.175478 0.0573793
v -0.0339381 0.14732 0.0572476
v -0.0360706 0.147448 0.0576902
v -0.0382143 0.146456 0.0579789
v -0.0754718 0.143049 0.0577059
v -0.0751685 0.140545 0.0578847
v -0.0727651 0.142593 0.0582219
v -0.0399458 0.146207 0.0582937
v -0.0424313 0.146121 0.0597085
v -0.0692668 0.142694 0.0586213
v -0.0703827 0.145575 0.0586463
v -0.0780367 0.185773 0.0566813
v -0.0479385 0.146692 0.0602018
v -0.0763492 0.128791 0.0592367
v -0.0755236 0.126931 0.0598978
v -0.0741412 0.128798 0.0603236
v -0.032419 0.149384 0.0576741
v -0.0353537 0.149746 0.0581693
v -0.0411685 0.147208 0.0591482
v -0.0372135 0.148616 0.0582649
v -0.0391998 0.148092 0.0588331
v -0.0590574 0.154469 0.0622459
v -0.0603876 0.155433 0.062557
v -0.0608388 0.153202 0.0619389
v -0.080926 0.139444 0.0551871
v -0.0799028 0.141876 0.0560573
v -0.0836056 0.14031 0.05406
v -0.0558487 0.143249 0.0603769
v -0.0565572 0.145648 0.0610202
v -0.0583949 0.14418 0.0611331
v -0.0523917 0.146372 0.0602213
v -0.0548108 0.148004 0.0609277
v -0.0543137 0.144936 0.060193
v -0.0650457 0.158752 0.0619543
v -0.0631958 0.158446 0.0621209
v -0.0636094 0.160425 0.062429
v -0.0805213 0.13801 0.0556302
v -0.0799999 0.137304 0.0562918
v -0.0791798 0.139029 0.0563366
v -0.0430842 0.148411 0.0601185
v -0.0467647 0.148723 0.0602931
v -0.0519019 0.148735 0.0604449
v -0.0497151 0.147232 0.0602882
v -0.0697039 0.131018 0.0584289
v -0.0712583 0.132085 0.0593793
v -0.0696483 0.13307 0.0580124
v -0.0778747 0.147705 0.0583467
v -0.0803504 0.145583 0.056404
v -0.0775643 0.144383 0.0573723
v -0.0796185 0.184217 0.0557188
v -0.0809525 0.180747 0.0555613
v -0.0330132 0.152037 0.058885
v -0.0877316 0.138007 0.0527346
v -0.0904319 0.135797 0.0528478
v -0.0586452 0.148186 0.0618941
v -0.0587272 0.152216 0.0621508
v -0.0369665 0.137782 0.0551847
v -0.0441593 0.151166 0.0609902
v -0.0858526 0.17224 0.0564546
v -0.0853506 0.174166 0.0560155
v -0.0666556 0.145795 0.0595709
v -0.0497024 0.14952 0.0607997
v -0.037824 0.150123 0.0590917
v -0.0748425 0.148899 0.0596793
v -0.0737142 0.1518 0.0598373
v -0.0765406 0.150992 0.0592673
v -0.0363355 0.15193 0.0596572
v -0.0404429 0.149759 0.060047
v -0.0613071 0.158898 0.0625786
v -0.0587091 0.158449 0.0625263
v -0.0609461 0.161761 0.0628399
v -0.0571853 0.155566 0.0621216
v -0.0587545 0.156221 0.0625516
v -0.0701971 0.152357 0.0601928
v -0.0692424 0.15402 0.0604127
v -0.071451 0.153642 0.0601611
v -0.0579102 0.161029 0.0628363
v -0.0557884 0.151958 0.0617496
v -0.0819762 0.185971 0.0542108
v -0.0512713 0.151543 0.0612551
v -0.0905128 0.134229 0.0539631
v -0.0843185 0.172083 0.0570462
v -0.0736099 0.133316 0.0593298
v -0.0841702 0.18008 0.0545969
v -0.0852948 0.178375 0.0548435
v -0.0832707 0.177029 0.0560671
v -0.0619002 0.156866 0.0623078
v -0.0600175 0.157274 0.0624774
v -0.043626 0.161898 0.0629047
v -0.0459056 0.159335 0.0624833
v -0.0428577 0.159384 0.062328
v -0.0487721 0.151638 0.0615786
v -0.0403887 0.156082 0.0611904
v -0.0440868 0.156636 0.0618826
v -0.0418656 0.15433 0.061318
v -0.0422758 0.150214 0.0606464
v -0.0416052 0.152058 0.0606356
v -0.0742924 0.145967 0.0586566
v -0.0565185 0.158601 0.0624142
v -0.0500301 0.153334 0.061934
v -0.0540806 0.156925 0.0622685
v -0.0745732 0.136937 0.0585477
v -0.0731114 0.139588 0.0584858
v -0.0534256 0.150563 0.061271
v -0.0389107 0.153717 0.0606535
v -0.0388699 0.151521 0.0599356
v -0.0562758 0.164065 0.0629686
v -0.0572335 0.162492 0.0626391
v -0.0554455 0.161178 0.0623935
v -0.0510917 0.155225 0.0621419
v -0.0835164 0.166773 0.0601765
v -0.0856536 0.166492 0.0594444
v -0.0840468 0.164598 0.0598547
v -0.0576659 0.138735 0.0592911
v -0.0577893 0.135179 0.0579576
v -0.0548579 0.136985 0.0589706
v -0.0530451 0.153214 0.0615802
v -0.0613117 0.150513 0.0622023
v -0.0625984 0.147906 0.0618009
v -0.0707533 0.129783 0.0592462
v -0.0537601 0.163465 0.0630195
v -0.0487488 0.154601 0.0620347
v -0.0465918 0.15535 0.0620209
v -0.0627089 0.154795 0.0617462
v -0.0637086 0.151682 0.0614585
v -0.0529762 0.160911 0.0626392
v -0.0510129 0.159242 0.0628709
v -0.048066 0.156293 0.062563
v -0.0486947 0.157733 0.0626816
v -0.0755163 0.163057 0.0591785
v -0.0765224 0.161763 0.0594393
v -0.0751629 0.161513 0.0596755
v -0.0520035 0.165525 0.0628168
v -0.0372494 0.155746 0.0607968
v -0.0781744 0.153426 0.0591569
v -0.0802667 0.156259 0.0588749
v -0.0804397 0.153394 0.0579682
v -0.0469268 0.157135 0.0625267
v -0.0655399 0.138908 0.0589546
v -0.0637075 0.14112 0.0600453
v -0.0661311 0.14222 0.0596534
v -0.0728988 0.130514 0.0598311
v -0.0482122 0.161034 0.0631969
v -0.0508014 0.162897 0.0631427
v -0.0413602 0.157813 0.0616669
v -0.0459733 0.161328 0.0629142
v -0.065053 0.1488 0.0607152
v -0.0645137 0.14688 0.0608668
v -0.0607819 0.145327 0.061331
v -0.0512799 0.14124 0.0599366
v -0.0534158 0.142723 0.0601559
v -0.0548009 0.140275 0.0596349
v -0.0797995 0.186498 0.0555831
v -0.0518436 0.138478 0.0595711
v -0.0673476 0.132796 0.0577511
v -0.0688371 0.135589 0.0581204
v -0.0861076 0.171114 0.0575108
v -0.0857795 0.168785 0.0586364
v -0.0650542 0.134834 0.0583214
v -0.0673483 0.137562 0.0581035
v -0.08126 0.166903 0.0600009
v -0.0799443 0.168124 0.0590753
v -0.0681744 0.148128 0.0596557
v -0.0687238 0.170247 0.0609407
v -0.0689781 0.173166 0.061106
v -0.0708793 0.170424 0.0602393
v -0.0907955 0.148284 0.0520891
v -0.0685576 0.164273 0.0611539
v -0.0713146 0.162477 0.0599642
v -0.067593 0.16034 0.0612925
v -0.0843868 0.170142 0.0578442
v -0.0631768 0.149792 0.061565
v -0.0872648 0.163261 0.0580385
v -0.0790252 0.16571 0.0593275
v -0.0667022 0.157478 0.0616419
v -0.0673265 0.155088 0.0612446
v -0.0643978 0.156429 0.061852
v -0.0749052 0.177198 0.059055
v -0.0670132 0.15071 0.0603171
v -0.0698801 0.150682 0.0593318
v -0.0691201 0.149332 0.0596761
v -0.0780295 0.177784 0.0576541
v -0.0629244 0.156158 0.0618059
v -0.0711343 0.158822 0.0598328
v -0.0694395 0.156454 0.0606043
v -0.0587673 0.131988 0.0565465
v -0.0611324 0.134516 0.0581994
v -0.0619639 0.130756 0.0568503
v -0.0499626 0.143426 0.0605024
v -0.0869542 0.16591 0.0591195
v -0.0902849 0.141147 0.0516161
v -0.0725852 0.164821 0.059244
v -0.0709807 0.165086 0.0598527
v -0.0719723 0.178594 0.0600484
v -0.0717679 0.174967 0.0602233
v -0.0710334 0.148099 0.0596668
v -0.0887538 0.154948 0.0524248
v -0.086373 0.1554 0.0538789
v -0.081421 0.151561 0.0570912
v -0.0832547 0.15517 0.0564777
v -0.073736 0.17199 0.0593231
v -0.079996 0.161047 0.0598689
v -0.078049 0.16123 0.0594515
v -0.0792727 0.162278 0.0595667
v -0.0824553 0.173388 0.0569756
v -0.071393 0.172453 0.0603611
v -0.0517161 0.142752 0.0603652
v -0.0521136 0.144277 0.0601246
v -0.0806364 0.172818 0.0576677
v -0.0763188 0.164989 0.0590585
v -0.0778029 0.163293 0.05915
v -0.0715187 0.151564 0.0597055
v -0.0738541 0.163967 0.05946
v -0.0735709 0.161936 0.0595618
v -0.0651353 0.130628 0.0570381
v -0.0671521 0.130508 0.0572247
v -0.072138 0.12838 0.0595652
v -0.0746609 0.168581 0.0588474
v -0.069956 0.167463 0.0603487
v -0.0723973 0.168948 0.0594098
v -0.0813391 0.164623 0.0603253
v -0.0819869 0.162445 0.0600201
v -0.0625797 0.137969 0.0592167
v -0.0601097 0.137522 0.0590431
v -0.0606079 0.141416 0.0602247
v -0.0820663 0.137522 0.0550906
v -0.0771343 0.167695 0.0585162
v -0.0797349 0.170589 0.0579795
v -0.0745587 0.16623 0.0589143
v -0.072501 0.166744 0.0593383
v -0.0820897 0.159748 0.0592588
v -0.0783972 0.158731 0.0595837
v -0.0575258 0.141594 0.0598641
v -0.0842489 0.130885 0.0563661
v -0.0816978 0.129215 0.0579878
v -0.0894275 0.146373 0.0521687
v -0.088816 0.148394 0.0524496
v -0.0803656 0.162724 0.0600468
v -0.0796631 0.163645 0.0595046
v -0.0772269 0.141711 0.0571893
v -0.0888997 0.162119 0.0569875
v -0.0835209 0.147115 0.0549735
v -0.0834048 0.15114 0.0556469
v -0.0855953 0.150336 0.0539454
v -0.0871184 0.160728 0.0565509
v -0.077436 0.155963 0.0595924
v -0.0506125 0.145253 0.060395
v -0.0725968 0.16048 0.0595862
v -0.0740267 0.160594 0.059557
v -0.06465 0.164194 0.0622918
v -0.0735827 0.159081 0.0594692
v -0.0758341 0.160025 0.0590728
v -0.0750946 0.157304 0.0591505
v -0.0855371 0.165394 0.0592343
v -0.0810156 0.135844 0.0563363
v -0.081889 0.134108 0.0556111
v -0.080437 0.133854 0.0568061
v -0.0862619 0.16455 0.0591374
v -0.0809421 0.1372 0.0557714
v -0.0844397 0.162514 0.059592
v -0.0730099 0.157678 0.0593218
v -0.0726629 0.155924 0.059754
v -0.0873774 0.164591 0.0583252
v -0.0732307 0.153794 0.0600496
v -0.0850861 0.160863 0.0584437
v -0.0752354 0.15417 0.0595568
v -0.068249 0.152719 0.0603927
v -0.0926052 0.135757 0.0522958
v -0.0918493 0.134226 0.052929
v -0.0842483 0.158665 0.057623
v -0.082177 0.157595 0.0576995
v -0.0656035 0.153546 0.061632
v -0.0709966 0.140262 0.0581846
v -0.0714027 0.137825 0.0582589
v -0.0861502 0.157901 0.0550426
v -0.079179 0.151001 0.0579025
v -0.0725003 0.149677 0.0598318
v -0.0882622 0.144219 0.0523961
v -0.0867415 0.147301 0.0530066
v -0.0732636 0.148024 0.059651
v -0.0809653 0.148859 0.0567796
v -0.0479673 0.139323 0.0587162
v -0.0494435 0.139529 0.059354
v -0.0485522 0.13746 0.0588267
v -0.0852447 0.153093 0.0545908
v -0.0880641 0.150404 0.0527529
v -0.0823938 0.143773 0.0548923
v -0.0635277 0.144451 0.0606397
v -0.0855584 0.143727 0.053672
v -0.0549052 0.126183 0.0538555
v -0.056601 0.128056 0.054674
v -0.0684371 0.139958 0.0582732
v -0.0770133 0.139201 0.0571904
v -0.0869534 0.141161 0.052831
v -0.0783526 0.140563 0.0569168
v -0.0877165 0.142703 0.0528425
v -0.0904206 0.14432 0.0515404
v -0.0781444 0.136035 0.0570739
v -0.0846477 0.13602 0.0538127
v -0.0700628 0.138987 0.0581924
v -0.0693524 0.13804 0.0579562
v -0.0549436 0.132656 0.0563351
v -0.0554687 0.134767 0.0577812
v -0.0689423 0.17742 0.0606413
v -0.0874172 0.152997 0.0531634
v -0.0716573 0.134858 0.0585568
v -0.0910602 0.137848 0.0518612
v -0.0826449 0.135399 0.055104
v -0.0518835 0.13309 0.0568931
v -0.0501768 0.130496 0.0552302
v -0.0868551 0.135491 0.053215
v -0.0835924 0.133577 0.0551374
v -0.0809375 0.13153 0.0573302
v -0.0821521 0.132657 0.0563094
v -0.0683824 0.131488 0.0577777
v -0.0592099 0.128771 0.0555221
v -0.0631409 0.127709 0.0556887
v -0.0533442 0.134794 0.0578409
v -0.0518758 0.136245 0.0588805
v -0.07745 0.130263 0.0586572
v -0.0795239 0.130464 0.0584291
v -0.0667688 0.12764 0.056486
v -0.0613975 0.128592 0.0555572
v -0.0567381 0.130081 0.0553685
v -0.0498023 0.134647 0.0575369
v -0.079131 0.128272 0.0587287
v -0.0607913 0.127081 0.0548174
v -0.0541382 0.129104 0.0545657
v -0.0771901 0.127055 0.0588989
v -0.0461859 0.135051 0.056902
v -0.046954 0.132507 0.0559886
v -0.0497906 0.132638 0.0567074
v -0.0513194 0.127147 0.0534722
v -0.0607506 0.163067 0.0628644
v -0.0614941 0.163715 0.0625306
v -0.061903 0.165827 0.0623872
v -0.0671389 0.16651 0.0615489
v -0.06533 0.167951 0.0620682
v -0.0672282 0.168977 0.0613851
v -0.063419 0.167223 0.0623301
v -0.0635771 0.169872 0.0619206
v -0.0653175 0.170818 0.0617841
v -0.0618604 0.168861 0.0617704
v -0.0618416 0.171845 0.0620371
v -0.063728 0.172848 0.0619721
v -0.0598457 0.174298 0.0624616
v -0.0672704 0.171243 0.0616479
v -0.0656983 0.173794 0.0616487
v -0.0620824 0.17447 0.0621341
v -0.0670148 0.175788 0.0612117
v -0.0635803 0.175211 0.0622478
v -0.0666304 0.178012 0.0615832
v -0.0648234 0.176809 0.0618266
v -0.0316047 0.142582 0.0557969
v -0.031164 0.141066 0.0553409
v -0.0297243 0.141288 0.0550065
v -0.027904 0.142836 0.0543146
v -0.0360041 0.137203 0.0544935
v -0.0326132 0.140235 0.0555697
v -0.0438808 0.133823 0.0553029
v -0.0460776 0.129775 0.0537219
v -0.0409965 0.134295 0.0543595
v -0.0426454 0.131532 0.0535496
v -0.0481809 0.127928 0.0532814
v -0.0350271 0.138683 0.0553476
v -0.0338936 0.143549 0.0567991
v -0.0295976 0.14505 0.0552854
v -0.0325907 0.145107 0.0566593
v -0.0284043 0.146665 0.0556658
v -0.0267438 0.147702 0.0552514
v -0.0285833 0.148434 0.0560006
v -0.0247094 0.146809 0.0545175
v -0.0264186 0.145317 0.0545317
v -0.0237026 0.145236 0.053479
v -0.0308734 0.147329 0.0566362
v -0.0274655 0.150376 0.0562459
v -0.0228284 0.148296 0.0535593
v -0.0251317 0.14863 0.0550925
v -0.0304586 0.150087 0.0572635
v -0.0296298 0.152769 0.0582928
v -0.0354741 0.154012 0.0602053
v -0.00841883 0.128718 0.032791
v -0.0120952 0.12565 0.0327199
v -0.00635776 0.126553 0.0294863
v -0.0188205 0.111817 0.0256045
v -0.0220091 0.109775 0.0249864
v -0.0186249 0.109357 0.0231261
v -0.0187683 0.117791 0.0308926
v -0.0183157 0.121714 0.0339899
v -0.0226317 0.118324 0.0337596
v -0.0233967 0.114776 0.0313498
v -0.0347642 0.12186 0.0442809
v -0.0339562 0.125413 0.0474991
v -0.0387404 0.122779 0.0467749
v -0.0186661 0.114847 0.0280594
v -0.0216531 0.11224 0.0277612
v -0.0247021 0.143526 0.0536955
v 0.00422087 0.122104 0.0226857
v 0.00688738 0.121185 0.0214972
v 0.00807613 0.123391 0.0215383
v -0.0173972 0.0929834 0.0152499
v -0.0156237 0.0963626 0.0161356
v -0.0196803 0.0955984 0.0152348
v -0.0329077 0.112196 0.0342401
v -0.0309032 0.117302 0.0381111
v -0.0359358 0.115001 0.0384838
v 0.00163642 0.0924288 0.018636
v 0.00124401 0.0957142 0.0190027
v -0.000788063 0.094877 0.0185866
v -0.00261754 0.118526 0.0239567
v -0.000979334 0.117547 0.0227438
v -0.000993311 0.11955 0.0238394
v -0.0283791 0.140794 0.0535565
v -0.0167341 0.126374 0.0370036
v -0.010728 0.130484 0.0361407
v -0.0251747 0.0967414 0.0157787
v -0.0228387 0.0997258 0.0173277
v -0.0253296 0.0997154 0.0171271
v -0.0302678 0.124254 0.0444417
v -0.0295574 0.127847 0.0478631
v -0.0441865 0.121065 0.0467657
v -0.0457852 0.123364 0.0496374
v -0.0471253 0.121487 0.0486992
v -0.0144562 0.0920499 0.0160012
v -0.0165644 0.0905896 0.0155835
v -0.0225506 0.131129 0.0443275
v -0.0232974 0.129342 0.0437868
v -0.0213578 0.129603 0.0426539
v -0.042951 0.117706 0.0438684
v -0.0476769 0.116609 0.0451722
v -0.0216833 0.0976393 0.0161902
v -0.0202906 0.0999111 0.0171585
v -0.0129526 0.0976607 0.0171887
v -0.0117374 0.0946682 0.0172039
v -0.0329462 0.0959034 0.0145799
v -0.0324245 0.0988501 0.0175464
v -0.0369008 0.0952392 0.0141315
v -0.0141281 0.0940838 0.0162223
v -0.0555271 0.103458 0.0346608
v -0.0512519 0.101855 0.0308041
v -0.0492059 0.105058 0.0342831
v -0.0147912 0.0894799 0.016462
v -0.052974 0.124015 0.0519779
v -0.0567704 0.111176 0.0434763
v -0.0532149 0.114409 0.0452081
v -0.0420818 0.109686 0.0359983
v -0.0401041 0.115137 0.0407211
v -0.0455288 0.111668 0.0392537
v -0.0254944 0.107315 0.024112
v -0.0215397 0.107215 0.0222708
v -0.0255048 0.111125 0.0286372
v -0.0233334 0.102579 0.0188679
v -0.0265025 0.103884 0.0212003
v -0.0276612 0.100978 0.0183396
v -0.0306161 0.102652 0.0209638
v -0.0125823 0.091611 0.0166446
v -0.0130585 0.0932255 0.0167709
v -0.043312 0.129054 0.0522181
v -0.0234858 0.105108 0.0209465
v -0.0281713 0.121719 0.0402287
v -0.027971 0.119254 0.0376525
v -0.0215751 0.139414 0.0490871
v -0.0199111 0.138461 0.0476534
v -0.0202267 0.1406 0.04932
v 8.28505e-05 0.0973915 0.0190193
v 0.00325024 0.0983476 0.0188215
v -0.0252606 0.126755 0.0433834
v -0.0280443 0.126768 0.0456912
v -0.0561784 0.10712 0.0389987
v -0.00332871 0.112854 0.0212938
v -0.00515258 0.110073 0.0201922
v -0.00255916 0.109238 0.0200259
v -0.0481048 0.125535 0.051321
v -0.0500939 0.121794 0.049811
v -0.0206081 0.136013 0.0466542
v -0.023299 0.137912 0.0486383
v -0.0120987 0.134012 0.0399099
v -0.00994742 0.137262 0.0406634
v -0.0135002 0.137398 0.0429964
v -0.00358921 0.0943563 0.0182484
v -0.00177985 0.0916156 0.0184399
v -0.043164 0.126592 0.0506553
v -0.00525132 0.0976644 0.0181472
v -0.0022867 0.0975919 0.0186003
v -0.00360546 0.0999522 0.0184505
v -0.0303751 0.0922195 0.0123147
v -0.026309 0.0926767 0.0138574
v -0.0287606 0.0951265 0.0145982
v -0.0360902 0.131012 0.0515987
v -0.039302 0.13235 0.0528575
v -0.0402717 0.129748 0.0515855
v -0.0538913 0.0961807 0.0201931
v -0.0570645 0.100516 0.030276
v -0.0614118 0.0981212 0.0251922
v -0.0273196 0.133416 0.0490195
v -0.0296325 0.134157 0.0503444
v -0.0300356 0.131099 0.0501031
v -0.00781071 0.101777 0.0179904
v -0.00841886 0.0984503 0.0175124
v -0.00580779 0.100219 0.0179984
v -0.0328958 0.131531 0.051047
v -0.0339048 0.133867 0.0520056
v -0.0150363 0.0997737 0.0166034
v -0.0184822 0.0986918 0.0161943
v -0.0167732 0.132526 0.0421336
v -0.0176814 0.136377 0.0452031
v -0.0231544 0.0949896 0.0150093
v -0.0146487 0.102106 0.0179255
v -0.0129547 0.101434 0.0175318
v -0.0128573 0.103118 0.0182098
v -0.0418324 0.124242 0.0488713
v -0.00951546 0.0961878 0.0176579
v -0.0076296 0.0939836 0.0177385
v -0.00504205 0.0902622 0.0184358
v -0.0247564 0.130262 0.0455398
v -0.0410149 0.120496 0.0452079
v -0.0388805 0.119564 0.0436395
v -0.0378522 0.126905 0.0497154
v -0.0105643 0.0971012 0.0174859
v -0.0324651 0.138155 0.0540404
v -0.0219135 0.0919099 0.0142538
v -0.0111611 0.098697 0.0175224
v -0.0306373 0.096441 0.015289
v -0.0314961 0.0945886 0.013658
v -0.0175484 0.10173 0.0175393
v -0.0204889 0.133427 0.0447149
v -0.020436 0.101719 0.0177819
v -0.044487 0.0949197 0.0147817
v -0.0411389 0.0961019 0.0158331
v -0.04459 0.0974376 0.0189652
v -0.029209 0.138702 0.0522269
v -0.0308643 0.139748 0.0540681
v -0.000821352 0.100397 0.0187646
v -0.0273902 0.130484 0.0480093
v -0.0313605 0.133201 0.0510272
v -0.0604758 0.104324 0.0371241
v 0.00329208 0.0951042 0.0187215
v 0.00493249 0.0931014 0.0186684
v -0.0414924 0.093093 0.0126484
v -0.00312966 0.106139 0.0189938
v -0.000667453 0.104011 0.018925
v -0.000340134 0.107042 0.0192003
v -0.0298728 0.11064 0.0306243
v -0.032964 0.107604 0.0285905
v -0.0108864 0.102973 0.0181716
v -0.0114469 0.104618 0.0182932
v -0.0590423 0.0952504 0.0193067
v -0.0367068 0.118832 0.0417343
v -0.0249535 0.134909 0.0479642
v -0.0234935 0.132908 0.0458052
v -0.0224481 0.135111 0.0467492
v -0.0126296 0.0996201 0.0172564
v -0.0338274 0.0932529 0.0127486
v -0.018461 0.104494 0.0188336
v -0.0141345 0.104276 0.0189239
v -0.0138468 0.107349 0.0204279
v -0.022081 0.126837 0.0408878
v -0.0239223 0.124076 0.0396444
v -0.0219404 0.142978 0.0519452
v -0.024918 0.141769 0.0529247
v -0.0283696 0.0980897 0.0164008
v -0.00991735 0.108813 0.0200285
v -0.0108453 0.110848 0.0211172
v -0.00566503 0.112469 0.0211187
v -0.0376332 0.0905436 0.0109704
v -0.0329953 0.119547 0.0411802
v -0.0499814 0.112216 0.0413858
v -0.0455243 0.114222 0.041822
v -0.0533935 0.109873 0.040617
v -0.0532215 0.11167 0.0425634
v -0.0219183 0.145265 0.0523997
v -0.0199963 0.145182 0.0515323
v -0.0212751 0.146359 0.0522296
v -0.00450525 0.103089 0.0185799
v -0.0105909 0.100676 0.0178102
v -0.0481787 0.119673 0.0479952
v -0.00753948 0.110538 0.0206754
v -0.00838411 0.104499 0.0184597
v 0.00381806 0.0910805 0.0188965
v -0.0155678 0.138352 0.0450145
v -0.0145541 0.140236 0.0455042
v -0.0173841 0.139942 0.0467852
v 0.0059678 0.0907034 0.0192068
v 0.00687993 0.0922632 0.0190975
v -0.0379503 0.104301 0.0270947
v -0.0424977 0.105567 0.031609
v -0.0451102 0.102061 0.028236
v -0.00555539 0.105881 0.0190751
v -0.0107272 0.106508 0.0190724
v -0.0211728 0.123613 0.037327
v -0.0246129 0.120738 0.0367487
v -0.0286902 0.108574 0.0270807
v -0.0481617 0.095123 0.0168063
v -0.0332053 0.104489 0.0244095
v -0.0294982 0.105826 0.0242317
v -0.00726008 0.107734 0.0200728
v -0.0509101 0.0924596 0.0132582
v -0.015139 0.130316 0.039079
v 0.00589278 0.0956737 0.0187894
v -0.00471455 0.107833 0.0196942
v -0.0511191 0.118168 0.0477424
v -0.0533236 0.119898 0.0493454
v -0.054514 0.117559 0.048
v 0.00727576 0.0935072 0.0191298
v -0.0254569 0.1325 0.0472467
v -0.0266924 0.14142 0.0532186
v -0.0228631 0.140686 0.0505892
v -0.00945702 0.102575 0.0183053
v -0.0332663 0.128799 0.0500065
v -0.0275375 0.116558 0.0351935
v -0.0540866 0.121691 0.0504188
v -0.0460463 0.0923511 0.0123238
v -0.0352527 0.101563 0.0218395
v -0.0497837 0.108781 0.0381745
v -0.0210091 0.125765 0.0389373
v -0.0492887 0.0990887 0.0252478
v -0.0433416 0.0997545 0.0231828
v -0.0491417 0.0970251 0.0206838
v -0.0342577 0.136383 0.053542
v -0.0311495 0.13596 0.0521368
v -0.036309 0.117191 0.0403875
v -0.00787455 0.112985 0.021912
v 0.0090574 0.0914808 0.0194383
v -0.0379196 0.107719 0.0316219
v -0.0262659 0.139882 0.0516703
v -0.0190568 0.0898015 0.014573
v -0.0389228 0.098854 0.0192295
v -0.0455986 0.127745 0.0520502
v -0.026897 0.128324 0.0462272
v -0.0278249 0.112968 0.0322514
v -0.0188378 0.128468 0.0401647
v -0.0274681 0.136644 0.0501076
v 0.0155281 0.107294 0.0174484
v 0.0159191 0.104051 0.0178452
v 0.0194202 0.106331 0.0167647
v 0.000266194 0.127598 0.0269627
v 0.000813097 0.129689 0.0279759
v -0.00231376 0.129085 0.0291908
v 0.00464076 0.104554 0.0185919
v 0.00297198 0.102419 0.0184948
v 0.00642422 0.103221 0.0186602
v -0.0133485 0.122162 0.0304656
v -0.015641 0.119693 0.0304873
v -0.0133452 0.120196 0.0293341
v 0.00547299 0.100764 0.0189734
v 0.00962937 0.117851 0.0203093
v 0.00895882 0.120525 0.020829
v 0.00586852 0.118492 0.0209734
v -0.0129456 0.112818 0.022972
v -0.00999296 0.113185 0.0223842
v -0.0106979 0.1144 0.0232601
v 0.00233021 0.105482 0.0187165
v 0.0112126 0.112981 0.0190296
v 0.00833446 0.113565 0.0191507
v 0.00756896 0.110611 0.0183894
v -0.0100437 0.115556 0.0235992
v -0.0120142 0.115414 0.024332
v 0.00859556 0.0949408 0.0191164
v -0.021015 0.105254 0.0201272
v 0.0186555 0.102737 0.0174081
v 0.0165324 0.100108 0.0184177
v 1.09375e-05 0.109765 0.0196384
v 0.00524566 0.125244 0.0231568
v 0.0155645 0.111949 0.0181157
v 0.0135365 0.111654 0.0186262
v 0.014272 0.110473 0.018387
v 0.00421301 0.109623 0.0189575
v 0.00212929 0.10822 0.0188265
v 0.0051786 0.106986 0.0186835
v 0.0125386 0.105222 0.0182154
v 0.00936696 0.10276 0.0189886
v 0.0126267 0.101472 0.0187519
v 0.00640976 0.113324 0.0194267
v 0.00392783 0.112385 0.0195127
v -0.0398472 0.101396 0.0239957
v 0.0111761 0.119997 0.0201258
v 0.0096862 0.115301 0.0195751
v 0.0118261 0.116216 0.0199455
v -0.00582108 0.115309 0.0227469
v -0.00283924 0.116139 0.0227033
v -0.0434643 0.0888104 0.00921732
v 0.00862357 0.106008 0.018033
v 0.0123209 0.109079 0.018096
v -0.00864598 0.114862 0.0229049
v -0.00926906 0.116947 0.0245417
v -0.0308582 0.13808 0.0531451
v -0.00424132 0.117993 0.0242314
v 0.0022352 0.110462 0.0193936
v 0.00115138 0.11241 0.020128
v 0.0114984 0.0947536 0.0190902
v -0.0254991 0.0891596 0.0128811
v -0.0283365 0.0901087 0.0119305
v 0.0121155 0.118556 0.0201138
v 0.0140488 0.117765 0.0195211
v 0.0158637 0.116783 0.018912
v 0.0141108 0.114702 0.0192763
v 0.01634 0.11474 0.0184045
v 0.0155982 0.0952774 0.0187812
v 0.0133008 0.0907906 0.0195796
v 0.0172897 0.0921239 0.0189222
v -0.0480987 0.089868 0.00983436
v -0.0110818 0.120883 0.0284972
v -0.0099211 0.123639 0.0298127
v -0.00749621 0.122775 0.0276737
v -0.00825077 0.11978 0.0262059
v -0.00559923 0.121477 0.0260775
v -0.031246 0.0891402 0.0110062
v 0.00147679 0.11852 0.0223742
v -0.000154704 0.122303 0.0247053
v 0.00875884 0.0987483 0.0190055
v 0.0131142 0.0983514 0.0189665
v -0.0337211 0.0903766 0.0112628
v 0.00515783 0.114485 0.020309
v 0.00517225 0.115856 0.0207096
v 0.00319207 0.115296 0.0209495
v -0.0161654 0.11135 0.0237512
v -0.0152053 0.109642 0.0221089
v 0.00633034 0.105162 0.018312
v 0.00740546 0.101357 0.0189327
v 0.0151586 0.109675 0.0179139
v -0.001104 0.111598 0.0207283
v -0.00408334 0.123429 0.0265371
v -0.00174686 0.125821 0.027007
v 0.0022549 0.128068 0.0260604
v 0.00716257 0.115697 0.0200951
v 0.0176432 0.109923 0.0170958
v 0.00449955 0.0891318 0.0192179
v -0.000482172 0.114757 0.0215288
v -0.00527391 0.131513 0.0328109
v -0.0181046 0.107159 0.0208212
v -0.0136051 0.117795 0.0275121
v -0.0062497 0.136827 0.0379174
v 0.0184559 0.0974782 0.0180947
v -0.00516212 0.119782 0.0253391
v -0.00638703 0.11813 0.0246168
v 0.0197589 0.109231 0.0165923
v -0.0179 0.143102 0.0493868
v 0.00249732 0.0895667 0.018773
v -0.000892311 0.131044 0.0300103
v 0.0185095 0.095176 0.0183156
v -0.00243872 0.131166 0.0309547
v 0.0182624 0.113371 0.0177263
v 0.0179968 0.116539 0.0178765
v -0.0154576 0.14214 0.0472316
v -0.00172997 0.132923 0.0317524
v 0.00199053 0.125358 0.024973
v -0.0155877 0.113875 0.0252371
v -0.00315586 0.120883 0.0248982
v -0.00362873 0.11945 0.0245745
v 0.00443169 0.127282 0.0245041
v -0.0105265 0.0914657 0.0172828
v 0.000336617 0.088999 0.0187342
v -0.0921597 0.188404 0.0479667
v -0.0935471 0.189546 0.0492685
v -0.0935285 0.186688 0.0484798
v -0.111152 0.18343 0.0493973
v -0.11085 0.180908 0.0515968
v -0.109711 0.183853 0.0508568
v -0.120985 0.179575 0.0390224
v -0.122898 0.177969 0.0374555
v -0.123906 0.21553 0.0499367
v -0.124723 0.212903 0.0511582
v -0.123487 0.215048 0.0519476
v -0.125538 0.182827 0.0169151
v -0.110357 0.194094 0.0501657
v -0.110592 0.195373 0.0520934
v -0.112983 0.194551 0.0515098
v -0.123784 0.186003 0.0384126
v -0.124619 0.18678 0.0374205
v -0.124483 0.184504 0.0368598
v -0.111159 0.185755 0.0488673
v -0.113128 0.185823 0.0463328
v -0.112624 0.184342 0.048011
v -0.0954742 0.177387 0.0536674
v -0.123333 0.177968 0.0354296
v -0.115039 0.183852 0.0452175
v -0.116954 0.181247 0.045347
v -0.116075 0.181339 0.0472511
v -0.123724 0.181339 0.0367039
v -0.123179 0.179622 0.0358595
v -0.123152 0.179579 0.0367126
v -0.120819 0.220663 0.0493179
v -0.122094 0.218965 0.0501985
v -0.121112 0.218887 0.0513691
v -0.119801 0.181014 0.0401517
v -0.119714 0.178097 0.0403083
v -0.119265 0.179934 0.0410748
v -0.112389 0.210432 0.0572851
v -0.112193 0.208169 0.0577976
v -0.109967 0.209092 0.0561759
v -0.118228 0.207706 0.0590562
v -0.1197 0.209814 0.0577014
v -0.119943 0.206924 0.0584823
v -0.122008 0.20721 0.0574058
v -0.123818 0.179571 0.0349631
v -0.123268 0.176767 0.0336692
v -0.10923 0.190342 0.0485123
v -0.111497 0.189383 0.0481319
v -0.109835 0.187836 0.0487593
v -0.123653 0.189795 0.0408188
v -0.122307 0.186873 0.0397221
v -0.124015 0.183797 0.0372541
v -0.125934 0.207816 0.0528509
v -0.124808 0.210443 0.0538038
v -0.125535 0.210646 0.0511629
v -0.116894 0.20977 0.0587397
v -0.116488 0.207123 0.0595187
v -0.114032 0.208122 0.0589489
v -0.122897 0.183047 0.0378791
v -0.121732 0.184564 0.038569
v -0.120863 0.185473 0.0397581
v -0.120509 0.213738 0.0551869
v -0.123073 0.213139 0.0535864
v -0.122767 0.210277 0.0557583
v -0.121557 0.182282 0.0386792
v -0.125745 0.188983 0.0205856
v -0.125424 0.183774 0.0256795
v -0.12661 0.189372 0.0261981
v -0.109362 0.224211 0.0493549
v -0.107071 0.222035 0.0498419
v -0.114717 0.219536 0.0536253
v -0.116264 0.220864 0.0523592
v -0.117797 0.217285 0.0539875
v -0.117282 0.225266 0.0438742
v -0.119053 0.22408 0.0422419
v -0.118955 0.223191 0.0453021
v -0.118234 0.192724 0.0527302
v -0.114619 0.192074 0.050593
v -0.115397 0.193599 0.0529289
v -0.108737 0.217116 0.0535299
v -0.10908 0.219891 0.0522132
v -0.110837 0.21864 0.0537103
v -0.121582 0.216023 0.0527302
v -0.124732 0.193872 0.011345
v -0.118509 0.185046 0.0414443
v -0.118793 0.186318 0.0421679
v -0.119655 0.184725 0.0413994
v -0.0794241 0.189628 0.0554837
v -0.0832532 0.190301 0.0527123
v -0.125011 0.188357 0.0371289
v -0.125099 0.187325 0.0345663
v -0.124404 0.184141 0.0342452
v -0.125779 0.187229 0.0306615
v -0.123561 0.182277 0.0303818
v -0.118679 0.188166 0.0445198
v -0.117479 0.186365 0.0424635
v -0.116328 0.187567 0.0440789
v -0.0877906 0.199947 0.0484613
v -0.0894194 0.199335 0.0480448
v -0.0881642 0.198023 0.0477967
v -0.123861 0.179301 0.0315818
v -0.11435 0.183362 0.0476362
v -0.113841 0.184461 0.0466527
v -0.124618 0.181861 0.0346587
v -0.0903384 0.180789 0.0524965
v -0.0896654 0.17889 0.0530905
v -0.0873601 0.180423 0.0533041
v -0.113196 0.179474 0.0501608
v -0.111701 0.177832 0.0512792
v -0.0968437 0.186193 0.0497276
v -0.0987013 0.185169 0.0505714
v -0.0971439 0.18386 0.0505991
v -0.117933 0.205165 0.059613
v -0.124513 0.182214 0.0360937
v -0.114668 0.212207 0.057521
v -0.0948893 0.184501 0.0495486
v -0.0933719 0.183493 0.0504876
v -0.0927637 0.18465 0.049652
v -0.122079 0.21875 0.0327334
v -0.12078 0.222602 0.0305473
v -0.125914 0.203816 0.0107317
v -0.111785 0.22425 0.0498912
v -0.126649 0.204499 0.0369943
v -0.127365 0.203464 0.0415526
v -0.126701 0.20694 0.0396027
v -0.127702 0.191852 0.0299683
v -0.122926 0.217252 0.0510514
v -0.123206 0.218004 0.048934
v -0.124496 0.195928 -0.00122035
v -0.124539 0.202605 0.0032386
v -0.127212 0.190747 0.035006
v -0.121512 0.219936 0.0370698
v -0.119802 0.21633 0.0534322
v -0.119682 0.217899 0.0524343
v -0.114421 0.198291 0.0579206
v -0.118281 0.198628 0.0578075
v -0.118302 0.196774 0.0569502
v -0.103778 0.189382 0.0506878
v -0.101542 0.190206 0.0518148
v -0.103026 0.192785 0.0523774
v -0.125774 0.210003 0.0331048
v -0.126139 0.207107 0.0322375
v -0.120854 0.183936 0.0404455
v -0.114338 0.225239 0.0483423
v -0.0905356 0.199716 0.048251
v -0.0901822 0.198182 0.0475898
v -0.0997432 0.183284 0.0510711
v -0.100999 0.185287 0.0503984
v -0.101554 0.183523 0.0512571
v -0.108321 0.185778 0.0500061
v -0.120716 0.204875 0.0582997
v -0.112692 0.202263 0.0594688
v -0.112671 0.204792 0.0590596
v -0.115123 0.204846 0.0597299
v -0.12812 0.194495 0.0341909
v -0.122629 0.219134 0.0222571
v -0.124782 0.191802 0.0402553
v -0.126079 0.191671 0.0386761
v -0.123542 0.20459 0.0570762
v -0.125891 0.203944 0.0550977
v -0.124646 0.207401 0.0554868
v -0.088197 0.205772 0.0483032
v -0.11057 0.211477 0.0557693
v -0.112029 0.213179 0.0561627
v -0.0837485 0.202938 0.0500945
v -0.085704 0.201225 0.049153
v -0.0829765 0.200705 0.0509002
v -0.116778 0.194301 0.0541691
v -0.117903 0.195147 0.055436
v -0.128095 0.196008 0.0290779
v -0.122353 0.190164 0.0433344
v -0.123815 0.192008 0.0438703
v -0.126417 0.210173 0.0223819
v -0.126003 0.211084 0.0152429
v -0.12725 0.205655 0.0229328
v -0.127256 0.205588 0.0269815
v -0.12691 0.202872 0.0312428
v -0.126455 0.206864 0.0292512
v -0.127324 0.200698 0.0409966
v -0.124573 0.193803 0.0436344
v -0.109198 0.213952 0.0546792
v -0.128049 0.199009 0.032043
v -0.127118 0.200618 0.0363611
v -0.118972 0.202647 0.0586543
v -0.120981 0.181879 0.0398208
v -0.115074 0.202758 0.0596141
v -0.116563 0.203634 0.0598105
v -0.116617 0.202237 0.0594032
v -0.127988 0.204871 0.0431913
v -0.117688 0.213201 0.0568785
v -0.115298 0.215827 0.0555903
v -0.123709 0.180481 0.0374987
v -0.120685 0.18923 0.0444819
v -0.120951 0.188023 0.0416367
v -0.120881 0.194998 0.055308
v -0.120813 0.197785 0.0572143
v -0.126901 0.195726 0.0218862
v -0.125938 0.206034 0.054373
v -0.0903361 0.187858 0.0483517
v -0.119183 0.178885 0.0413579
v -0.126223 0.206817 0.012301
v -0.126172 0.208575 0.0128574
v -0.125973 0.208187 0.0113478
v -0.1241 0.199322 0.0565561
v -0.124439 0.201507 0.0564874
v -0.125317 0.198949 0.0556052
v -0.101375 0.187862 0.0506807
v -0.117964 0.177455 0.0437305
v -0.118969 0.179741 0.0426487
v -0.118363 0.177605 0.041713
v -0.100433 0.191593 0.0532377
v -0.120976 0.221341 0.0438117
v -0.120886 0.221226 0.0466796
v -0.121746 0.202281 0.0576237
v -0.119946 0.200249 0.0579286
v -0.108037 0.179979 0.0533718
v -0.108255 0.182739 0.0525808
v -0.127396 0.194689 0.0387674
v -0.116936 0.189262 0.046714
v -0.117139 0.226899 0.0343755
v -0.116573 0.226663 0.0401205
v -0.110269 0.202902 0.0585937
v -0.11984 0.190947 0.0488378
v -0.12221 0.191772 0.0473843
v -0.114651 0.200749 0.0594497
v -0.127823 0.197059 0.0365778
v -0.117605 0.203448 0.0595817
v -0.122568 0.199664 0.05729
v -0.118253 0.223433 0.0482439
v -0.116812 0.224901 0.0463413
v -0.125696 0.213132 0.0120419
v -0.118641 0.220573 0.0515777
v -0.11564 0.195768 0.0550709
v -0.116149 0.196677 0.0564756
v -0.113741 0.177173 0.0491382
v -0.111248 0.221403 0.0521916
v -0.113949 0.222583 0.0513593
v -0.123212 0.216889 0.029513
v -0.114466 0.195466 0.0541898
v -0.115565 0.195067 0.0539259
v -0.114359 0.194804 0.0534768
v -0.127001 0.203962 0.0176796
v -0.113561 0.215007 0.056016
v -0.111443 0.216037 0.0550862
v -0.112978 0.217876 0.0546941
v -0.116613 0.22293 0.0504952
v -0.127237 0.200316 0.0539478
v -0.126515 0.19852 0.0542479
v -0.127395 0.208409 0.0435755
v -0.111826 0.199877 0.0588275
v -0.11857 0.222152 0.049952
v -0.126442 0.204278 0.0334494
v -0.125815 0.210706 0.026746
v -0.125025 0.214037 0.0213901
v -0.127128 0.197838 0.0398719
v -0.115255 0.178773 0.048556
v -0.106083 0.218671 0.0514699
v -0.112153 0.187806 0.0475137
v -0.12406 0.214521 0.0401748
v -0.117232 0.20035 0.0589275
v -0.0901861 0.183349 0.0513304
v -0.104881 0.193112 0.0520046
v -0.10488 0.191592 0.0509406
v -0.111965 0.17555 0.0511375
v -0.125667 0.210724 0.0378581
v -0.0937947 0.181241 0.0516231
v -0.124787 0.213624 0.0327618
v -0.110664 0.205101 0.0579888
v -0.109409 0.200553 0.0585073
v -0.0996265 0.180437 0.0533332
v -0.098295 0.18195 0.0516637
v -0.0999188 0.181677 0.0519569
v -0.118741 0.225006 0.0383176
v -0.103668 0.186581 0.0500721
v -0.106567 0.1881 0.0493957
v -0.117774 0.1839 0.0419517
v -0.108032 0.192526 0.0494952
v -0.11032 0.192333 0.0488622
v -0.117854 0.182455 0.0436459
v -0.11905 0.181824 0.0419042
v -0.119317 0.183225 0.0413898
v -0.120359 0.182883 0.0407842
v -0.128094 0.201625 0.0444329
v -0.116061 0.185142 0.0429286
v -0.113898 0.197005 0.0561099
v -0.116857 0.190835 0.0493749
v -0.114984 0.227293 0.0443774
v -0.105723 0.189999 0.0500086
v -0.106392 0.191389 0.0500163
v -0.112225 0.206589 0.0585156
v -0.114395 0.181417 0.0488552
v -0.0918554 0.179696 0.0528442
v -0.106439 0.183944 0.0519139
v -0.107055 0.184985 0.0511964
v -0.108012 0.184355 0.0515088
v -0.0851595 0.187522 0.0520419
v -0.0853617 0.18942 0.0512126
v -0.086753 0.188828 0.050511
v -0.117863 0.17976 0.0444416
v -0.0853051 0.183604 0.0531187
v -0.0882708 0.186573 0.0505994
v -0.0969195 0.180721 0.0525713
v -0.096287 0.182207 0.0514919
v -0.106196 0.193126 0.0510445
v -0.0952007 0.183011 0.0507042
v -0.119687 0.223948 0.034921
v -0.120572 0.222342 0.0399128
v -0.0997275 0.205105 0.0527062
v -0.0966043 0.203114 0.0518836
v -0.0957444 0.205024 0.0500973
v -0.0984809 0.208191 0.0506026
v -0.0928896 0.204089 0.0489608
v -0.0940966 0.203186 0.0496516
v -0.0931523 0.201622 0.049397
v -0.0978454 0.201631 0.0538829
v -0.0956539 0.179365 0.0528521
v -0.108445 0.197741 0.0570207
v -0.105584 0.196448 0.0557626
v -0.104861 0.197377 0.0564129
v -0.104525 0.202036 0.0565892
v -0.103216 0.199739 0.0568314
v -0.100541 0.200348 0.0558415
v -0.0920042 0.198822 0.0490906
v -0.103753 0.195278 0.0550961
v -0.125529 0.19435 0.0487236
v -0.12433 0.193762 0.0504691
v -0.126228 0.195435 0.0517434
v -0.0858075 0.1985 0.0491736
v -0.105898 0.199693 0.057233
v -0.103299 0.198162 0.0567001
v -0.101041 0.197922 0.0562772
v -0.101383 0.202845 0.0548153
v -0.101926 0.195959 0.0560822
v -0.0992232 0.198218 0.0555533
v -0.112752 0.196021 0.0541304
v -0.101793 0.193709 0.0547429
v -0.0978961 0.199196 0.0548591
v -0.0938337 0.194283 0.0512065
v -0.0954756 0.193249 0.0530768
v -0.0939932 0.191748 0.0508855
v -0.099856 0.193587 0.0548491
v -0.0995516 0.195859 0.0555064
v -0.0993033 0.197198 0.0555503
v -0.0975633 0.190729 0.0528729
v -0.0950934 0.19042 0.0513979
v -0.0949361 0.196072 0.0528508
v -0.0972868 0.196558 0.0547318
v -0.0909515 0.185786 0.0494836
v -0.0977978 0.188283 0.0508663
v -0.0956363 0.188519 0.0502344
v -0.097793 0.19388 0.0545167
v -0.0955038 0.199027 0.0532341
v -0.122483 0.192765 0.0506191
v -0.123651 0.194613 0.0535074
v -0.09121 0.203569 0.0487266
v -0.0908626 0.205247 0.0484906
v -0.106285 0.195114 0.0539795
v -0.0927097 0.192291 0.0491177
v -0.0922544 0.195226 0.0490983
v -0.0953916 0.201274 0.0521216
v -0.0936452 0.197336 0.0510209
v -0.0878004 0.202173 0.0485668
v -0.087983 0.203814 0.0483585
v -0.111967 0.191128 0.048782
v -0.114096 0.189506 0.0479454
v -0.0938423 0.199983 0.0508463
v -0.0899061 0.177136 0.0535905
v -0.0946989 0.202258 0.0505929
v -0.123536 0.197388 0.0560405
v -0.105137 0.179479 0.0540472
v -0.102124 0.181593 0.0523108
v -0.105645 0.181721 0.0526514
v -0.105883 0.185507 0.0507595
v -0.0995725 0.189119 0.0517525
v -0.097727 0.178928 0.0540338
v -0.127515 0.197439 0.052695
v -0.125586 0.196682 0.0541351
v -0.0881278 0.189007 0.0494109
v -0.125081 0.195084 0.052726
v -0.0811573 0.192795 0.0539764
v -0.112989 0.182395 0.0497044
v -0.112586 0.176923 0.0499682
v -0.106474 0.209205 0.0543513
v -0.104887 0.207917 0.0540489
v -0.103911 0.208735 0.0531832
v -0.103313 0.207048 0.053663
v -0.101565 0.208655 0.0519781
v -0.113924 0.18755 0.0462928
v -0.114468 0.186554 0.0444328
v -0.105919 0.212256 0.0534751
v -0.105963 0.215421 0.0528941
v -0.102894 0.213447 0.051882
v -0.102092 0.216214 0.0504156
v -0.103631 0.183915 0.0511679
v -0.108162 0.203557 0.057288
v -0.106162 0.204728 0.0560717
v -0.103696 0.210599 0.05255
v -0.0832548 0.194769 0.0517343
v -0.0804162 0.195241 0.05405
v -0.080857 0.198026 0.0528731
v -0.127164 0.195807 0.0501481
v -0.0836155 0.197484 0.0507736
v -0.108651 0.211118 0.0547658
v -0.0999317 0.213782 0.0504534
v -0.099806 0.211261 0.0509901
v -0.0901275 0.207483 0.0482221
v -0.0924706 0.207539 0.0486424
v -0.108563 0.206217 0.0562027
v -0.0896656 0.200898 0.0483837
v -0.0914289 0.201659 0.0484369
v -0.105365 0.206622 0.0551375
v -0.103566 0.20474 0.0549103
v -0.111117 0.19719 0.055921
v -0.108584 0.196357 0.0555968
v -0.109332 0.19596 0.053954
v -0.088927 0.190116 0.048248
v -0.1121 0.19299 0.0496435
v -0.115255 0.188125 0.0459823
v -0.110911 0.206903 0.0573977
v -0.107769 0.201718 0.0578393
v -0.12142 0.193001 0.0525747
v -0.1278 0.200268 0.0254932
v -0.127781 0.202338 0.0281267
v -0.0879219 0.194258 0.0477728
v -0.0898374 0.193832 0.0474203
v -0.0891654 0.192109 0.0477068
v -0.0971313 0.212648 0.0493803
v -0.0953476 0.208032 0.049149
v -0.0942978 0.206217 0.0491347
v -0.0968611 0.210451 0.0496375
v -0.124036 0.192433 0.0465001
v -0.124915 0.193548 0.0459067
v -0.126662 0.195312 0.0472077
v -0.128427 0.198688 0.0515394
v -0.127204 0.197162 0.0448924
v -0.127848 0.197126 0.0494737
v -0.128413 0.198355 0.0492562
v -0.128368 0.19974 0.0508303
v -0.107231 0.190356 0.0492192
v -0.119908 0.186714 0.0418412
v -0.124252 0.214551 0.0457971
v -0.123228 0.216378 0.0448823
v -0.122383 0.219041 0.0453386
v -0.122562 0.21897 0.0420451
v -0.126942 0.205213 0.0531912
v -0.127558 0.202622 0.0533103
v -0.123053 0.217667 0.0467892
v -0.12371 0.21583 0.047635
v -0.125114 0.212174 0.0478388
v -0.126225 0.20895 0.0498914
v -0.124579 0.214175 0.0486
v -0.127091 0.206335 0.0513043
v -0.128106 0.203451 0.0505844
v -0.127551 0.207144 0.0481406
v -0.128345 0.204227 0.0467068
v -0.126317 0.210323 0.0460185
v -0.122221 0.219255 0.0475386
v -0.127983 0.201077 0.0528311
v -0.128445 0.201499 0.0516529
v -0.128026 0.201288 0.047518
v -0.128201 0.200567 0.0495656
v -0.107335 0.177259 0.054682
v -0.109891 0.177388 0.0529423
v -0.0999203 0.178634 0.0550722
v -0.0935097 0.17638 0.0533042
v -0.10819 0.194682 0.0515373
v -0.0889432 0.176734 0.053763
v -0.0936939 0.179148 0.0528807
v -0.0922939 0.177734 0.0528618
v -0.102308 0.178787 0.0548446
v -0.099159 0.187011 0.0504907
v -0.0797112 0.200938 0.0526929
v -0.104809 0.17753 0.0552473
v -0.111148 0.17631 0.0518245
v -0.091297 0.190401 0.0477214
v -0.0912128 0.193017 0.0478602
v -0.0863304 0.191451 0.0493135
v -0.0858631 0.194481 0.049192
v -0.0908295 0.194782 0.0477601
v -0.0907791 0.196411 0.0477234
v -0.0897642 0.1951 0.047491
v -0.0890399 0.196412 0.0475511
v -0.0869701 0.196344 0.0485089
v -0.0852414 0.196381 0.049901
v -0.0895994 0.203198 0.0485594
v -0.0561255 0.211131 0.0583987
v -0.052833 0.212387 0.0595524
v -0.0535868 0.214215 0.0585591
v -0.0501859 0.211506 0.0608763
v -0.0507873 0.214027 0.0598101
v -0.0531885 0.210871 0.0600748
v -0.0547464 0.209196 0.0598022
v -0.0580532 0.206934 0.0590603
v -0.0539777 0.207276 0.0608272
v -0.0502706 0.216952 0.0588157
v -0.0540355 0.216592 0.0578286
v -0.0523858 0.209322 0.060671
v -0.0505192 0.207266 0.0617618
v -0.055536 0.205324 0.0606697
v -0.0531313 0.205022 0.061299
v -0.0552341 0.203543 0.0609191
v -0.0689423 0.193343 0.0585386
v -0.0710503 0.195529 0.0574795
v -0.0711145 0.192202 0.0581723
v -0.0578199 0.20349 0.060271
v -0.05648 0.201413 0.060907
v -0.0689499 0.190918 0.0590146
v -0.0622334 0.202889 0.0583245
v -0.0657146 0.199793 0.0579069
v -0.0627759 0.199104 0.0591274
v -0.0509897 0.203543 0.0617908
v -0.0672767 0.193554 0.0588456
v -0.0680979 0.195141 0.0581708
v -0.0678776 0.19234 0.0588037
v -0.0596975 0.20005 0.0597801
v -0.0470805 0.215018 0.0602818
v -0.0486252 0.204592 0.0623628
v -0.0536003 0.202335 0.0613841
v -0.0669004 0.191713 0.0593535
v -0.0483153 0.201699 0.062365
v -0.0512829 0.20015 0.0615067
v -0.0674175 0.179917 0.0612533
v -0.0698281 0.182021 0.0607561
v -0.0677855 0.187497 0.0599997
v -0.0573953 0.199122 0.0604907
v -0.0548537 0.199185 0.0609811
v -0.0589986 0.197283 0.0604495
v -0.0613443 0.196868 0.059756
v -0.0650273 0.195149 0.0591584
v -0.0599231 0.195215 0.0602869
v -0.0643257 0.180738 0.0614975
v -0.0618088 0.17724 0.0624444
v -0.0595129 0.180586 0.062152
v -0.0535472 0.191192 0.0620771
v -0.0525762 0.194896 0.0620145
v -0.0560003 0.193758 0.0610969
v -0.0593163 0.189399 0.0610434
v -0.056751 0.189484 0.0615048
v -0.0592935 0.19237 0.0606599
v -0.0651273 0.190539 0.059736
v -0.0622471 0.191219 0.0601448
v -0.0616463 0.194242 0.0601461
v -0.0571032 0.214318 0.057252
v -0.0685262 0.19789 0.0577019
v -0.0668408 0.18173 0.0613202
v -0.0658147 0.182629 0.0612622
v -0.0670431 0.183701 0.0608963
v -0.0585474 0.18388 0.0618446
v -0.061613 0.184599 0.0616143
v -0.052853 0.197709 0.0611395
v -0.0509256 0.188942 0.0625143
v -0.0503517 0.192475 0.0624916
v -0.0651546 0.184341 0.0612612
v -0.0508007 0.19743 0.0618082
v -0.0545225 0.196667 0.0610141
v -0.0567476 0.196879 0.060802
v -0.0637999 0.187782 0.060736
v -0.0604208 0.190315 0.0608158
v -0.048284 0.197866 0.0624192
v -0.0582574 0.195151 0.0606968
v -0.0514149 0.186024 0.0627113
v -0.0531026 0.184121 0.0623017
v -0.0496065 0.184034 0.0628433
v -0.0499954 0.195525 0.0622778
v -0.0611519 0.188334 0.0609013
v -0.055751 0.182215 0.0620547
v -0.0563622 0.185423 0.0615841
v -0.0475666 0.194366 0.0629042
v -0.059004 0.186731 0.0613758
v -0.0520318 0.181291 0.0628043
v -0.0537648 0.187299 0.0620177
v -0.0477482 0.190368 0.0627074
v -0.0487068 0.186991 0.0628647
v 0.00483736 0.130478 0.0261818
v 0.00448656 0.133757 0.0291275
v 0.00135785 0.132146 0.0296357
v 0.0190283 0.154581 0.0267342
v 0.0178981 0.156002 0.0294285
v 0.017831 0.152682 0.0279118
v -0.0705378 0.206558 0.0536336
v -0.0710344 0.203391 0.0549894
v -0.0674935 0.205264 0.0554495
v -0.0761479 0.202509 0.0536379
v -0.0695805 0.232183 0.0596073
v -0.0691584 0.234738 0.0603856
v -0.0699652 0.23353 0.0599335
v -0.0680493 0.210346 0.0532874
v -0.070181 0.211245 0.0519672
v -0.0700163 0.20894 0.0527566
v 0.0180086 0.164406 0.0325138
v 0.0166807 0.159369 0.032737
v 0.0198584 0.160852 0.0288022
v -0.0745015 0.255145 0.063211
v -0.0767952 0.256435 0.0614981
v -0.075944 0.253727 0.0630732
v -0.0769056 0.23801 0.0576608
v -0.0774197 0.239734 0.0580375
v -0.0788569 0.238528 0.0568389
v -0.0782666 0.231871 0.0500342
v -0.0768704 0.22976 0.050788
v -0.077201 0.231673 0.052413
v -0.0807341 0.262607 0.0578133
v -0.076505 0.266146 0.0574034
v 0.0134299 0.159694 0.035629
v 0.0139453 0.157256 0.0348665
v 0.0149101 0.159571 0.0346596
v 0.0152471 0.162344 0.0350466
v -0.068303 0.251083 0.0654882
v -0.0692426 0.252538 0.0652371
v -0.0709215 0.251507 0.0644986
v -0.0702682 0.249029 0.0637426
v 0.0153997 0.155784 0.032488
v 0.0129843 0.154359 0.0340561
v 0.0156264 0.152843 0.0311275
v -0.0705819 0.25389 0.0645483
v -0.0734457 0.252793 0.0640571
v -0.0727392 0.255121 0.0638725
v -0.0694259 0.237066 0.0620465
v -0.0715897 0.236566 0.0607474
v 0.0198399 0.15295 0.0247276
v -0.0671433 0.208176 0.0543161
v -0.0631434 0.209539 0.0556568
v -0.0658366 0.21076 0.0543619
v 0.0150655 0.150206 0.0307472
v 0.0123627 0.15058 0.0328991
v -0.0787109 0.25368 0.0620569
v -0.0813428 0.254718 0.0603518
v -0.0815193 0.252309 0.0607477
v 0.0122643 0.14715 0.031597
v 0.0139708 0.148968 0.031002
v 0.0167287 0.150537 0.0288069
v 0.0189418 0.14912 0.025073
v 0.00902665 0.144438 0.0332738
v 0.00973615 0.14696 0.0337622
v 0.00798482 0.146091 0.0350819
v 0.0151782 0.147513 0.0288925
v -0.0746279 0.21991 0.0511431
v -0.0760244 0.217663 0.0491091
v -0.0726949 0.216584 0.0508414
v -0.0666009 0.202814 0.0566335
v -0.00810689 0.145943 0.0441973
v -0.0103246 0.143402 0.0437895
v -0.006973 0.14333 0.0426807
v 0.0115813 0.144338 0.030575
v 0.0131934 0.143489 0.0283109
v 0.0133502 0.145618 0.0296469
v 0.00641948 0.144505 0.0356626
v 0.00483876 0.142035 0.0349355
v 0.00929877 0.141971 0.0309901
v 0.0108031 0.148349 0.033503
v 0.0112015 0.141016 0.0285844
v 0.00576484 0.140047 0.0320369
v -0.0104092 0.139736 0.0421996
v -0.00757313 0.140551 0.0415149
v -0.00847277 0.138596 0.0405276
v -0.00419649 0.142142 0.040807
v -0.000352681 0.140697 0.0373581
v 0.00226831 0.139123 0.0340819
v 0.00847241 0.139221 0.0292887
v -0.00161791 0.137542 0.0353813
v 0.00451484 0.138112 0.031652
v -0.0770324 0.199201 0.0544227
v -0.0783844 0.230317 0.0486185
v -0.0792547 0.232253 0.0477909
v 0.00153625 0.135643 0.0320817
v 0.00977442 0.137293 0.0276478
v 0.0113711 0.137124 0.0262469
v -0.0666446 0.2324 0.0598945
v -0.00286931 0.135131 0.0340535
v 0.00949803 0.134266 0.0260607
v -0.0733026 0.257991 0.0620572
v 0.00620827 0.136291 0.0295037
v 0.00924605 0.13104 0.0240936
v 0.0187897 0.29664 0.0606057
v 0.0173749 0.294302 0.0588265
v 0.0195244 0.29406 0.0596411
v 0.0143777 0.292933 0.0565613
v 0.0157838 0.297031 0.0587756
v 0.0105815 0.296519 0.0550239
v 0.0166964 0.144909 0.0253628
v 0.011082 0.261086 0.0503662
v 0.00969806 0.260073 0.050223
v 0.0120021 0.258908 0.0505141
v -0.0133907 0.282436 0.0535419
v -0.0134226 0.278946 0.0536092
v -0.0108266 0.280932 0.0533618
v 0.00799736 0.289376 0.0526897
v 0.00753665 0.292975 0.0524323
v 0.00485346 0.291953 0.0509755
v 0.00386107 0.254928 0.0506704
v 0.00633186 0.253551 0.0503609
v 0.00687075 0.255609 0.0496906
v -0.00979626 0.310141 0.0436143
v -0.0131381 0.311733 0.0420253
v -0.0133054 0.308497 0.0428646
v 0.00305206 0.304617 0.0502614
v 0.00529093 0.302658 0.0514926
v 0.00539675 0.307525 0.0520432
v -0.00199383 0.310918 0.0469151
v -0.00182921 0.306592 0.0478158
v 0.000749618 0.308417 0.0486431
v -0.0452562 0.302169 0.0474613
v -0.0507197 0.299889 0.0488315
v 0.0163501 0.288741 0.0566495
v 0.0181566 0.291389 0.0586593
v 0.0101683 0.265533 0.0508823
v 0.00884303 0.263716 0.0503719
v 0.0109733 0.262808 0.0508933
v 0.00772002 0.279733 0.0528533
v 0.00869823 0.283697 0.0532507
v 0.00512359 0.282351 0.0523574
v -0.00722727 0.314515 0.043458
v -0.010499 0.317391 0.0419317
v -0.0108206 0.31374 0.0424578
v 0.0141191 0.275559 0.0521897
v 0.0157507 0.277527 0.0537751
v 0.0128327 0.278084 0.0533118
v 0.010493 0.292126 0.0541875
v -0.000331819 0.264761 0.0520256
v -0.00130546 0.261703 0.0525849
v 0.00149873 0.262254 0.0518432
v -0.0767846 0.261025 0.0597006
v -0.0698147 0.261132 0.061168
v -0.0664108 0.258397 0.0627246
v -0.0663743 0.262435 0.0607752
v 0.0163365 0.273392 0.0513646
v 0.0125829 0.272822 0.051296
v 0.0143285 0.270897 0.0510589
v 0.00327089 0.29532 0.0497354
v 0.00645572 0.295936 0.0513034
v 0.00384963 0.299691 0.0500204
v -0.010587 0.320726 0.0415215
v -0.056109 0.282044 0.056884
v -0.0602897 0.279152 0.0576501
v -0.0557464 0.278078 0.058593
v 0.00146326 0.292605 0.0497672
v 0.00336471 0.289288 0.0510558
v -0.0244303 0.303291 0.0446784
v -0.0218777 0.301548 0.0457847
v -0.0204056 0.305046 0.043453
v -0.00773135 0.28218 0.0532237
v -0.00810573 0.285611 0.0530918
v -0.0114901 0.283949 0.0535919
v 0.0140822 0.287145 0.0555254
v 0.0126382 0.289523 0.0547015
v 0.00119376 0.285718 0.051503
v 0.00212836 0.280179 0.0526349
v -0.0258092 0.3003 0.0464098
v -0.0315519 0.30135 0.0470477
v -0.0279436 0.296649 0.0485676
v -6.36578e-05 0.29553 0.0488984
v 0.0102959 0.256801 0.0500361
v 0.0123057 0.256462 0.0502915
v 0.0160862 0.282847 0.0564375
v 0.0173482 0.284251 0.0577302
v 0.0160355 0.285674 0.0564305
v -0.0643956 0.273428 0.0582475
v -0.0584137 0.274407 0.0591007
v -0.0465841 0.293186 0.0525089
v -0.0475449 0.288565 0.054558
v -0.04338 0.291428 0.0533459
v -0.0713409 0.256137 0.0635669
v -0.00179714 0.302771 0.0484028
v 0.000710517 0.303415 0.0489225
v 0.00125372 0.276739 0.052817
v 0.000272602 0.27871 0.0531441
v 0.0108696 0.2806 0.0534515
v -0.00412339 0.321137 0.0438316
v -0.00818503 0.3237 0.0419876
v -0.00817201 0.319477 0.0421695
v -0.00441417 0.304903 0.0474709
v 0.00526634 0.279089 0.0528058
v -0.0709198 0.273667 0.0563454
v -0.0765531 0.271147 0.0559094
v -0.0740064 0.26968 0.0569236
v -0.0053153 0.14474 0.042481
v -0.00434256 0.273334 0.0521258
v -0.00656569 0.273024 0.0521659
v -0.00506175 0.271953 0.0521011
v -0.021523 0.298378 0.0472455
v -0.040676 0.302168 0.0472795
v -0.0421217 0.29915 0.0491389
v -0.0666395 0.236309 0.0623477
v 0.0198318 0.287627 0.0588585
v 0.0177645 0.286279 0.0574953
v 0.018727 0.284695 0.0585408
v -0.00143898 0.254917 0.0508252
v -0.000932217 0.252851 0.0513864
v 0.00140712 0.253357 0.0511667
v -0.0041829 0.280146 0.0527901
v -0.00495377 0.283734 0.0531672
v 0.00711909 0.299366 0.0523007
v 0.00852039 0.256772 0.0496373
v 0.00943556 0.255269 0.0495722
v -0.0032596 0.271544 0.0518813
v -0.00551596 0.27033 0.0518277
v 0.00975758 0.277444 0.0524954
v -0.00532433 0.285993 0.0524328
v -0.0725876 0.185984 0.0589617
v -0.0733769 0.1887 0.0581788
v -0.0756632 0.188454 0.0575089
v -0.0190546 0.302499 0.0455001
v -0.0176308 0.304064 0.0447413
v -0.00140545 0.273971 0.0523454
v 0.00715497 0.260396 0.0499658
v 0.00670269 0.25793 0.0497542
v 0.0090763 0.258572 0.0494427
v -0.00016734 0.270248 0.0521675
v 0.000748396 0.267575 0.052337
v 0.0033164 0.268843 0.0515497
v -0.00754231 0.30662 0.0459179
v -0.00725633 0.310372 0.0445732
v -0.00244483 0.282387 0.0525808
v -0.00100249 0.280322 0.0528453
v -0.0719829 0.267846 0.0580437
v 0.0109955 0.286277 0.0540707
v 0.00836626 0.286329 0.0529766
v -0.0809434 0.237585 0.0522013
v -0.0792386 0.237493 0.0546727
v -0.0810461 0.239033 0.0544798
v 0.00569826 0.286032 0.052093
v -0.00918457 0.303653 0.0471617
v -0.00671691 0.302841 0.0477811
v -0.0319499 0.296268 0.0494416
v -0.0291081 0.29416 0.0496867
v -0.0646069 0.206761 0.0562182
v 0.000546664 0.257474 0.0516266
v 0.000871092 0.255843 0.0510395
v 0.00239855 0.256643 0.0509494
v -0.0596247 0.209295 0.0570263
v -0.0597879 0.211712 0.0561929
v -0.0583227 0.277159 0.058566
v 0.00692067 0.275493 0.0519507
v 0.00914142 0.275069 0.0520858
v -0.0603909 0.269624 0.0597517
v -0.00266564 0.285207 0.0519496
v 0.0119041 0.283259 0.0538535
v 0.0138705 0.281156 0.0546501
v 0.0141454 0.284515 0.0552251
v -0.0135863 0.31556 0.0416173
v -0.0260099 0.292496 0.05028
v -0.0297303 0.291799 0.0508483
v -0.029954 0.28911 0.0522013
v -0.056891 0.216779 0.057484
v -0.00909513 0.300105 0.0486027
v 9.05991e-06 0.299111 0.0485674
v -0.0554935 0.218836 0.0579642
v -0.0580795 0.218149 0.0576101
v -0.0493949 0.267972 0.0608531
v -0.046904 0.2698 0.0606041
v -0.0514913 0.27043 0.0604112
v 0.00750744 0.302804 0.0538389
v 0.0170258 0.27993 0.0556153
v 0.0147622 0.27899 0.0546604
v -0.00163162 0.267513 0.0520437
v -0.0681134 0.269227 0.0584677
v -0.0446352 0.284171 0.0565898
v -0.0412435 0.287688 0.0551227
v 0.00905192 0.261801 0.0501781
v 0.00713971 0.265065 0.0511033
v 0.00792697 0.268115 0.050915
v 0.0184324 0.282224 0.0579829
v 0.00563356 0.293757 0.0508899
v -0.0023841 0.324217 0.0440617
v 0.000432909 0.323739 0.0455381
v -0.00276965 0.32791 0.0433971
v 0.000912994 0.258644 0.0522718
v 0.00264567 0.259528 0.0513238
v 0.000396669 0.26019 0.0524194
v 0.0170875 0.27578 0.0524061
v -0.0725145 0.199506 0.0558728
v -0.0689073 0.200726 0.0564798
v -0.039061 0.291198 0.0535385
v -0.0414777 0.295008 0.0514947
v -0.0357976 0.279002 0.0566767
v -0.0401401 0.282404 0.056724
v -0.0394484 0.278511 0.0576093
v 0.0114525 0.250088 0.048865
v 0.0106596 0.248522 0.0493099
v 0.0124303 0.248369 0.0486934
v -0.0624887 0.261878 0.0615044
v -0.059983 0.265616 0.0608045
v -0.0644618 0.266804 0.0596821
v 0.00268975 0.311721 0.049395
v 0.00288925 0.308157 0.0500886
v 0.00603509 0.270895 0.0520108
v 0.00920606 0.27241 0.0517537
v 0.00685155 0.26294 0.0505352
v 0.004044 0.261953 0.0509332
v -0.0509609 0.26125 0.0621845
v -0.0484462 0.263675 0.0612427
v -0.0500317 0.265406 0.0613501
v 0.00489742 0.264023 0.0514995
v -0.00111583 0.318741 0.0459
v -0.0463946 0.266296 0.0608529
v -0.00326255 0.315164 0.0453268
v -0.0192512 0.300534 0.0466695
v 0.00269362 0.264367 0.0517699
v 0.0134779 0.250139 0.0483264
v 0.0154844 0.249977 0.0480176
v 0.0143372 0.25227 0.0479082
v -0.00904343 0.275182 0.0528139
v -0.00509983 0.276038 0.0524365
v -0.00799319 0.278647 0.0527372
v 0.00863293 0.253303 0.0499741
v 0.0107731 0.253847 0.0490852
v 0.00419274 0.257398 0.0503736
v 0.00487736 0.259513 0.0504659
v -0.0520492 0.281306 0.0574334
v -0.0530499 0.285783 0.0555603
v -0.0155647 0.302144 0.0464159
v -0.0117321 0.302165 0.0475082
v -0.011602 0.305634 0.0451439
v -0.0245522 0.305851 0.0430714
v -0.0380712 0.288551 0.0544235
v -0.0348324 0.289244 0.0532801
v -0.00133643 0.259181 0.0523647
v -0.0529585 0.292563 0.0526187
v -0.0469503 0.297121 0.0503221
v -0.0524059 0.274516 0.0593512
v -0.0484933 0.272596 0.0599555
v -0.00419757 0.263814 0.0520001
v -0.0475469 0.275487 0.0593234
v -0.05072 0.277976 0.0585349
v -0.00386548 0.30063 0.048409
v -0.0646493 0.204501 0.0571039
v 0.00547194 0.268557 0.0515074
v 0.0130228 0.25441 0.0489803
v 0.012177 0.252115 0.0482694
v 0.0143448 0.2481 0.047969
v 0.0130594 0.246812 0.0483125
v -0.000488132 0.282741 0.0521147
v 0.0111851 0.255345 0.0494794
v 0.00486791 0.266436 0.0516943
v -0.070831 0.237511 0.0621714
v -0.0717815 0.238359 0.0617735
v -0.0584825 0.285956 0.0551421
v -0.00161588 0.277597 0.0527198
v -0.0365542 0.285146 0.0551929
v -0.00181121 0.257293 0.0510883
v -0.00403804 0.256188 0.0508739
v 0.00265703 0.318236 0.0482367
v 0.00641087 0.324753 0.0494532
v 0.0112527 0.275217 0.0520082
v -0.0341661 0.295773 0.0502325
v -0.0329809 0.294063 0.0506607
v -0.0035046 0.252587 0.0512739
v -0.00108573 0.251212 0.0520342
v -0.00481462 0.309885 0.046059
v 0.0105505 0.267688 0.050828
v 0.00383133 0.276786 0.0524522
v 0.0198016 0.27725 0.0542548
v 0.0193289 0.274715 0.0516655
v -8.33273e-05 0.314162 0.0472753
v -0.00649014 0.299782 0.0486576
v 0.0110913 0.26984 0.0509479
v 0.00237972 0.266379 0.0521823
v -0.0311558 0.2935 0.0504249
v 0.00296187 0.273285 0.0523459
v -0.00349396 0.260903 0.0522747
v 0.00525633 0.313587 0.050621
v -0.0729587 0.263144 0.0596349
v -0.079967 0.273452 0.05424
v -0.0697135 0.229818 0.0584037
v -0.0717026 0.23134 0.0582845
v 0.00484914 0.250395 0.0523819
v 0.00672832 0.251671 0.0509057
v 0.00437891 0.252522 0.0512976
v -0.0669796 0.25404 0.0651255
v 0.000412583 0.251842 0.0518971
v -0.0537241 0.264774 0.0614213
v -0.0594238 0.259654 0.0626889
v -0.0622474 0.258214 0.0630593
v -0.0120653 0.274164 0.0532378
v -0.00929263 0.271578 0.0520167
v -0.00730523 0.327612 0.0415639
v -0.0174283 0.309608 0.0414421
v -0.0160337 0.313399 0.0406993
v -0.0691537 0.255901 0.0637065
v 0.015773 0.253119 0.0472499
v 0.0147676 0.254085 0.0481267
v -0.0157995 0.305674 0.0437641
v -0.0598997 0.255811 0.0641162
v -0.0571918 0.254568 0.0643118
v -0.056771 0.257555 0.0633207
v -0.0689644 0.264932 0.059567
v -0.010599 0.277924 0.0529357
v -0.0118769 0.276306 0.0534336
v 0.0029195 0.262974 0.0514647
v 0.00351933 0.263447 0.0513558
v -0.0118736 0.282479 0.0535175
v -0.0029732 0.269325 0.0517119
v -0.0323448 0.285876 0.0540482
v -0.0325761 0.282086 0.0552251
v -0.0325193 0.291682 0.0513722
v -0.0360982 0.293645 0.0514286
v -0.00410846 0.268071 0.051757
v -0.00346044 0.266133 0.0518835
v -0.0064902 0.267312 0.0516667
v -0.0521753 0.267498 0.060877
v -0.00449118 0.25919 0.0516568
v -0.023784 0.295905 0.0482507
v 0.013204 0.261572 0.0505268
v -0.0366891 0.298726 0.0491311
v 0.0020847 0.251033 0.0525706
v -0.0555136 0.271642 0.0596033
v -0.0536086 0.258645 0.0631464
v -0.051827 0.258891 0.0629978
v -0.0578106 0.27103 0.0597799
v -0.0562108 0.268378 0.0604633
v -0.0422254 0.278197 0.0582686
v -0.0428218 0.280975 0.0574168
v -0.0464789 0.279809 0.058175
v 0.0101728 0.25173 0.0492851
v 0.00857547 0.251285 0.0505385
v -0.0410623 0.279858 0.0575168
v 0.00211281 0.257845 0.0514068
v 0.0110508 0.246718 0.0493852
v -0.0556472 0.261436 0.0622026
v -0.0590832 0.262737 0.0617214
v 0.00696 0.249614 0.0518897
v -0.0570352 0.264576 0.0613358
v 0.00941494 0.249604 0.0503911
v 0.000352889 0.2509 0.0526265
v 0.000143409 0.249428 0.0532616
v 0.0166098 0.254351 0.0481669
v 0.0151565 0.255191 0.0494612
v 0.0160349 0.251545 0.0472279
v 0.0176392 0.252598 0.0472112
v -0.0488386 0.284245 0.056488
v -0.0513396 0.256759 0.0634587
v -0.054678 0.255466 0.0638709
v -0.0558811 0.252486 0.0649452
v -0.0532613 0.252957 0.0648526
v -0.0712129 0.18932 0.0585574
v -0.0769979 0.226476 0.0528678
v -0.0758756 0.227327 0.0531961
v -0.0774165 0.227723 0.0512434
v -0.0648921 0.239092 0.0625155
v -0.063698 0.238327 0.0626935
v -0.0626366 0.239058 0.0622901
v -0.0649949 0.237607 0.0629253
v -0.0625394 0.237484 0.0625323
v -0.0675305 0.238456 0.0629324
v -0.0632924 0.235501 0.0623978
v -0.0656136 0.234465 0.0611261
v -0.0631951 0.233722 0.0613871
v -0.0642889 0.232891 0.0604724
v -0.0622378 0.231991 0.0597763
v -0.0663244 0.230107 0.0596389
v -0.0678891 0.230574 0.0591515
v -0.0645481 0.231039 0.0596525
v -0.0645451 0.228315 0.0597931
v -0.0678514 0.22792 0.0592395
v -0.0627779 0.229939 0.0593512
v -0.0688297 0.22498 0.0575463
v -0.0657283 0.225527 0.058792
v -0.0589361 0.231876 0.060046
v -0.0607562 0.233608 0.0610449
v -0.0604642 0.23196 0.0599342
v -0.0604593 0.230104 0.0595188
v -0.0663963 0.223119 0.057427
v -0.0585879 0.233792 0.0608924
v -0.0621805 0.227955 0.0597815
v -0.0630019 0.222484 0.0583917
v -0.0524069 0.170008 0.0630269
v -0.0542969 0.171193 0.06267
v -0.0630373 0.225887 0.0592956
v -0.0607171 0.226209 0.0593252
v -0.0607005 0.224219 0.0590734
v -0.0565347 0.232488 0.0597236
v -0.0579326 0.229775 0.0591986
v -0.0549797 0.229508 0.0586382
v -0.0450192 0.199645 0.0627339
v -0.0601932 0.219813 0.0578741
v -0.0601429 0.221758 0.0585982
v -0.0523494 0.172793 0.0629615
v -0.0481589 0.223554 0.0581646
v -0.0488718 0.226364 0.0581228
v -0.0515157 0.224497 0.0583872
v -0.0593788 0.227752 0.0591874
v -0.0577199 0.22517 0.0588513
v -0.0569379 0.227716 0.0587426
v -0.0477618 0.209413 0.0622155
v -0.0579914 0.222612 0.0587191
v -0.0449625 0.175942 0.0635872
v -0.0430267 0.179384 0.0636292
v -0.0464485 0.181415 0.0635442
v -0.0543864 0.226433 0.0588866
v -0.0397368 0.216353 0.0614212
v -0.0418876 0.217854 0.0607076
v -0.0429714 0.215229 0.0615033
v -0.0511514 0.178209 0.0629599
v -0.0485182 0.176933 0.063181
v -0.0515416 0.228498 0.0583724
v -0.0580285 0.220341 0.0582315
v -0.0454351 0.212007 0.061743
v -0.055835 0.222815 0.0586033
v -0.05624 0.221068 0.0584795
v -0.0537402 0.221554 0.0581584
v -0.0545135 0.224025 0.0588014
v -0.0446974 0.193043 0.0629315
v -0.0422178 0.190775 0.0630714
v -0.0423557 0.193762 0.0630708
v -0.0502776 0.171181 0.0630815
v -0.0527306 0.21917 0.0578421
v -0.0503497 0.221267 0.057979
v -0.0462345 0.226692 0.058058
v -0.0485413 0.221759 0.0582236
v -0.0505869 0.219046 0.0582429
v -0.0519296 0.217789 0.0580434
v -0.0477062 0.220492 0.0585534
v -0.0455902 0.196337 0.0628744
v -0.0578848 0.17704 0.0626055
v -0.0550269 0.179162 0.0625036
v -0.044975 0.190103 0.0632126
v -0.0432341 0.219954 0.0597705
v -0.0437904 0.223979 0.0587285
v -0.0463829 0.217925 0.0594162
v -0.0455196 0.209013 0.0625376
v -0.0431724 0.210242 0.0624316
v -0.0368493 0.213673 0.0617937
v -0.0403202 0.214026 0.0618783
v -0.0443513 0.217316 0.0603588
v -0.042358 0.212753 0.0620429
v -0.0402635 0.210834 0.0623248
v -0.0465245 0.185752 0.063071
v -0.0420098 0.20754 0.0628043
v -0.0397877 0.208049 0.0630029
v -0.0437759 0.208418 0.0627322
v -0.0543331 0.175831 0.0628686
v -0.0397148 0.205266 0.0631549
v -0.0444526 0.206361 0.0628237
v -0.0473044 0.206756 0.0626454
v -0.0456536 0.203476 0.0629579
v -0.0434217 0.201387 0.0629418
v -0.0487253 0.173642 0.0630668
v -0.0436163 0.186331 0.0631015
v -0.0395029 0.187454 0.0632436
v -0.0429858 0.1821 0.0635524
v -0.0429085 0.196196 0.0630178
v -0.0401112 0.195196 0.0629705
v -0.0412489 0.199475 0.0629831
v -0.04272 0.184299 0.063226
v -0.040851 0.183916 0.0636604
v -0.0447021 0.188046 0.0629739
v -0.0464191 0.18821 0.0631796
v -0.0578326 0.172291 0.062858
v -0.0509496 0.175453 0.063138
v -0.0552767 0.173019 0.0628848
v -0.078479 0.278525 0.0531818
v -0.0617765 0.207059 0.0570218
v -0.0477283 0.170572 0.0632977
v -0.0463351 0.173077 0.0635915
v -0.0421065 0.203675 0.0632959
v -0.0571888 0.174573 0.0629306
v -0.0502101 0.168892 0.0633522
v -0.056235 0.170988 0.0627349
v -0.0408061 0.181398 0.063671
v 0.0015969 0.186919 0.0470314
v 0.00225905 0.190013 0.0472183
v 0.000259191 0.189264 0.048219
v 0.00665259 0.150957 0.0373056
v 0.00928846 0.152831 0.0362109
v 0.00644866 0.153134 0.0382592
v -0.00404811 0.206851 0.0503828
v -0.00432098 0.209663 0.050472
v -0.00647569 0.208066 0.0517575
v 0.0051969 0.22633 0.0478893
v 0.00314182 0.226189 0.0481105
v 0.00446168 0.224346 0.0477585
v -0.00446501 0.229367 0.0515651
v -0.00475988 0.226158 0.051317
v -0.00251234 0.227817 0.0508275
v 0.00224426 0.224103 0.0484912
v -0.0156741 0.205687 0.0564007
v -0.0178955 0.205284 0.0571319
v -0.0160483 0.203743 0.0565657
v -0.00154597 0.225496 0.0503677
v -0.00769404 0.228125 0.0529344
v -0.00748146 0.224283 0.052378
v -0.010078 0.22563 0.0539212
v 0.00108242 0.225421 0.0493021
v 0.00302422 0.223184 0.0478246
v -0.0181231 0.202784 0.057359
v -0.0152133 0.200738 0.0560648
v -0.00450477 0.222902 0.0511941
v -0.0100468 0.222659 0.053472
v 0.00172585 0.221736 0.0486032
v 0.00373772 0.222205 0.0468995
v -0.0134836 0.204117 0.0554451
v -0.0145068 0.209199 0.0555837
v -0.0165071 0.210726 0.0560524
v -0.0172156 0.207871 0.0564585
v -0.00780991 0.220047 0.0521636
v 0.00418049 0.220504 0.0458855
v 0.00441903 0.218631 0.0453602
v 0.00617409 0.220112 0.0453151
v 0.00251114 0.219806 0.047037
v -0.0023967 0.221409 0.0505892
v -0.00033164 0.223 0.0497514
v -0.00220326 0.223135 0.0506587
v -0.0110596 0.200102 0.0539891
v -0.0117256 0.207982 0.0545244
v -0.0141716 0.207211 0.0555219
v -0.0126207 0.212008 0.0547971
v -0.000652254 0.220925 0.0496143
v 0.000225902 0.219402 0.0484054
v -0.0106432 0.204623 0.0540333
v -0.0123698 0.205937 0.0548591
v 0.00116625 0.218388 0.047425
v -0.0078105 0.202732 0.0524235
v -0.00939515 0.209168 0.0533686
v 0.000173718 0.216709 0.0477964
v -0.00865814 0.206397 0.0530578
v -0.00674212 0.205461 0.0516977
v -0.00470772 0.220123 0.0509457
v -0.00539359 0.217409 0.0508914
v -0.00239405 0.218682 0.0496484
v 0.00264022 0.217158 0.0462981
v -0.00518432 0.205754 0.0510051
v -0.00816077 0.21135 0.0525186
v 0.00289291 0.213402 0.0459623
v -0.00557286 0.204179 0.0513799
v -0.00545064 0.213547 0.0509755
v -0.00252771 0.215352 0.0491973
v -0.00632623 0.200291 0.0518837
v -0.0054397 0.202158 0.0514165
v -0.00398204 0.200148 0.0507333
v -0.00168818 0.206298 0.0491357
v -0.000993073 0.210994 0.0487958
v 0.0012801 0.212073 0.0472923
v 0.00237083 0.209624 0.0468296
v 4.09782e-05 0.213863 0.0478241
v -0.00211531 0.202526 0.0492302
v -0.00383735 0.204078 0.0504896
v 0.00124687 0.206293 0.0473497
v -0.00176266 0.200265 0.049243
v 4.64022e-05 0.20253 0.048089
v 0.00377211 0.205329 0.0455847
v 0.00236928 0.203015 0.0466334
v -0.000216067 0.198415 0.0483983
v -0.00759304 0.193792 0.052219
v -0.00454414 0.191674 0.0511001
v -0.0044156 0.195738 0.050769
v -0.00968611 0.190593 0.0531645
v -0.00886288 0.188529 0.0526767
v -0.00706771 0.190088 0.0520557
v 0.0110416 0.2009 0.0408199
v 0.00946715 0.197252 0.0428797
v 0.0124364 0.197191 0.0406905
v -0.00216344 0.196176 0.0496533
v -0.00265446 0.198119 0.0495886
v 0.00196868 0.200318 0.0469928
v -0.00232667 0.193652 0.0498081
v -0.00906327 0.185941 0.0526017
v -0.00673565 0.186058 0.0519175
v -0.00701386 0.187474 0.0518931
v 0.00471157 0.20072 0.0458528
v 0.00707424 0.199446 0.044511
v 0.00744104 0.203144 0.0436697
v 0.00292355 0.196706 0.0468614
v 1.92225e-05 0.194977 0.0486532
v -0.005032 0.188674 0.0512794
v -0.00223473 0.190941 0.049823
v -0.00610828 0.184334 0.0516708
v -0.00521436 0.186404 0.0511781
v 0.00644001 0.197089 0.0451657
v -0.000244737 0.19176 0.0483994
v -0.000915736 0.190248 0.0489354
v -0.0200795 0.179791 0.0576099
v -0.0208122 0.177217 0.0576451
v -0.0187606 0.178125 0.0566717
v -0.00314993 0.1894 0.0505903
v -0.034004 0.201525 0.0622967
v -0.0319462 0.199946 0.0622427
v -0.0314997 0.202807 0.0619184
v -0.00133601 0.188666 0.0494842
v 0.00249776 0.193158 0.0473379
v -0.00417152 0.183176 0.0507265
v -0.00566235 0.181948 0.0516372
v -0.00310758 0.181665 0.0501445
v -0.00395381 0.184731 0.0503885
v 0.00387189 0.194291 0.0465737
v -0.000117421 0.187483 0.0483887
v -0.0186147 0.200254 0.0574573
v -0.0136222 0.17936 0.0549327
v -0.0135325 0.177104 0.0549041
v -0.0113872 0.177013 0.0539936
v -0.00290427 0.183146 0.0496166
v -0.00324363 0.18696 0.0500986
v -0.00129396 0.186404 0.048727
v 0.00819942 0.194151 0.0437965
v 0.0102126 0.193799 0.0426673
v 0.00508285 0.14991 0.0383221
v 0.00513324 0.151585 0.0382969
v 0.004237 0.191151 0.0461313
v 0.0044961 0.192959 0.0462667
v 0.00550419 0.194488 0.0457174
v 0.00532469 0.176666 0.0452798
v 0.00595236 0.174509 0.0443226
v 0.00732854 0.1774 0.0438643
v -0.00217086 0.184574 0.0490786
v 0.00983235 0.191015 0.0426842
v 0.00640503 0.191461 0.0445123
v -0.0339003 0.18095 0.0625822
v -0.0367198 0.179401 0.062991
v -0.0339864 0.178154 0.0627079
v 0.00501174 0.187922 0.0454908
v -4.37796e-05 0.144469 0.0394721
v 0.0028961 0.146098 0.0380273
v 0.00128582 0.14742 0.0392893
v 0.000789225 0.15849 0.0436131
v -0.000898391 0.159576 0.045057
v -0.000432819 0.156674 0.0441536
v -0.000277609 0.184681 0.0483293
v 9.88841e-05 0.18611 0.047962
v 0.00342509 0.176246 0.0461059
v 0.000227451 0.175368 0.0484336
v 0.00286475 0.173048 0.0461453
v -0.0150304 0.242001 0.0550326
v -0.0143849 0.239965 0.0546605
v -0.0126967 0.24169 0.0539601
v 0.00803414 0.188874 0.0436496
v -0.031821 0.175817 0.0616217
v -0.0339243 0.175581 0.0623463
v -0.0323972 0.173503 0.0614822
v 0.00328532 0.185021 0.046363
v -0.000642002 0.181929 0.0485514
v 0.00110963 0.184307 0.0471989
v -0.0174667 0.152684 0.052739
v -0.015469 0.155088 0.0527871
v -0.0186333 0.154563 0.0538439
v -0.00791481 0.177414 0.0520422
v -0.00973296 0.176038 0.0529282
v 0.00228319 0.179069 0.0474549
v 0.00305215 0.182344 0.046807
v 0.00876623 0.182342 0.0434425
v 0.00848141 0.185714 0.043471
v 0.00566092 0.183992 0.0451751
v 0.00581932 0.180362 0.0453613
v 0.00803202 0.155332 0.038814
v 0.0108992 0.15603 0.0364292
v -0.0153483 0.166326 0.0552611
v -0.0160633 0.164373 0.0555205
v -0.0135586 0.164712 0.0537405
v -0.0100837 0.173401 0.0525096
v -0.00830379 0.174705 0.0520326
v -0.0114702 0.174801 0.0534543
v -0.0728174 0.233617 0.0582661
v -0.0708506 0.233478 0.0593221
v -0.0713711 0.234993 0.059257
v -0.0744918 0.230151 0.0548147
v -0.0757931 0.229773 0.0532686
v -0.075007 0.228889 0.0545507
v -0.0753736 0.206087 0.0521116
v -0.0723667 0.207755 0.0520652
v -0.0629472 0.218973 0.0567599
v -0.0652235 0.214296 0.0544276
v -0.0634111 0.212738 0.055026
v -0.0635014 0.216004 0.0556454
v -0.0795663 0.25606 0.0607989
v -0.0812508 0.256816 0.0594827
v -0.0781216 0.226085 0.0511135
v -0.0729343 0.235174 0.0594722
v -0.0732932 0.237757 0.0609183
v -0.0733037 0.239201 0.061356
v -0.0731203 0.248207 0.0625911
v -0.0745543 0.245963 0.061513
v -0.0716529 0.246529 0.0627523
v -0.0830003 0.259201 0.0580363
v -0.0836461 0.255965 0.0589029
v -0.0743534 0.208496 0.0505807
v -0.0652432 0.221222 0.0567761
v -0.00399712 0.165697 0.0484955
v -0.00578815 0.165684 0.0497213
v -0.00627124 0.163043 0.0497487
v -0.00539643 0.175679 0.0505269
v 0.0111365 0.184375 0.0418622
v -0.00471067 0.160705 0.0484116
v -0.00524989 0.158104 0.0478816
v -0.00266814 0.159316 0.0465624
v 0.00475067 0.17796 0.0456708
v -0.0084585 0.172012 0.0516079
v -0.0123274 0.171891 0.0536403
v -0.0264567 0.152609 0.0560909
v -0.0248061 0.152588 0.055338
v -0.0246434 0.154775 0.0558142
v -0.0297546 0.165491 0.0604804
v -0.0302762 0.167673 0.0605312
v -0.0320689 0.165455 0.0610606
v -0.0299163 0.187477 0.0618467
v -0.0313391 0.190505 0.0620232
v -0.0334009 0.188141 0.0628982
v -0.0349362 0.155683 0.0607662
v -0.0335013 0.154651 0.0598724
v -0.0328634 0.156834 0.0601423
v -0.0133598 0.18201 0.0549859
v -0.0159538 0.181532 0.0563598
v -0.0384186 0.198264 0.062867
v -0.0364451 0.198501 0.0629804
v -0.0374048 0.201866 0.0627282
v -0.0266621 0.191194 0.0604319
v -0.0274705 0.188695 0.060663
v -0.0245278 0.188596 0.0598518
v 0.00896057 0.231815 0.0450446
v 0.0069032 0.232931 0.0457182
v 0.0076279 0.230012 0.047137
v -0.0331129 0.171968 0.0617433
v -0.0326937 0.172559 0.061423
v -0.0690307 0.240356 0.0623999
v -0.0700671 0.238725 0.0625286
v -0.0637078 0.240446 0.0627667
v -0.0666384 0.240708 0.0627213
v -0.0712716 0.240425 0.0617409
v -0.0618641 0.240037 0.0628139
v -0.0694988 0.242362 0.0622616
v -0.0683312 0.241488 0.0624546
v -0.0646676 0.242117 0.0638848
v -0.061082 0.241139 0.0636603
v -0.0670414 0.248964 0.0648788
v -0.0686934 0.245644 0.063637
v -0.067253 0.242823 0.0635391
v -0.0660446 0.24484 0.0642015
v -0.0657839 0.243417 0.0640959
v -0.0642582 0.244006 0.0645547
v -0.0540713 0.242387 0.0637666
v -0.0514166 0.238993 0.0627336
v -0.0499425 0.242618 0.0640442
v -0.054618 0.244307 0.0647937
v -0.0563584 0.243675 0.0648485
v -0.0495237 0.247532 0.0649529
v -0.0498296 0.245389 0.0649205
v -0.0479764 0.246557 0.0646026
v -0.0524925 0.244515 0.064634
v -0.0605744 0.24309 0.0647063
v -0.0626677 0.24305 0.0645694
v -0.062444 0.245085 0.0650437
v -0.064545 0.245311 0.0648714
v -0.0518499 0.247156 0.0652624
v -0.0538324 0.245952 0.0651079
v -0.0561828 0.245753 0.0657362
v -0.0634706 0.25552 0.0645434
v -0.0578476 0.241805 0.0642987
v -0.0589576 0.244726 0.065415
v -0.0523293 0.250208 0.0653166
v -0.0503378 0.253076 0.0644822
v -0.0647773 0.247069 0.0648803
v -0.0500959 0.24973 0.0651357
v -0.0642224 0.253509 0.0655214
v -0.0647479 0.251175 0.065809
v -0.0618806 0.253091 0.0655354
v -0.054308 0.247824 0.0653956
v -0.0569163 0.250346 0.0658917
v -0.0588991 0.252205 0.0654306
v -0.0588227 0.249091 0.0661208
v -0.065001 0.249187 0.0651718
v -0.054866 0.250219 0.0657834
v -0.0565317 0.248217 0.0659398
v -0.0584087 0.247002 0.0658971
v -0.0553037 0.239804 0.0631147
v -0.0635132 0.249147 0.065648
v -0.0612541 0.247426 0.0658693
v -0.0614422 0.250351 0.0657698
v -0.0473904 0.244817 0.0645867
v -0.0718741 0.243562 0.0616331
v -0.00755647 0.235823 0.0520841
v -0.00361142 0.23598 0.0507643
v -0.00626823 0.239032 0.0518427
v -0.070687 0.21383 0.0516706
v -0.0726238 0.211939 0.0503377
v -0.0661762 0.218838 0.0550494
v -0.0671712 0.212888 0.0533442
v -0.0677994 0.215976 0.0534756
v -0.0238678 0.170186 0.0586618
v -0.021247 0.17051 0.0577858
v -0.0225126 0.172117 0.0580634
v -0.0490985 0.231073 0.0583426
v -0.0529535 0.232078 0.0589901
v -0.0600362 0.236107 0.0618986
v -0.0503032 0.233136 0.0592861
v -0.0608597 0.238067 0.0621776
v -0.0520546 0.2345 0.0600101
v -0.057552 0.235047 0.0606929
v -0.0551503 0.235229 0.0599077
v -0.0491225 0.234906 0.0603615
v -0.0593455 0.237912 0.0623888
v -0.060676 0.239325 0.0624941
v -0.0575517 0.236882 0.0615178
v -0.0534019 0.235872 0.0610134
v -0.0483678 0.237411 0.0616955
v -0.0514036 0.236098 0.061502
v -0.0580893 0.239044 0.0629992
v -0.0550166 0.237424 0.0620353
v -0.0528156 0.236965 0.0618412
v -0.013256 0.175885 0.0544515
v -0.0142024 0.176372 0.0555149
v -0.0163226 0.186938 0.0562455
v -0.0171916 0.184783 0.0564943
v -0.0154754 0.185359 0.0561544
v -0.00440401 0.246272 0.0523851
v -0.00248662 0.247959 0.0526667
v -0.00485128 0.249126 0.0522343
v -0.0210626 0.241219 0.0573662
v -0.0187368 0.238458 0.0566544
v -0.0177973 0.241665 0.0563289
v -0.0229926 0.185914 0.0587942
v -0.0224429 0.187784 0.0586238
v -0.0249975 0.224774 0.0581765
v -0.0246235 0.221788 0.0584657
v -0.0230119 0.2253 0.0579725
v -0.0337647 0.260917 0.0592378
v -0.0329813 0.258814 0.0590432
v -0.0302512 0.260332 0.0583981
v -0.0097568 0.180875 0.0526444
v -0.00842124 0.181128 0.0524107
v -0.0105473 0.181724 0.052917
v -0.0264429 0.167934 0.0593672
v -0.0238262 0.16764 0.0581133
v -0.0239872 0.16874 0.0583325
v -0.0211843 0.1878 0.057972
v -0.0197735 0.186037 0.0577315
v -0.0200056 0.188841 0.0576497
v -0.0730787 0.230025 0.0563609
v -0.0727407 0.227652 0.056154
v -0.071589 0.229208 0.0574777
v -0.0232315 0.183868 0.0590404
v -0.0213336 0.184409 0.05835
v -0.0232469 0.251908 0.0571586
v -0.0189281 0.253786 0.0557845
v -0.0226901 0.255101 0.0572161
v 0.0137741 0.227471 0.0393171
v 0.0154817 0.225358 0.0377219
v 0.0165551 0.228121 0.0364641
v -0.0194651 0.204224 0.0576817
v -0.0150632 0.175715 0.0556172
v -0.00800064 0.241732 0.0528247
v -0.00969449 0.239797 0.0531045
v -0.0113265 0.193213 0.0535863
v -0.0216481 0.192801 0.0587291
v -0.020393 0.191712 0.0578838
v -0.0210513 0.194818 0.0587743
v 0.00294366 0.232766 0.0480546
v 0.00211716 0.234637 0.0473452
v 0.000813454 0.233661 0.0490667
v -0.0190124 0.182513 0.0574796
v -0.0180523 0.180154 0.0568275
v 0.0198248 0.230871 0.0335018
v 0.0181284 0.229346 0.0348251
v 0.0189967 0.227596 0.0341266
v -0.00802773 0.233062 0.0523195
v -0.00492257 0.23257 0.0513311
v -0.0329278 0.160684 0.0608155
v -0.0324224 0.159214 0.0604339
v -0.0310226 0.160965 0.0601099
v 0.0101304 0.219454 0.0404945
v 0.010571 0.222129 0.0410932
v 0.00846049 0.220085 0.0434113
v -0.0279324 0.163789 0.0595572
v -0.0270661 0.161359 0.058898
v -0.0244029 0.16323 0.058178
v -0.0151093 0.177242 0.0556454
v -0.0165217 0.178738 0.0562018
v -0.0175277 0.176364 0.0567678
v -0.0180998 0.220565 0.0566101
v -0.018964 0.22339 0.0570634
v -0.0211749 0.221157 0.0575711
v -0.0129953 0.219605 0.0546992
v -0.0141916 0.221939 0.0553113
v -0.015543 0.219633 0.0556803
v -0.0321071 0.242431 0.0602104
v -0.0342416 0.244348 0.0607075
v -0.0357241 0.242482 0.0613224
v -0.0219812 0.189533 0.0584661
v -0.0146345 0.183778 0.0557455
v -0.00654379 0.179838 0.0519004
v -0.0100005 0.179799 0.0531107
v -0.0197974 0.163795 0.0565658
v -0.019983 0.161438 0.0565618
v -0.0177791 0.163182 0.0561983
v -0.02549 0.227094 0.0580089
v -0.0270555 0.224362 0.0587776
v -0.0273752 0.239274 0.0586847
v -0.0274901 0.235669 0.0586274
v -0.0242258 0.2368 0.057623
v -0.032637 0.211055 0.0617529
v -0.0352297 0.210916 0.0622834
v -0.033934 0.209519 0.0621123
v -0.0229986 0.19208 0.0591695
v 0.00872576 0.217494 0.0417496
v 0.0119632 0.216991 0.0381198
v -0.0282007 0.159889 0.0588147
v -0.0270525 0.159702 0.0584988
v -0.00939217 0.196519 0.0528963
v 0.0172761 0.233924 0.0403986
v 0.0172753 0.234677 0.0430729
v 0.0145989 0.233014 0.042215
v -0.0117853 0.18361 0.054002
v -0.0117429 0.182316 0.0537755
v -0.00865531 0.183124 0.0522237
v -0.0164684 0.174656 0.0559947
v -0.0213576 0.173828 0.0580983
v -0.0241215 0.174314 0.0590257
v 0.00413862 0.23453 0.0459727
v -0.0178974 0.164565 0.0562785
v -0.01919 0.164851 0.056577
v -0.0188652 0.174358 0.0569431
v -0.0194416 0.171933 0.0569182
v -0.0163709 0.172941 0.0552042
v -0.0339983 0.212684 0.0618689
v -0.0335003 0.182887 0.0626497
v -0.0358357 0.182342 0.0627632
v -0.0141912 0.24421 0.0544712
v -0.00874999 0.254934 0.0517602
v -0.01104 0.251505 0.052823
v -0.00807166 0.251568 0.0518381
v -0.0257403 0.260693 0.0578056
v -0.0282705 0.257123 0.0583006
v -0.0276695 0.226523 0.0587718
v -0.0316432 0.248955 0.0596922
v -0.0302257 0.247424 0.0591379
v -0.0299214 0.249821 0.0589355
v -0.0247822 0.191221 0.0599182
v -0.0253063 0.193018 0.0597355
v -0.0192731 0.176829 0.0569877
v 0.01333 0.22397 0.0392821
v -0.0277717 0.19765 0.0611778
v -0.0294673 0.195604 0.0615583
v -0.0269845 0.195977 0.0608551
v -0.012018 0.175827 0.0540686
v -0.0259867 0.15799 0.0575202
v -0.0276972 0.154541 0.0572514
v -0.0247853 0.203119 0.0599215
v -0.0210463 0.202974 0.058651
v -0.0228952 0.20768 0.0590753
v -0.0261432 0.242414 0.058528
v -0.0290549 0.241663 0.0595082
v -0.0292222 0.192351 0.0616302
v -0.0289881 0.189905 0.0613591
v -0.00400642 0.180316 0.050874
v -0.0257024 0.160605 0.0581562
v 0.00833002 0.233878 0.0443616
v 0.00653705 0.235795 0.0440616
v -0.0136558 0.186093 0.0553457
v -0.0424867 0.25704 0.0615386
v -0.0390045 0.255522 0.0607894
v -0.0396598 0.258993 0.0608675
v -0.0208957 0.155226 0.0548969
v -0.0231257 0.152148 0.0549247
v -0.0202125 0.15149 0.0532865
v -0.0101301 0.212965 0.0535859
v -0.0249945 0.197026 0.0600497
v -0.0263814 0.199804 0.0608016
v -0.0144603 0.188884 0.0552662
v -0.0361386 0.171528 0.0622588
v -0.0347817 0.173124 0.0619868
v -0.0372206 0.174971 0.0626713
v -0.0153609 0.253805 0.0543538
v -0.0132589 0.254281 0.0536103
v -0.0143397 0.256854 0.0539819
v -0.0142739 0.174293 0.054619
v -0.0174054 0.223272 0.0565204
v -0.0244168 0.177075 0.0593449
v -0.0242228 0.179809 0.0596784
v -0.0270126 0.178805 0.0605727
v -0.0369964 0.245688 0.0617642
v -0.0336249 0.246886 0.0603247
v -0.0142047 0.197595 0.0556951
v -0.0346253 0.199283 0.0625973
v -0.0174609 0.189872 0.0566344
v -0.0181607 0.187386 0.0571466
v -0.00837973 0.216228 0.052599
v -0.0108077 0.214695 0.0539942
v -0.00874388 0.213889 0.0526924
v 0.00467968 0.227552 0.0484328
v -0.0195422 0.274083 0.0538916
v -0.0197129 0.27686 0.0536614
v -0.0223948 0.275969 0.0541137
v -0.0319533 0.215732 0.0605148
v -0.0297023 0.215872 0.0600618
v -0.0306218 0.21873 0.0598349
v -0.0248681 0.150629 0.0552705
v -0.0304121 0.240356 0.0596638
v -0.00410444 0.178298 0.0505639
v -0.0219017 0.246707 0.0570467
v -0.0186022 0.248421 0.055804
v -0.0215552 0.24991 0.0566422
v -0.0217746 0.235192 0.0575018
v -0.0214593 0.237743 0.0573393
v -0.0239206 0.239981 0.0578818
v -0.0115269 0.185874 0.0541555
v -0.019506 0.197775 0.0579981
v -0.0168732 0.195907 0.05693
v -0.0167415 0.198204 0.0566266
v -0.0279574 0.184917 0.061118
v -0.0291283 0.185948 0.0614542
v -0.031005 0.184514 0.0621953
v -0.0381709 0.194355 0.0631471
v -0.0370861 0.195863 0.0627173
v 0.00174734 0.227427 0.049166
v -0.000195533 0.228581 0.05003
v 0.000311852 0.226614 0.0497475
v -0.023589 0.2424 0.0575985
v 0.0153522 0.218341 0.0353869
v 0.0185713 0.219212 0.032869
v 0.0172935 0.220447 0.0345614
v -0.0173171 0.213485 0.0565158
v -0.0209994 0.212936 0.0575947
v -0.0192425 0.209918 0.0574261
v -0.0142156 0.191566 0.0555081
v -0.0122593 0.190549 0.0545757
v -0.0127077 0.224366 0.0545258
v -0.0143159 0.226772 0.0553927
v -0.015669 0.224754 0.0558935
v -0.0348481 0.194579 0.0625784
v -0.0345246 0.191235 0.0627164
v -0.0322323 0.19384 0.0621862
v -0.0113972 0.187969 0.0542855
v -0.0218548 0.181723 0.0586433
v -0.0245498 0.248215 0.0575339
v -0.0272561 0.247384 0.0584645
v -0.0266615 0.245369 0.0588116
v -0.0185661 0.16574 0.056262
v -0.0203168 0.165281 0.0567298
v -0.01501 0.24716 0.0547139
v -0.0112283 0.245249 0.0535144
v 0.00585708 0.22421 0.0475387
v 0.00613236 0.225253 0.0480014
v -0.0273078 0.181657 0.0608004
v -0.028565 0.199135 0.0616042
v -0.0283601 0.200271 0.0614472
v -0.0110903 0.262957 0.0528057
v -0.0109988 0.259382 0.0528076
v -0.00801894 0.260437 0.051996
v -0.0169686 0.193218 0.0568177
v -0.0135855 0.193783 0.0553389
v 0.00709718 0.224548 0.0472066
v 0.00871471 0.225086 0.0460158
v 0.00727201 0.226734 0.0470196
v -0.0327383 0.177027 0.0625133
v -0.0119117 0.195918 0.0545119
v -0.0216089 0.179202 0.0586115
v -0.0273851 0.173928 0.059643
v -0.0263592 0.170949 0.0596421
v -0.0248037 0.172265 0.0588781
v -0.0075731 0.244328 0.0527486
v -0.0101118 0.231858 0.0539419
v -0.00703993 0.2308 0.0524675
v 0.0134994 0.238328 0.0432851
v 0.0139361 0.235935 0.0426413
v 0.0159559 0.236882 0.0436893
v 0.0187775 0.236595 0.0448503
v 0.0156182 0.239486 0.0445491
v 0.018767 0.239762 0.0461379
v 0.0126116 0.240235 0.0440921
v 0.0138542 0.241809 0.0448649
v 0.0130505 0.243889 0.0459438
v 0.0111292 0.242318 0.0445137
v 0.0197076 0.24408 0.0450736
v 0.0193431 0.245498 0.045673
v 0.0187669 0.243979 0.0460451
v 0.0173254 0.245386 0.0462843
v 0.0161334 0.242874 0.0458244
v 0.0176588 0.243747 0.0461691
v 0.0146592 0.245729 0.0469884
v 0.0163481 0.247921 0.0473755
v 0.0186227 0.247928 0.046752
v 0.0172241 0.250109 0.047287
v 0.0191891 0.250543 0.0477229
v 0.0139636 0.257481 0.0509259
v 0.0144495 0.258995 0.0509069
v 0.0180244 0.257227 0.0514959
v 0.0157152 0.25675 0.0503596
v 0.0175517 0.255773 0.0498043
v 0.0196034 0.252562 0.0473156
v 0.0139165 0.255844 0.0503836
v 0.0195478 0.254452 0.0484125
v 0.0179961 0.270493 0.0508564
v 0.017211 0.267678 0.0513332
v 0.0199082 0.268059 0.0509745
v 0.0158777 0.258303 0.0513725
v 0.0156381 0.259972 0.0518429
v 0.0142992 0.260182 0.0507981
v 0.0137405 0.2676 0.0511955
v 0.0149114 0.261225 0.0512966
v 0.0130624 0.264258 0.0511731
v 0.0159545 0.261449 0.0519527
v 0.0151531 0.262686 0.0516275
v 0.0175251 0.259497 0.0520992
v 0.016697 0.260917 0.0521944
v 0.0189959 0.272774 0.0509839
v 0.0175073 0.262278 0.0517211
v 0.0157427 0.265177 0.0516284
v 0.0193785 0.258137 0.0521618
v 0.0185554 0.2424 0.046386
v 0.0197536 0.257005 0.0518322
v 0.0196534 0.260087 0.0517145
v 0.018641 0.265536 0.0518196
v -0.000987768 0.239833 0.0502208
v -0.000989109 0.241934 0.0504916
v -0.00311565 0.242218 0.051468
v 0.00873491 0.242771 0.0450779
v 0.00950587 0.241353 0.0437759
v 0.00775498 0.240341 0.0435471
v 0.00507697 0.240157 0.0446469
v 0.00569302 0.242477 0.0460832
v 0.0108191 0.240397 0.0435828
v 0.00956503 0.240142 0.0432799
v 0.0105987 0.23826 0.0427446
v 0.00379252 0.24151 0.0462966
v 0.00298393 0.240062 0.0458315
v 0.00257698 0.247631 0.0532331
v 0.00295338 0.249472 0.0535012
v 0.000480592 0.242788 0.0497267
v 0.00174573 0.241369 0.0474632
v 0.00276643 0.243284 0.0486157
v 0.00754717 0.243921 0.0475825
v 0.00946972 0.244984 0.0489901
v 0.00671494 0.245334 0.0499211
v -0.00143149 0.243982 0.0512842
v 0.000153631 0.241169 0.0490804
v -0.0021677 0.245944 0.0521988
v 0.00810102 0.237489 0.0427403
v -0.00533795 0.244048 0.052179
v -0.00578946 0.241619 0.0519476
v 0.00538993 0.246582 0.0522919
v 0.00495473 0.248537 0.0533096
v -0.00338864 0.239277 0.0514861
v 0.00898817 0.235352 0.0431849
v 0.00302145 0.244705 0.0504011
v 0.00432059 0.245312 0.0510625
v 0.00225416 0.245906 0.0521077
v -0.000145733 0.247003 0.0528881
v 0.00496092 0.244418 0.0488976
v 0.00964364 0.236574 0.042653
v 0.00383994 0.23772 0.0447041
v 0.00610951 0.23835 0.0434028
v 0.00101927 0.244442 0.0508406
v 0.0120432 0.245182 0.047902
v 0.0104648 0.243899 0.0465586
v -0.00348067 0.24447 0.0518938
v 0.0011625 0.239112 0.0471556
v 0.00193334 0.236443 0.0465942
v 0.00835425 0.246427 0.0507672
v -0.000372946 0.23774 0.048882
v 0.000323951 0.235965 0.0483643
v 0.000825614 0.237392 0.0476169
v 0.00945717 0.247865 0.050378
v 0.00629348 0.248135 0.0525246
v 0.00778049 0.247962 0.0517357
v -0.000213832 0.245597 0.0518656
v -0.00180051 0.237868 0.0503833
v -0.00133824 0.236505 0.0495107
v -0.00106123 0.234811 0.0495344
v -0.0158466 0.17039 0.0550928
v -0.0132513 0.169888 0.0540982
v -0.0121262 0.181215 0.0538253
v -0.0325961 0.186123 0.0627144
v -0.0346636 0.184772 0.062791
v -0.0293677 0.180071 0.0620067
v 0.0143653 0.230648 0.0403795
v 0.0123093 0.228457 0.0420505
v -0.0321471 0.182325 0.0622498
v -0.0317616 0.180391 0.062445
v -0.0123184 0.182306 0.0542916
v -0.0226204 0.177743 0.0587744
v -0.0319598 0.172071 0.0613988
v -0.0296725 0.172028 0.0605748
v -0.0194869 0.175904 0.0573372
v -0.00650746 0.197464 0.0518647
v -0.00818807 0.199428 0.0525299
v 0.0163969 0.222753 0.0365872
v -0.0196409 0.244462 0.0567833
v -0.0221428 0.244103 0.0574245
v -0.0235878 0.200504 0.0594205
v -0.0243724 0.198962 0.0599191
v -0.0198304 0.206432 0.0578278
v -0.0156267 0.268395 0.053814
v -0.0135466 0.269854 0.0529618
v -0.0162428 0.27224 0.0531922
v -0.0275558 0.271109 0.0561772
v -0.0270418 0.268464 0.0565379
v -0.0255685 0.270747 0.0554771
v -0.0214626 0.186354 0.0582378
v -0.0278438 0.215945 0.0597264
v -0.0288541 0.213591 0.0599883
v -0.0316623 0.154381 0.0594061
v -0.0308788 0.178127 0.0620087
v -0.0288352 0.178672 0.061629
v 0.0153965 0.22032 0.0363004
v 0.0129904 0.2204 0.0381583
v -0.0367689 0.193291 0.0630096
v -0.034554 0.215837 0.0612976
v -0.0338784 0.214248 0.0611855
v -0.0193667 0.235323 0.0569142
v -0.0160285 0.235931 0.0559899
v -0.0206959 0.175258 0.0577999
v 0.0196933 0.2349 0.0435857
v -0.0296211 0.205326 0.0611846
v -0.0286143 0.208114 0.0608789
v -0.0307162 0.207194 0.0614035
v -0.0374728 0.185638 0.0629854
v -0.035928 0.186787 0.0628442
v -0.0120864 0.266627 0.0528492
v -0.0140946 0.264722 0.0533445
v 0.0116336 0.239235 0.0433651
v 0.0155097 0.229878 0.0379775
v -0.0207722 0.217884 0.0576739
v -0.0192964 0.216285 0.0573964
v -0.0194134 0.218887 0.0573501
v -0.021867 0.164254 0.0571742
v -0.0246816 0.18262 0.0597832
v -0.0389746 0.19191 0.0631765
v -0.0255938 0.266309 0.0568845
v -0.023896 0.264229 0.0571265
v -0.0220502 0.267741 0.0557049
v -0.0179426 0.157191 0.054104
v -0.0202446 0.157756 0.0549667
v -0.00229794 0.229786 0.0504812
v -0.0115876 0.169108 0.0532875
v -0.00970021 0.169999 0.0523314
v -0.0222239 0.175766 0.0587303
v -0.0238914 0.194531 0.0597606
v -0.025634 0.195074 0.0603184
v -0.0384176 0.206768 0.0630943
v -0.0377899 0.205132 0.063079
v -0.0142347 0.23 0.0555445
v -0.0173188 0.232129 0.0567832
v -0.0166635 0.22817 0.0561706
v -0.0220474 0.168714 0.0578057
v -0.0188271 0.169175 0.056558
v -0.0161844 0.168588 0.0554132
v -0.0168072 0.169541 0.0558556
v -0.0341146 0.203883 0.0624787
v -0.0284154 0.217819 0.0595417
v -0.0277196 0.220659 0.0593075
v 0.0157102 0.232402 0.0402875
v -0.0266157 0.205836 0.0604629
v -0.0272469 0.194018 0.0607308
v -0.0232816 0.219862 0.0583964
v -0.0228395 0.217056 0.0581057
v -0.00252113 0.250088 0.0522284
v -0.0137732 0.167973 0.0542792
v -0.0317472 0.170109 0.0609305
v -0.034446 0.170536 0.0617822
v -0.0348056 0.196823 0.062711
v -0.0287487 0.169704 0.0603334
v -0.0219225 0.162694 0.0572379
v -0.0143182 0.195231 0.055793
v -0.016452 0.265412 0.0542248
v -0.0162696 0.262544 0.0543257
v -0.0184191 0.218119 0.0569992
v -0.0170671 0.217414 0.0566399
v 0.0114271 0.234933 0.0424444
v -0.00607347 0.173534 0.0511287
v 0.000522852 0.185268 0.0476038
v 0.0114171 0.180481 0.0411896
v -0.00299779 0.155747 0.0455211
v -0.0293943 0.175919 0.0607417
v -0.0301144 0.174243 0.0608739
v -0.020978 0.199752 0.0587728
v -0.0185134 0.263893 0.0554962
v -0.0217822 0.261798 0.0567755
v -0.0189973 0.260824 0.0559004
v -0.0270404 0.183605 0.0605951
v -0.0253041 0.185265 0.0600434
v -0.0355486 0.208962 0.0627273
v -0.0264027 0.17619 0.0600107
v -0.0340937 0.186373 0.0627162
v -0.0371631 0.190784 0.0629541
v -0.0360234 0.188863 0.0629871
v 0.00606218 0.227773 0.0479062
v -0.0186711 0.159499 0.0550966
v -0.0164444 0.162092 0.0549146
v -0.0304461 0.156227 0.0593653
v -0.0292729 0.158477 0.0589803
v -0.0308017 0.158718 0.0600447
v -0.0124338 0.23145 0.0551186
v -0.0110718 0.228966 0.0546293
v -0.0112714 0.25595 0.0529654
v -0.0275169 0.186782 0.0605718
v -0.0220786 0.158167 0.0563014
v -0.0232311 0.160695 0.0575678
v 0.0167615 0.232433 0.0381707
v -0.0376335 0.183631 0.0630484
v -0.0168208 0.275621 0.0533796
v -0.018429 0.277871 0.0536781
v -0.0152156 0.273709 0.0532391
v -0.0281036 0.158548 0.0580529
v -0.0287069 0.156733 0.0581409
v 0.0127474 0.23072 0.0426928
v 0.0113502 0.229107 0.0438571
v -0.00827712 0.264498 0.0521988
v -0.0106356 0.268884 0.0521874
v -0.0246058 0.268834 0.0557344
v -0.0175693 0.16714 0.0559721
v 0.00967416 0.228529 0.0456563
v -0.0287292 0.183514 0.0615122
v -0.030091 0.182103 0.0618639
v -0.0278971 0.152401 0.0569384
v -0.0319271 0.16301 0.0610433
v -0.0340045 0.16396 0.0615363
v -0.0284072 0.177287 0.0610813
v -0.0207641 0.167828 0.0573243
v -0.0221968 0.166399 0.0575828
v -0.0292849 0.160544 0.0592899
v -0.0195902 0.166919 0.0568237
v -0.0249175 0.165762 0.0588165
v -0.0377497 0.209444 0.0627719
v -0.0169011 0.165588 0.0557031
v 0.0119885 0.232519 0.0428353
v -0.0316393 0.213112 0.0608257
v -0.0315499 0.208954 0.0618508
v -0.0322879 0.207257 0.0620075
v 0.0173066 0.2257 0.0359937
v 0.018957 0.224762 0.0339882
v -0.027789 0.175846 0.0605443
v -0.0285006 0.202237 0.0612765
v -0.0108124 0.220295 0.0537235
v -0.0121288 0.221758 0.0541241
v 0.0100686 0.233236 0.0435784
v -0.0213144 0.215764 0.0575794
v -0.0223054 0.21439 0.0580266
v -0.0204147 0.225567 0.05733
v -0.0108393 0.217837 0.0539349
v -0.0224136 0.198113 0.0592103
v -0.022881 0.271614 0.0548713
v -0.0356379 0.205163 0.0625849
v -0.0131091 0.27216 0.0529555
v 0.00778747 0.221485 0.0453105
v 0.0095596 0.223423 0.0442325
v 0.00813523 0.223053 0.0464655
v -0.0239429 0.233615 0.0580653
v 0.00521052 0.229292 0.0484563
v 0.00349608 0.22828 0.0488696
v 0.00654352 0.218373 0.0440319
v -0.0140304 0.237842 0.0548648
v -0.0156431 0.23863 0.0548775
v -0.0138597 0.260842 0.0535371
v -0.00878328 0.247746 0.0526178
v -0.0139786 0.216332 0.0554302
v -0.0268084 0.229621 0.0586202
v -0.023461 0.230061 0.0581891
v 0.00728235 0.222015 0.0464059
v 0.0062286 0.222732 0.0471693
v 0.0105409 0.226621 0.044569
v 0.0115468 0.225291 0.0417346
v -0.00968426 0.23459 0.0533608
v -0.0262099 0.274016 0.0552384
v -0.03247 0.196937 0.062004
v -0.0283288 0.228171 0.058949
v -0.0206094 0.25785 0.0566353
v -0.0223717 0.259543 0.057116
v -0.0243253 0.257743 0.0575665
v -0.0301605 0.198181 0.0617172
v -0.0265511 0.218245 0.0590091
v -0.0258965 0.214772 0.0592141
v -0.0245298 0.218436 0.0586135
v -0.0305332 0.201259 0.0619569
v -0.0297117 0.200076 0.0617136
v -0.0186553 0.267022 0.0549819
v -0.0191428 0.270393 0.0543211
v -0.0122452 0.235383 0.0550471
v -0.0121539 0.232946 0.0551208
v -0.0207759 0.232431 0.0575963
v -0.0168466 0.244883 0.0557435
v -0.038227 0.18131 0.0633367
v 0.00209108 0.229214 0.0492159
v 0.00135493 0.231209 0.0492223
v -0.0342949 0.166966 0.0613999
v -0.0745069 0.212348 0.0492107
v -0.0747218 0.210647 0.049451
v -0.0737754 0.213982 0.0496745
v -0.0258551 0.209478 0.0599934
v -0.0255841 0.21181 0.0594633
v -0.0271562 0.21162 0.0600211
v -0.0240673 0.244891 0.0580373
v -0.0366701 0.207072 0.0629703
v -0.0342261 0.207625 0.0623524
v -0.0142553 0.252071 0.0538701
v -0.0136867 0.249469 0.0538072
v 0.0106653 0.230856 0.0441309
v -0.0198708 0.147786 0.051915
v -0.0177718 0.150316 0.0516349
v -0.0123728 0.140792 0.0439647
v -0.0132908 0.142982 0.0458993
v -0.0122917 0.145031 0.0461406
v -0.0119928 0.146819 0.0469533
v -0.014353 0.145388 0.0480854
v -0.0104865 0.145942 0.0456233
v -0.0804509 0.240225 0.0565057
v -0.0801588 0.238631 0.0559451
v -0.0742164 0.236251 0.0599482
v -0.0756449 0.23621 0.0576066
v -0.0742445 0.23477 0.0584269
v -0.0743721 0.233886 0.0559256
v -0.018123 0.225694 0.0566616
v -0.0276446 0.20972 0.0605621
v -0.0296745 0.210727 0.0608864
v 0.00657922 0.221387 0.0461362
v -0.0024232 0.180111 0.0498299
v -0.000978976 0.178564 0.0492007
v -0.00256416 0.176348 0.0498386
v -0.00307924 0.17352 0.0500755
v -0.0753253 0.238543 0.0597701
v -0.0736051 0.240991 0.0605244
v -0.074549 0.243139 0.0602418
v -0.0835373 0.25363 0.0599509
v -0.0788611 0.236336 0.0523952
v -0.0776083 0.23576 0.0539333
v -0.0822685 0.239469 0.0526838
v -0.07123 0.223811 0.0554461
v -0.0715531 0.225678 0.0562081
v -0.0740977 0.224861 0.0548078
v -0.00643781 0.246686 0.0524808
v -0.0260413 0.250615 0.0577042
v -0.0162766 0.250949 0.0546077
v -0.00603747 0.251322 0.0515843
v -0.0336876 0.19547 0.0622399
v -0.0286953 0.251727 0.0583795
v -0.0260412 0.254042 0.0577517
v -0.0238005 0.212633 0.0586157
v -0.0306239 0.238259 0.0597351
v -0.0347793 0.161494 0.0612852
v -0.0290066 0.2437 0.0594566
v -0.0288646 0.24578 0.0592807
v 0.00530958 0.221515 0.0461349
v -0.0370977 0.261237 0.060097
v -0.0360925 0.258233 0.0600742
v -0.0294186 0.15466 0.0585949
v -0.0302841 0.154391 0.0589033
v -0.0154183 0.232944 0.0561253
v -0.0137658 0.233346 0.0557539
v -0.0342938 0.159013 0.0612519
v -0.00699055 0.249163 0.0521432
v -0.0318125 0.20557 0.0619978
v -0.0790177 0.250828 0.0615522
v -0.0732242 0.232058 0.056862
v -0.0687026 0.221732 0.0554178
v -0.0791692 0.227387 0.0500837
v -0.0704175 0.219265 0.0531728
v -0.0306234 0.214476 0.0605219
v -0.00318611 0.230804 0.0508309
v -0.00161529 0.232144 0.0498588
v -0.0274385 0.263445 0.0579573
v -0.0335431 0.206122 0.0624776
v 0.00355572 0.230452 0.0488141
v 0.00540346 0.231778 0.0476888
v -0.0314779 0.244959 0.0598577
v -0.0102893 0.236922 0.0534109
v -0.016284 0.222113 0.0558861
v -0.0349392 0.25468 0.0601358
v -0.0332328 0.25694 0.0594435
v -0.00563055 0.261656 0.0520155
v -0.0167018 0.278416 0.0534447
v -0.0208931 0.27984 0.0539368
v -0.0169031 0.258945 0.0550721
v -0.0168382 0.146859 0.0501394
v -0.0169725 0.239018 0.0558218
v -0.0234316 0.227494 0.0578689
v -0.0218871 0.227428 0.0575505
v 0.00915414 0.226859 0.0459519
v -0.0355689 0.157481 0.0611515
v -0.0160346 0.240308 0.0553809
v -0.0197263 0.228766 0.0572623
v -0.0314977 0.255455 0.0589023
v -0.0292526 0.254121 0.0582187
v -0.0346063 0.2637 0.0589681
v -0.0263108 0.24888 0.0580995
v 0.0197618 0.235939 0.0413697
v 0.00926396 0.230152 0.045489
v -0.0358797 0.248749 0.0609984
v -0.0334061 0.249629 0.0599922
v -0.0802889 0.225774 0.0484477
v -0.0796722 0.228636 0.0483682
v -0.077978 0.209155 0.0492313
v -0.0820424 0.21012 0.048053
v -0.0814995 0.208013 0.049126
v -0.076193 0.241378 0.0593874
v -0.0797146 0.212063 0.0478274
v -0.0762273 0.251575 0.0631046
v -0.0761053 0.24896 0.0620286
v -0.0792678 0.248306 0.0608685
v -0.0768533 0.233619 0.0541001
v -0.0753652 0.231783 0.0542213
v -0.0844095 0.251447 0.0598782
v -0.0123858 0.227225 0.0549729
v -0.0766712 0.224941 0.0529866
v -0.0757173 0.222805 0.0523737
v -0.0739697 0.228851 0.0553458
v -0.0747505 0.227398 0.054698
v -0.0266296 0.232209 0.0587169
v -0.0315175 0.250449 0.0594076
v -0.0302876 0.251248 0.0590768
v -0.0317136 0.252502 0.0592313
v -0.0758407 0.226195 0.0541313
v -0.0796642 0.258641 0.0595784
v -0.0752164 0.215398 0.0490899
v -0.0309545 0.26337 0.0583596
v -0.00680858 0.257429 0.0513451
v -0.00632563 0.254264 0.0512455
v -0.0760764 0.235545 0.0552748
v -0.0765513 0.212915 0.0484038
v -0.0772572 0.215621 0.0478899
v -0.0789059 0.217644 0.0468246
v -0.077506 0.23678 0.0561397
v -0.0795315 0.206744 0.0500116
v -0.0704457 0.227431 0.0577031
v -0.0774671 0.246571 0.061164
v -0.0793164 0.246197 0.060234
v -0.0757809 0.228407 0.0521838
v -0.0772409 0.244158 0.0599134
v -0.0819015 0.249847 0.0603423
v -0.0726119 0.221972 0.0536899
v -0.0568787 0.298507 0.0488429
v -0.0657962 0.294623 0.049583
v -0.0692528 0.290522 0.0505551
v -0.0661826 0.289556 0.0518836
v -0.0615956 0.297864 0.0482581
v -0.0645832 0.27877 0.0567999
v -0.0121153 0.238556 0.0541517
v -0.0659832 0.280118 0.0559352
v -0.0646239 0.284197 0.0550287
v -0.0687384 0.280364 0.0550043
v -0.0669611 0.277365 0.0564437
v -0.0609328 0.291492 0.0520833
v -0.0705126 0.288888 0.0506201
v -0.0698734 0.286283 0.052215
v -0.0611795 0.295527 0.0497854
v -0.0736244 0.280424 0.0537425
v -0.0167064 0.281596 0.0536421
v 0.0181578 0.216182 0.0327612
v -0.00920236 0.154366 0.0486881
v -0.0111023 0.151984 0.0493357
v -0.0084461 0.152151 0.0475004
v 0.00888065 0.179555 0.0432137
v -0.00628874 0.152518 0.0464286
v -0.00473234 0.153807 0.045751
v -0.00694418 0.154077 0.0473997
v 0.0103471 0.177451 0.0415954
v 0.00407746 0.15088 0.0389395
v -0.00375277 0.162454 0.0476673
v 0.00188354 0.171138 0.0463891
v 0.00320429 0.171179 0.0456902
v -0.000621915 0.171212 0.0482017
v 0.00741819 0.167069 0.0423561
v 0.0111005 0.170951 0.0403243
v 0.00843015 0.172186 0.0421262
v -0.0117373 0.16687 0.0532261
v 0.0120301 0.15838 0.0365764
v -0.00729594 0.169277 0.0511136
v -0.00537971 0.171385 0.0505949
v -0.000647783 0.147564 0.0408821
v 0.00534958 0.158141 0.041757
v 0.00567523 0.155716 0.0408382
v 0.00804603 0.158396 0.0400069
v 0.00902733 0.175339 0.0418181
v 0.0111608 0.17572 0.0406837
v -0.00969434 0.167721 0.0520372
v -0.00509211 0.169779 0.0504584
v -0.00354633 0.170328 0.0499653
v 0.0133315 0.176363 0.0393439
v 0.00506723 0.170778 0.0442786
v 0.0116602 0.161196 0.0378898
v -0.0076431 0.158265 0.0499666
v -0.0101473 0.158147 0.0513195
v -0.00972638 0.156321 0.0500725
v -0.0106678 0.164981 0.0523296
v 0.00280899 0.159212 0.0427117
v 0.000695318 0.160673 0.0444405
v -0.014098 0.161807 0.0535586
v -0.0128548 0.160434 0.0525697
v -0.012223 0.162802 0.0525682
v -0.00782409 0.165947 0.0506254
v 0.00854266 0.149021 0.0353305
v 0.00586346 0.146417 0.0369662
v -0.00292286 0.168679 0.0486846
v -0.0051043 0.167959 0.0498013
v 0.00119022 0.149476 0.0405878
v -0.0159506 0.159921 0.0537142
v 0.0108159 0.174056 0.0406484
v -0.00832957 0.16037 0.0509111
v -0.00287101 0.145638 0.0417263
v -0.00282326 0.147946 0.0423879
v -0.0099299 0.162455 0.0514282
v -0.012519 0.158223 0.0521107
v -0.010783 0.159896 0.0519035
v 0.00074628 0.169468 0.0467967
v -0.00136128 0.167725 0.0475646
v 0.000948131 0.167446 0.0462406
v -0.00983968 0.14781 0.0460623
v -0.0121167 0.148787 0.0484853
v -0.0006769 0.165442 0.0469636
v -0.00230533 0.165483 0.0475538
v 0.00366911 0.16659 0.0448406
v 0.00274903 0.169561 0.0456737
v 0.0100811 0.157799 0.0380028
v -0.00462607 0.151464 0.0448338
v -0.00681272 0.151068 0.0464155
v 0.00333551 0.155919 0.0421146
v 0.00346583 0.15344 0.0409943
v -0.0029254 0.164123 0.0477969
v -0.001757 0.164207 0.0472577
v -0.0149072 0.15801 0.0529017
v 0.00536379 0.161167 0.0424182
v 0.00386149 0.161536 0.0433847
v -0.0279379 0.249361 0.0581903
v -0.00195807 0.160908 0.0464857
v -0.000898927 0.161457 0.0460181
v -0.00201803 0.162726 0.0469419
v -0.0237477 0.259827 0.0572587
v -0.0100189 0.150645 0.0481617
v -0.0138515 0.156913 0.0526005
v -0.0123864 0.156121 0.0514248
v -0.0157781 0.152141 0.051514
v 0.0140773 0.170095 0.0381766
v 0.0109865 0.165747 0.0396451
v -0.000173479 0.16309 0.0461711
v 0.00113016 0.151852 0.0415533
v 0.0030168 0.151194 0.0401253
v 0.00632679 0.163788 0.0423582
v 0.00485334 0.163726 0.0432931
v 0.00329158 0.148839 0.0390656
v 0.00902274 0.161661 0.0399737
v 0.00128725 0.165138 0.0457728
v 0.00236875 0.162772 0.0443622
v 0.00750828 0.163244 0.0411715
v 0.0046955 0.147949 0.0380226
v -0.0141568 0.276238 0.0537112
v -0.00478634 0.146926 0.0435083
v -0.0132523 0.150824 0.0500739
v -0.0152266 0.149979 0.0502261
v -0.00172627 0.159997 0.0461877
v -0.0133321 0.153309 0.0509814
v -0.0143769 0.151556 0.0507994
v 0.0139564 0.165615 0.0373578
v 0.00117713 0.154259 0.0426489
v 0.00441384 0.144271 0.0367206
v -0.00613496 0.149979 0.0454884
v -0.00710633 0.148378 0.0448372
v -0.00445959 0.149102 0.0441486
v -0.00633284 0.160109 0.0496913
v -0.00737268 0.15618 0.0483912
v -0.00152254 0.150506 0.0424547
v 0.00539079 0.153936 0.0398142
v 0.00439525 0.152551 0.0393414
v 0.00989377 0.187877 0.0425874
v -0.0138583 0.149492 0.049449
v -0.000635147 0.152708 0.0425261
v 0.00702199 0.160431 0.0412384
v -0.0145584 0.1472 0.0489669
v -0.0146386 0.148553 0.0493466
v -0.00553277 0.155783 0.0468671
v -0.00870416 0.149818 0.0467623
v -0.0026212 0.15299 0.0441456
v -0.0353599 0.251492 0.0604187
v -0.00898072 0.257923 0.0520341
v 0.00222051 0.143331 0.0376099
v 0.00167182 0.156579 0.0428765
v -0.0111639 0.154378 0.0500855
v -0.0208986 0.259988 0.0565069
v 0.016784 0.168823 0.0353914
v -0.000977188 0.154402 0.0437119
v 0.0061788 0.148762 0.0372533
v -0.0208775 0.264945 0.0561941
v -0.0373859 0.253041 0.0606299
v 0.0188805 0.220908 0.0328941
v -0.0746597 0.196253 0.0563017
v -0.0428934 0.173919 0.063385
v -0.0443021 0.173127 0.0636187
v -0.0428296 0.171998 0.0634897
v -0.0699955 0.25785 0.0626675
v 0.0192638 0.235363 0.0375425
v 0.0187508 0.233248 0.0352848
v -0.0379399 0.250417 0.0613431
v -0.0631456 0.205575 0.0569752
v -0.0628902 0.204466 0.057643
v -0.0790867 0.214449 0.0469559
v -0.0780949 0.196185 0.0551923
v -0.0312333 0.257655 0.05876
v -0.0759467 0.275582 0.0548773
v -0.0738571 0.231636 0.0553589
v -0.0616083 0.205344 0.0578572
v -0.0762022 0.19271 0.0564871
v -0.0732149 0.193573 0.057207
v -0.0774889 0.220065 0.0486486
v -0.0771377 0.221895 0.0502895
v -0.0788791 0.222655 0.0485546
v -0.0789141 0.19361 0.0552531
v -0.0768702 0.281884 0.0520219
v -0.0441988 0.174589 0.0634391
v -0.073557 0.190799 0.0578372
v -0.0414422 0.175762 0.063361
v -0.03931 0.178213 0.0631145
v -0.0733063 0.250443 0.063408
v -0.0391129 0.184851 0.0632104
v -0.0395038 0.183211 0.0636329
v -0.0480101 0.16415 0.0629986
v -0.0477441 0.167309 0.0634393
v -0.0499038 0.16529 0.0631741
v -0.0787783 0.281246 0.0518857
v -0.0459131 0.165322 0.0629031
v -0.0443622 0.167947 0.0634321
v -0.0409628 0.179391 0.0634547
v -0.0794002 0.236039 0.050234
v -0.050394 0.16687 0.0633131
v -0.0361416 0.169119 0.062378
v -0.0405889 0.159227 0.0618019
v -0.0408815 0.16102 0.0624838
v -0.037951 0.166224 0.0624402
v -0.0384434 0.179774 0.0634461
v 0.0172741 0.230687 0.0359947
v -0.0387166 0.160248 0.0617719
v -0.0387343 0.162601 0.0619498
v -0.0387515 0.15796 0.0618014
v -0.0396253 0.180046 0.0633278
v -0.0378958 0.170307 0.062537
v -0.0422185 0.164174 0.0628858
v -0.0407902 0.163714 0.0622662
v -0.0408925 0.166602 0.0627998
v -0.0365319 0.159451 0.0615104
v -0.0371608 0.161318 0.0614383
v -0.0362746 0.163677 0.0617417
v -0.0422567 0.168114 0.0633639
v -0.0406268 0.171156 0.0629127
v -0.0458974 0.163084 0.0628908
v -0.0392851 0.16866 0.0624457
v -0.0458292 0.16958 0.0635327
v -0.0439714 0.170741 0.0635057
v -0.0455981 0.171491 0.0635012
v -0.0427609 0.17737 0.0638682
v -0.0435321 0.165184 0.0631292
v -0.0425222 0.170053 0.0634201
v -0.0722932 0.209612 0.0510116
v -0.06045 0.214147 0.0561268
v -0.0416093 0.178085 0.0635839
v -0.0143563 0.2743 0.0534945
v 0.00605339 0.215594 0.0435082
v 0.0199151 0.235529 0.0345294
v -0.0807953 0.217255 0.0457057
v -0.0780394 0.234206 0.0516229
v 0.0188077 0.222378 0.0334137
v 0.0150023 0.215591 0.0352513
v -0.0781004 0.223923 0.0508136
v -0.0780019 0.228755 0.0496341
v -0.0787229 0.228287 0.0499716
v -0.0255422 0.278158 0.0547794
v -0.0429961 0.243688 0.062893
v -0.0407873 0.241203 0.0621122
v -0.0391124 0.24305 0.0623295
v -0.0422071 0.26087 0.0611179
v -0.0463389 0.26192 0.06132
v -0.0453229 0.258143 0.0619694
v -0.0365129 0.225437 0.0592588
v -0.0340524 0.223221 0.0594168
v -0.0326388 0.226175 0.059421
v -0.0433517 0.227944 0.0584591
v -0.0439717 0.269737 0.0600922
v -0.0443313 0.272645 0.0596463
v -0.0294827 0.225853 0.0589808
v -0.0300126 0.222688 0.0592768
v -0.0118258 0.28693 0.0533583
v -0.00983652 0.2887 0.0525198
v -0.0484816 0.251626 0.0642529
v -0.046022 0.251894 0.0632977
v -0.0476434 0.253873 0.0635902
v -0.0427492 0.264832 0.0604908
v -0.038266 0.264292 0.05983
v -0.0482821 0.258199 0.0625152
v -0.0402876 0.226039 0.058929
v -0.0396215 0.222587 0.0597568
v -0.0393476 0.268057 0.0595683
v -0.0286799 0.265805 0.0573661
v -0.0387073 0.237217 0.0608497
v -0.0405879 0.239319 0.0614768
v -0.0419361 0.237717 0.0608931
v -0.0452058 0.236314 0.0607049
v -0.0358524 0.219975 0.0601618
v -0.0347222 0.221399 0.0598909
v -0.0363064 0.222256 0.0596862
v -0.0397448 0.2614 0.0606465
v -0.0449848 0.268432 0.0601891
v -0.0430936 0.267923 0.0601926
v -0.030783 0.235995 0.0593914
v -0.0342276 0.237443 0.0603874
v -0.0331583 0.234788 0.0597272
v -0.0312224 0.268109 0.0571334
v -0.0338825 0.266473 0.0583462
v -0.0313779 0.265778 0.057903
v -0.0396251 0.252734 0.0611349
v -0.032907 0.221067 0.0595717
v -0.0424179 0.253364 0.0619874
v -0.0452122 0.255141 0.0627632
v -0.0220509 0.290695 0.0511402
v -0.0200699 0.288556 0.0521609
v -0.0186149 0.291479 0.0510297
v -0.0453232 0.244548 0.0639665
v -0.0465226 0.242886 0.0638809
v -0.0410844 0.270878 0.0593749
v -0.0293066 0.267534 0.0570317
v -0.0470315 0.256231 0.0630897
v -0.0489978 0.255602 0.0633986
v -0.00565296 0.29757 0.0488359
v -0.0448389 0.247093 0.0637241
v -0.00278205 0.296907 0.0484569
v -0.0456898 0.249634 0.063644
v -0.0434951 0.250405 0.0629523
v -0.00965786 0.296618 0.0494784
v -0.00769079 0.297858 0.0493201
v -0.0375279 0.248119 0.0619019
v -0.037664 0.240202 0.0614243
v -0.0336593 0.240276 0.0605089
v -0.0456477 0.240997 0.0626782
v -0.0460484 0.238899 0.0620005
v -0.0433767 0.240046 0.0618852
v -0.0440263 0.276057 0.059034
v -0.0172425 0.294287 0.0491952
v -0.0151848 0.291974 0.0509946
v -0.0137832 0.294687 0.0499683
v -0.0319476 0.22338 0.0593483
v -0.0356043 0.268457 0.058538
v -0.0135332 0.289366 0.0526645
v -0.0161199 0.285777 0.0533656
v -0.0361341 0.273121 0.0579113
v -0.0304538 0.273397 0.0565995
v -0.0333639 0.275837 0.0568453
v -0.0167231 0.289523 0.0521518
v -0.0212414 0.293388 0.0494934
v -0.0407641 0.250655 0.0618833
v -0.0419388 0.24863 0.0627795
v -0.0416318 0.246565 0.0630426
v -0.0316794 0.278092 0.0559143
v -0.039295 0.219337 0.0603106
v -0.04752 0.249204 0.064472
v -0.0442344 0.233609 0.0595161
v -0.0418005 0.235251 0.0601813
v -0.0312198 0.270235 0.0568581
v -0.0331051 0.270749 0.0572466
v -0.0328745 0.268872 0.0572509
v -0.0478712 0.23944 0.0626408
v -0.0482852 0.241218 0.063277
v -0.0477437 0.228825 0.0578467
v -0.0404729 0.274771 0.0587565
v -0.0393265 0.248085 0.0624366
v -0.0378054 0.276194 0.0575889
v -0.0152552 0.296309 0.0490604
v -0.0351563 0.23227 0.0594311
v -0.0393791 0.229748 0.0587244
v -0.0352199 0.228728 0.0591394
v -0.0293103 0.23484 0.0589442
v -0.0286814 0.233568 0.0587354
v -0.0337112 0.218114 0.0604884
v -0.00707081 0.287773 0.05252
v -0.024769 0.288135 0.0524614
v -0.0286288 0.28632 0.0535718
v -0.0366948 0.217367 0.0611293
v -0.0326521 0.229818 0.0592887
v -0.0387278 0.233786 0.0597083
v -0.0360472 0.235223 0.0600233
v -0.0215611 0.285715 0.0533436
v -0.00507447 0.287969 0.0517257
v -0.00279817 0.2884 0.0510093
v -0.00544274 0.290246 0.050382
v -0.00754082 0.294621 0.0491739
v -0.0048804 0.295201 0.0486495
v -0.0113649 0.294952 0.0499156
v -0.0129397 0.298277 0.0488617
v -0.00244248 0.293509 0.0489313
v -0.000538051 0.290135 0.0503878
v -0.00543901 0.292578 0.0491798
v -0.00789061 0.291896 0.0499236
v -0.0377512 0.220983 0.0599039
v -0.0398973 0.245294 0.0626823
v -0.0256886 0.284835 0.0540756
v -0.0174718 0.29786 0.0480183
v -0.00980067 0.294131 0.049868
v -0.00904065 0.292919 0.0498233
v -0.0292983 0.269901 0.0568061
v -0.029157 0.283555 0.0546218
v -0.00750142 0.289804 0.0516835
v -0.0285355 0.276724 0.0555077
v -0.0226692 0.283163 0.0540521
v -0.019704 0.28334 0.0539634
v -0.0323765 0.232418 0.0593112
v -0.0452302 0.228834 0.0582558
v -0.0290346 0.280114 0.055188
v -0.0305777 0.233907 0.0591001
v -0.0256492 0.28179 0.0547505
v -0.0108061 0.292021 0.050807
v -0.079023 0.240065 0.0575531
v -0.044526 0.229265 0.0584989
v -0.0447645 0.230699 0.0585527
v -0.0034731 0.291161 0.0498346
v -0.0471936 0.233327 0.0592083
v -0.0415728 0.232724 0.0591547
v -0.075387 0.228338 0.0536112
v -0.0202173 0.295897 0.0481751
v -0.0295408 0.231129 0.0590467
v -0.0307248 0.228244 0.0590289
v -0.0310428 0.224651 0.0592464
v 0.0137175 0.304082 0.0625248
v 0.0113383 0.305199 0.0602301
v 0.0124084 0.302451 0.0595088
v 0.0176556 0.299725 0.0614088
v 0.00920328 0.308834 0.057078
v 0.0109922 0.308279 0.0605064
v 0.0102988 0.311065 0.0589629
v 0.0101005 0.320934 0.0530215
v 0.00902241 0.317131 0.0533482
v 0.0110222 0.317631 0.0552955
v 0.0153186 0.308675 0.0661383
v 0.0166549 0.306867 0.0663017
v 0.0169702 0.309406 0.0669319
v 0.0161136 0.304596 0.0645977
v 0.0158803 0.301761 0.061908
v 0.0180425 0.30227 0.0633528
v 0.00658572 0.318146 0.0508792
v 0.0194272 0.303999 0.0656347
v 0.0158373 0.299581 0.060422
v 0.0137644 0.300054 0.0588876
v 0.0190578 0.311023 0.0669071
v 0.0186816 0.314554 0.0651986
v 0.0166146 0.311868 0.0662296
v 0.0132105 0.319283 0.056948
v 0.0100278 0.328701 0.0504331
v 0.0107718 0.325358 0.0520675
v 0.0139678 0.302284 0.0609776
v 0.0100195 0.302952 0.0569245
v 0.0110596 0.300239 0.0569721
v 0.00763285 0.314122 0.0527325
v 0.00904068 0.300051 0.0547877
v 0.0124919 0.310852 0.0628051
v 0.0124515 0.313945 0.060579
v 0.0136696 0.307309 0.0641093
v 0.0148274 0.313639 0.0640794
v 0.00772062 0.30869 0.0545905
v 0.00861791 0.311184 0.0553697
v 0.010231 0.314465 0.0561143
v 0.0124161 0.31651 0.0578555
v 0.0146575 0.310319 0.0657437
v 0.00673363 0.310853 0.0526553
v 0.00876129 0.306225 0.0564682
v 0.0167946 0.316553 0.0625354
v 0.0195936 0.318371 0.0626466
v 0.0164477 0.319681 0.0598423
v 0.0143451 0.316747 0.0605904
v -0.0806335 0.215722 0.0462842
v 0.0197052 0.322385 0.059169
v 0.0146693 0.323245 0.0555775
v 0.0185911 0.326817 0.0558626
v 0.0140925 0.328767 0.0525692
v -0.0788277 0.241864 0.0579073
v -0.0800961 0.244667 0.0584926
v -0.0841356 0.24859 0.0581201
v -0.0812587 0.247228 0.0592544
v -0.0824739 0.245873 0.0570921
v -0.0808395 0.223127 0.0460073
v -0.0815327 0.225445 0.0458957
v -0.0814318 0.242968 0.0566384
v -0.0794569 0.220764 0.0470049
v -0.0596524 0.216574 0.0569918
v -0.0823982 0.241298 0.0542833
v 0.0140704 0.204187 0.0381306
v 0.0160639 0.20035 0.0369992
v 0.0178133 0.203658 0.0352355
v 0.012091 0.207913 0.0393146
v 0.0147203 0.208695 0.0366603
v 0.016467 0.206361 0.0357396
v 0.0122197 0.188094 0.0410389
v 0.0126106 0.193336 0.0411861
v 0.00855428 0.212842 0.0415284
v 0.00996527 0.214713 0.0401844
v 0.0166344 0.213505 0.0339275
v 0.0139127 0.213062 0.0364168
v 0.017251 0.210346 0.0339867
v 0.00495425 0.208355 0.0444852
v 0.010623 0.186411 0.0422033
v 0.0194125 0.212897 0.0320771
v 0.0101686 0.205358 0.0410986
v 0.0154531 0.198207 0.0379522
v 0.0152753 0.19574 0.0388831
v 0.0172257 0.1974 0.036142
v 0.0183522 0.193444 0.0358879
v 0.0185781 0.188321 0.0357245
v 0.0199403 0.191216 0.0339604
v 0.0169926 0.178832 0.0365923
v 0.0160654 0.17379 0.0367519
v 0.0181653 0.174384 0.0345906
v 0.0139518 0.199337 0.038987
v 0.0114736 0.211287 0.0392447
v 0.00947163 0.209584 0.0411141
v 0.00744411 0.20783 0.0427275
v 0.0170028 0.208233 0.0349335
v 0.0185037 0.20725 0.0343555
v 0.0147914 0.184001 0.0385406
v 0.0180273 0.183318 0.0355778
v 0.0063366 0.211451 0.0432318
v 0.0196208 0.196436 0.0335265
v 0.0193036 0.169947 0.0323921
v 0.0193564 0.179639 0.0339441
v 0.0156937 0.190568 0.03877
v 0.0185905 0.199997 0.03454
vn 0.925278 0.324295 -0.196707
vn 0.958449 0.221027 -0.180338
vn -0.323405 0.437615 0.838989
vn 0.871066 -0.28467 0.400259
vn -0.783971 -0.620484 -0.0197345
vn -0.96135 -0.113374 0.250903
vn -0.95525 -0.132645 0.26439
vn -0.355031 0.261481 0.897541
vn -0.345252 0.33296 0.877461
vn -0.268054 0.311332 0.911712
vn -0.316435 0.125763 0.940241
vn -0.206041 0.294022 0.933326
vn -0.366436 -0.423362 0.828547
vn -0.391968 0.0101801 0.919922
vn -0.66086 0.00211644 0.750506
vn -0.68982 0.306958 0.655687
vn -0.544026 0.356439 0.759596
vn -0.280777 0.533151 0.798069
vn -0.303728 0.469671 0.828951
vn -0.278241 0.562565 0.778526
vn -0.351658 0.606999 0.712663
vn -0.29383 0.592677 0.749932
vn -0.522588 0.572449 0.631826
vn -0.445478 0.616371 0.649335
vn -0.455304 0.568503 0.685202
vn -0.582935 0.568182 0.580823
vn -0.550398 0.516428 0.656021
vn -0.362205 0.593814 0.718465
vn 0.0831921 -0.383555 0.919764
vn 0.503792 -0.304523 0.808368
vn 0.501905 -0.311734 0.806791
vn 0.822961 -0.128517 0.553371
vn 0.183546 -0.586979 0.788522
vn 0.580791 -0.121737 0.804899
vn -0.0239393 0.0249955 0.999401
vn 0.945559 -0.286994 0.153471
vn 0.990097 -0.0821137 -0.113867
vn 0.984205 0.0683102 -0.163321
vn -0.793804 0.102046 0.599552
vn -0.753493 0.0595811 0.654751
vn -0.690874 0.114154 0.713906
vn -0.623888 0.236176 0.744973
vn -0.972117 0.0036989 0.234467
vn -0.830583 0.104837 0.546938
vn -0.845428 -0.230545 -0.481769
vn -0.858293 -0.194952 -0.474686
vn -0.887758 -0.226193 -0.400902
vn -0.530621 -0.796773 0.289126
vn -0.656759 0.189014 0.730029
vn -0.628905 0.184387 0.755301
vn -0.719179 0.175414 0.672319
vn -0.671446 0.219796 0.707707
vn -0.694374 0.212651 0.687476
vn -0.658998 0.176252 0.731202
vn 0.151528 -0.20872 0.966165
vn -0.38434 -0.16707 0.907948
vn -0.657573 0.454963 0.600505
vn -0.606014 0.462605 0.647104
vn -0.626929 0.507527 0.59108
vn -0.572875 0.51502 0.637627
vn -0.492017 0.47415 0.730138
vn -0.323161 0.337425 0.884144
vn -0.31354 0.356206 0.880233
vn -0.612153 0.0817713 0.7865
vn -0.625722 0.505005 0.59451
vn -0.827195 -0.206068 -0.522766
vn -0.883568 -0.208389 -0.419382
vn -0.860499 -0.184085 -0.475031
vn -0.829625 -0.211037 -0.5169
vn -0.87042 -0.164517 -0.464008
vn -0.882118 -0.276636 -0.381236
vn -0.82607 -0.213057 -0.521743
vn -0.851567 -0.263381 -0.453281
vn -0.935734 -0.236453 -0.26171
vn -0.621204 0.473118 0.624712
vn -0.67895 0.32426 0.658698
vn -0.30267 -0.125909 0.944742
vn -0.638579 -0.294308 0.711055
vn -0.614851 0.184818 0.766681
vn -0.707781 -0.0216624 0.7061
vn -0.360358 -0.31874 0.876668
vn -0.136134 -0.714769 0.685983
vn -0.139421 -0.442705 0.885762
vn -0.448827 -0.0633214 0.891372
vn -0.189875 -0.158999 0.968848
vn -0.546899 0.00733558 0.837166
vn -0.100805 -0.0956679 0.990296
vn -0.161421 -0.501696 0.84985
vn -0.727498 0.0912967 0.680009
vn -0.701306 0.232273 0.673958
vn -0.292945 -0.105367 0.950306
vn -0.609523 0.047625 0.791336
vn -0.146137 -0.0532729 0.987829
vn -0.715416 0.271063 0.643976
vn -0.79578 0.208273 0.568644
vn -0.732566 0.244377 0.635316
vn -0.981375 0.187112 0.0434952
vn -0.971397 0.213219 0.104526
vn -0.99244 0.0992501 0.0722009
vn -0.92645 0.29827 0.229618
vn -0.972025 0.164244 0.167906
vn -0.81434 0.209626 0.541209
vn -0.986949 0.154836 0.0442433
vn -0.978328 0.206928 0.00745192
vn -0.95133 0.187297 0.244725
vn -0.991938 0.0657845 0.108316
vn -0.979467 0.0738329 0.187598
vn -0.96759 0.0601189 0.245265
vn -0.98169 0.00216486 0.190475
vn -0.950212 -0.00723712 0.311521
vn -0.96594 -0.00712128 0.258666
vn -0.943396 0.0203651 0.331043
vn -0.937091 0.319285 0.14113
vn -0.897704 0.384189 0.2157
vn -0.970534 0.124246 0.206462
vn -0.871587 0.35276 0.340436
vn -0.864725 0.235709 0.443501
vn -0.931275 0.128179 0.341025
vn -0.947743 0.182648 0.261577
vn -0.931768 0.239603 0.272763
vn -0.956454 0.087559 0.278442
vn -0.912356 0.275117 0.303179
vn -0.885423 0.386277 0.258489
vn -0.895585 0.0964117 0.434318
vn -0.990799 0.134401 -0.0159614
vn -0.995669 0.0496926 -0.0785729
vn -0.986167 0.14912 -0.0723751
vn -0.990068 0.0392462 0.135002
vn -0.969046 0.242155 0.0480678
vn -0.954791 0.293289 0.0485446
vn -0.626662 -0.521143 0.5794
vn -0.791807 -0.240413 0.561466
vn -0.794806 -0.318499 0.516567
vn -0.866489 -0.0288422 0.498362
vn -0.881113 0.280549 0.380701
vn -0.816934 0.483663 0.314147
vn -0.924297 0.263043 0.276558
vn -0.832453 -0.317766 0.453924
vn -0.936174 0.270808 0.224148
vn -0.925155 0.336582 0.175503
vn -0.877398 0.414873 0.240941
vn -0.97247 0.0421037 0.229194
vn -0.903748 -0.0515524 0.42495
vn -0.933252 -0.0326958 0.357731
vn -0.866481 0.395818 0.304202
vn -0.860916 0.336099 0.381919
vn -0.790574 0.607042 0.0805795
vn -0.769987 0.638003 0.0084759
vn -0.71638 0.689693 0.105471
vn -0.776696 0.60186 0.185763
vn -0.827451 0.495292 0.264597
vn -0.834448 0.510874 0.20665
vn -0.900325 0.411059 0.142992
vn -0.882655 0.434908 0.178257
vn -0.88137 0.372547 0.290509
vn -0.878311 0.452193 0.155215
vn -0.87437 0.483209 -0.044566
vn -0.852866 0.522127 0.00151205
vn -0.983952 -0.134329 0.11745
vn -0.651517 0.756305 0.0593992
vn -0.536929 0.824053 0.180677
vn -0.790835 0.581431 0.191097
vn -0.857072 0.507201 0.0904125
vn -0.714654 0.669628 0.202157
vn -0.828423 0.536222 0.161807
vn -0.664187 -0.476424 0.576087
vn -0.692102 0.707029 0.145274
vn -0.897613 0.440748 0.0056698
vn -0.742832 -0.20787 0.636388
vn -0.803635 0.572298 0.163238
vn -0.840241 0.503453 0.20132
vn -0.801003 0.590344 0.0994399
vn -0.921237 -0.354507 0.16015
vn -0.960223 -0.270338 0.0699167
vn -0.977389 -0.211404 -0.00434436
vn -0.811928 0.58031 0.0633592
vn -0.920614 0.378858 0.0945311
vn -0.956952 0.277893 -0.0837743
vn -0.997098 0.000363141 0.0761303
vn -0.766138 0.630914 0.122395
vn -0.761248 -0.589901 0.269292
vn -0.889242 0.454269 0.0537329
vn -0.828433 0.502469 0.247435
vn -0.937722 0.207495 0.27861
vn -0.966827 0.222106 0.126149
vn -0.753909 0.645928 0.119991
vn -0.904089 0.316062 0.287624
vn -0.134834 -0.903486 0.406857
vn -0.152479 -0.934794 0.320797
vn -0.328211 -0.875772 0.35398
vn -0.578057 -0.793616 0.189797
vn -0.634192 -0.754421 0.169263
vn -0.795551 -0.602069 -0.0679142
vn -0.809697 -0.583621 -0.0614612
vn -0.459521 -0.822487 0.335194
vn -0.317643 -0.914119 0.25197
vn -0.409877 -0.884419 0.22317
vn -0.611987 -0.757029 0.228867
vn -0.550076 -0.796685 0.25042
vn -0.701332 -0.710779 0.0540918
vn -0.770994 -0.635136 -0.0465803
vn -0.187775 -0.896388 0.401533
vn -0.0377321 -0.880352 0.472818
vn -0.970542 -0.0694079 0.230716
vn -0.893547 0.418677 0.162119
vn -0.907555 0.4159 0.058066
vn -0.854484 0.492343 0.165695
vn -0.66804 0.49553 0.555134
vn -0.679361 0.458168 0.573194
vn -0.641261 0.521554 0.56282
vn -0.541326 0.480597 0.689923
vn -0.599517 0.450307 0.661667
vn -0.602486 0.483335 0.635136
vn -0.719533 0.387009 0.576625
vn -0.655841 0.401909 0.639017
vn -0.697227 0.371454 0.613104
vn -0.60933 0.474388 0.635353
vn -0.664765 0.419062 0.618446
vn -0.664875 0.463276 0.585932
vn -0.746854 0.216873 0.628629
vn -0.742234 0.291456 0.603442
vn -0.694791 0.319633 0.644283
vn -0.841695 0.45997 0.282803
vn -0.810171 0.524016 0.262736
vn -0.800615 0.479315 0.359547
vn -0.772654 0.50828 0.380337
vn -0.744582 0.455838 0.487657
vn -0.952471 0.30311 -0.0303743
vn -0.81633 0.343744 0.464161
vn -0.809971 0.287275 0.511293
vn -0.963881 0.264068 -0.034664
vn -0.660715 0.406109 0.631294
vn -0.638724 0.370794 0.674198
vn -0.711907 0.416328 0.565561
vn -0.658535 0.400789 0.636946
vn -0.656163 0.431359 0.619177
vn -0.647813 0.40591 0.644651
vn -0.640207 0.473762 0.604719
vn -0.632555 0.529814 0.564953
vn -0.675632 0.52159 0.521023
vn -0.780363 0.440819 0.443523
vn -0.683414 0.38478 0.620395
vn -0.752873 0.275933 0.597531
vn -0.717412 0.362575 0.59486
vn -0.79081 0.322701 0.52008
vn -0.650006 0.479853 0.589266
vn -0.754551 0.459078 0.468934
vn -0.639024 0.396995 0.658819
vn -0.639276 0.379568 0.66877
vn -0.680154 0.462204 0.568998
vn -0.799916 0.378214 0.465928
vn -0.644768 0.542381 0.538606
vn -0.868541 0.448163 0.211626
vn -0.640475 0.478965 0.60032
vn -0.621 0.465169 0.630854
vn -0.616914 0.45271 0.643794
vn -0.757186 0.492557 0.429019
vn -0.658083 0.525933 0.538815
vn -0.648301 0.445239 0.617631
vn -0.629122 0.438019 0.642141
vn -0.618415 0.411711 0.669371
vn -0.669172 0.383504 0.636501
vn -0.617674 0.489035 0.615893
vn -0.72078 0.395929 0.568961
vn -0.630376 0.506641 0.588168
vn -0.669013 0.500205 0.549742
vn -0.690033 0.477191 0.544191
vn -0.627905 0.403173 0.665722
vn -0.551242 0.451354 0.701721
vn -0.631812 0.496016 0.595635
vn -0.763431 0.394191 0.511651
vn -0.453801 0.387035 0.802664
vn -0.561367 0.354628 0.747734
vn -0.551255 0.414614 0.724026
vn -0.535525 0.429647 0.727061
vn -0.335241 0.493448 0.802572
vn -0.478054 0.537432 0.694717
vn -0.594327 0.489634 0.637992
vn -0.564091 0.591314 0.576324
vn -0.604483 0.510136 0.611851
vn -0.527527 0.589093 0.612115
vn -0.443524 0.619017 0.648154
vn -0.50133 0.587566 0.635165
vn -0.355026 0.571801 0.739595
vn -0.621619 0.430299 0.654548
vn -0.619951 0.366097 0.693998
vn -0.544669 0.616442 0.568625
vn -0.570323 0.58828 0.573287
vn -0.603083 0.340417 0.721393
vn -0.586916 0.394137 0.707238
vn -0.523674 0.621292 0.582891
vn -0.344006 0.17247 0.922992
vn -0.476523 0.446384 0.757408
vn -0.598705 0.550803 0.581523
vn -0.609769 0.530738 0.588642
vn -0.504631 0.525161 0.68524
vn -0.664163 0.25912 0.701245
vn -0.43641 0.410704 0.800542
vn -0.418996 0.431926 0.798675
vn -0.330682 0.531559 0.779804
vn -0.542531 0.576055 0.611409
vn -0.520958 0.492134 0.697429
vn -0.602173 0.427698 0.674138
vn -0.454561 0.536699 0.710865
vn -0.59335 0.482643 0.644198
vn -0.552274 0.498456 0.668233
vn -0.643565 0.505328 0.574863
vn -0.427338 0.614804 0.662871
vn -0.229343 0.440996 0.867712
vn -0.281309 0.40962 0.8678
vn -0.24959 0.405991 0.879134
vn -0.494292 0.565714 0.660033
vn -0.749626 0.312268 0.583566
vn -0.74814 0.222869 0.624992
vn -0.641867 0.496793 0.584127
vn -0.669709 0.333868 0.663341
vn -0.682572 0.431642 0.589729
vn -0.578504 0.321103 0.749817
vn -0.461107 0.188349 0.867125
vn -0.594172 0.206285 0.777436
vn -0.673117 0.248982 0.696363
vn -0.665498 0.203351 0.718165
vn -0.247933 0.405258 0.879941
vn -0.589218 0.429099 0.684614
vn -0.573543 0.597215 0.560698
vn -0.611011 0.541161 0.577763
vn -0.340826 0.392163 0.854427
vn -0.50557 0.634595 0.584542
vn -0.436567 0.378128 0.81635
vn -0.485175 0.50341 0.714971
vn -0.974775 -0.0440244 0.218804
vn -0.987589 0.106428 0.1155
vn -0.964608 -0.26368 0.00201615
vn -0.778633 -0.461976 0.424627
vn -0.882047 -0.399242 0.250199
vn -0.746431 -0.171478 0.64299
vn -0.251964 0.330246 0.909644
vn -0.52786 0.0460379 0.848083
vn -0.548503 -0.309546 0.77674
vn -0.915104 -0.338395 0.219258
vn -0.932947 -0.334473 0.13318
vn -0.925806 -0.375749 0.0411769
vn -0.821441 0.00735991 0.570246
vn -0.608511 0.197498 0.768576
vn -0.241895 0.466327 0.850897
vn -0.955027 0.161001 0.249
vn -0.902138 0.358204 0.240492
vn -0.922732 -0.219473 0.316854
vn -0.934098 -0.316911 0.1644
vn -0.95834 -0.284749 0.0224205
vn -0.622595 -0.568318 0.53795
vn -0.720904 -0.123854 0.681878
vn -0.768611 -0.276662 0.576797
vn -0.972506 -0.0674656 0.222892
vn -0.344324 0.455432 0.820989
vn -0.65734 0.536497 0.529222
vn -0.411087 0.751854 0.515483
vn -0.365753 0.609147 0.703679
vn -0.884648 -0.179888 0.430161
vn -0.911225 -0.389983 0.132594
vn -0.93491 -0.258857 0.242769
vn -0.992316 -0.113044 0.0503046
vn -0.974556 -0.150178 -0.166394
vn -0.997524 -0.0627233 -0.0317984
vn -0.982517 0.173695 0.0670113
vn -0.994304 0.00693864 0.106358
vn -0.986526 -0.122171 0.108816
vn -0.896302 -0.299893 0.32666
vn -0.623002 -0.510719 0.592482
vn -0.658924 -0.521952 0.54165
vn -0.619053 -0.430022 0.657156
vn -0.955593 -0.123888 -0.267382
vn -0.948784 -0.099655 -0.299798
vn -0.983039 -0.0781253 -0.165924
vn -0.995169 0.075734 -0.0624823
vn -0.983214 0.181652 0.017102
vn -0.981112 0.143874 0.129308
vn -0.982998 -0.0913519 -0.159281
vn -0.998289 -0.0512983 -0.0280814
vn -0.614282 -0.615478 0.493805
vn -0.744705 -0.547455 0.381715
vn -0.667385 -0.521639 0.531497
vn -0.909306 0.136976 0.392938
vn -0.723875 -0.450619 0.522444
vn -0.660278 -0.342051 0.668606
vn -0.82269 0.480865 0.303232
vn -0.948958 0.298893 0.100712
vn -0.916687 -0.175409 0.359051
vn -0.954701 -0.258258 0.147812
vn -0.947237 -0.308386 0.0874073
vn -0.681986 0.0519769 0.729516
vn -0.934195 -0.130546 -0.332021
vn -0.933801 -0.167622 -0.316098
vn -0.906314 -0.148397 -0.395694
vn -0.804402 0.386942 0.450792
vn -0.790009 0.0770682 0.608232
vn -0.575528 0.24752 0.779424
vn -0.919139 -0.128248 0.372473
vn -0.811293 0.534352 0.237216
vn -0.999739 -0.00795076 -0.021413
vn -0.933906 -0.127835 0.333882
vn -0.742048 0.18364 0.644702
vn -0.740556 -0.424829 0.520669
vn -0.745486 -0.479395 0.463067
vn -0.652545 -0.553314 0.517715
vn -0.990722 0.120971 -0.0619336
vn -0.911596 0.402016 0.0858877
vn -0.937792 -0.201067 0.283051
vn -0.68913 0.131399 0.712625
vn -0.869171 -0.403287 0.286185
vn -0.699119 -0.588091 0.406671
vn -0.817911 -0.473766 0.326447
vn -0.750473 -0.0954423 0.653973
vn -0.84701 -0.432438 0.309147
vn -0.935721 -0.331095 0.121667
vn -0.984403 0.0718224 0.160598
vn -0.826892 0.260127 0.498582
vn -0.811264 -0.413909 0.412954
vn -0.922439 -0.288025 0.25719
vn -0.462134 0.825506 0.323995
vn -0.432571 0.846333 0.310809
vn -0.893979 -0.16829 -0.415307
vn -0.61433 -0.628322 0.477294
vn -0.531667 0.427314 0.731255
vn -0.796143 -0.556377 0.23791
vn -0.855119 -0.499388 0.139225
vn -0.819814 -0.520686 0.238308
vn -0.859142 -0.427842 0.280759
vn -0.946381 -0.180494 -0.267926
vn -0.942255 -0.0466791 -0.331627
vn -0.922992 -0.129221 -0.362474
vn -0.889557 -0.445692 0.10023
vn -0.904446 -0.402985 0.13993
vn -0.879336 -0.433627 0.196813
vn -0.978436 0.0425868 -0.202111
vn -0.953832 0.272592 -0.126088
vn -0.958362 0.0299395 -0.283984
vn -0.957951 -0.139554 -0.250708
vn -0.974604 -0.0484202 -0.218638
vn -0.986383 0.0153469 -0.163744
vn -0.876754 -0.46879 0.107417
vn -0.899622 -0.415895 -0.133085
vn -0.862842 -0.489842 0.124736
vn -0.916056 0.38401 -0.115662
vn -0.776082 0.240297 0.583055
vn -0.751504 0.321438 0.576124
vn -0.77289 0.20239 0.601398
vn -0.969632 -0.115681 0.215479
vn -0.973615 -0.207444 0.0950872
vn -0.895859 -0.221796 0.385024
vn -0.8692 0.487763 -0.0811156
vn -0.884705 0.464512 -0.0390634
vn -0.915 -0.395157 0.0814063
vn -0.883154 -0.287498 0.370653
vn -0.900566 -0.389045 0.193971
vn -0.929305 0.0825223 0.359975
vn -0.873132 -0.0501499 0.484898
vn -0.986513 0.147638 0.0706744
vn -0.894884 -0.442485 0.0582322
vn -0.869132 -0.299376 -0.39368
vn -0.903439 -0.224877 -0.365005
vn -0.877458 -0.221684 -0.42535
vn -0.889524 -0.429794 0.154998
vn -0.89275 -0.412299 -0.18168
vn -0.943546 -0.282827 -0.172422
vn -0.870157 -0.487063 0.0748062
vn -0.94057 -0.186811 -0.283601
vn -0.932748 -0.221955 -0.284107
vn -0.864334 -0.109483 0.490856
vn -0.85823 -0.0511608 0.510709
vn -0.846741 -0.0494692 0.5297
vn -0.905826 -0.268347 -0.327826
vn -0.833159 -0.471787 0.288554
vn -0.765942 0.425388 0.482056
vn -0.791019 0.396253 0.466126
vn -0.744528 0.371737 0.554518
vn -0.901667 -0.189947 -0.388479
vn -0.942069 -0.18784 -0.277889
vn -0.942388 -0.0626331 -0.328607
vn -0.939699 0.208609 -0.271012
vn -0.895356 0.400738 -0.194286
vn -0.923068 -0.382194 -0.043281
vn -0.846048 0.218008 0.486493
vn -0.743199 0.391597 0.5425
vn -0.751052 0.40141 0.524204
vn -0.764369 0.371946 0.526684
vn -0.83508 -0.50523 0.21768
vn -0.793597 -0.443955 0.416062
vn -0.78954 0.47857 0.384183
vn -0.809914 0.493851 0.316466
vn -0.842301 0.526385 0.115962
vn -0.867343 0.497588 -0.0110666
vn -0.863659 0.501949 -0.0462613
vn -0.791051 0.45107 0.413248
vn -0.838724 -0.0483254 0.542408
vn -0.853675 -0.499631 0.146996
vn -0.886644 -0.457893 0.0647797
vn -0.856795 -0.45133 0.249407
vn -0.862716 0.475438 0.172279
vn -0.929958 -0.237626 -0.280556
vn -0.932282 -0.238386 -0.272073
vn -0.818072 0.0636027 0.571589
vn -0.816355 0.118051 0.565357
vn -0.975716 0.00678618 -0.218935
vn -0.842475 0.5129 0.164831
vn -0.956112 0.237707 0.171304
vn -0.765997 0.341293 0.544765
vn -0.931503 0.135504 -0.33755
vn -0.928985 0.0369935 -0.368263
vn -0.85709 -0.16932 0.486546
vn -0.919443 -0.248552 -0.304707
vn -0.891369 -0.272764 -0.362023
vn -0.98483 0.0820743 -0.152883
vn -0.971657 0.0540295 -0.230139
vn -0.865434 -0.329487 -0.377442
vn -0.932364 -0.306741 -0.19133
vn -0.92477 -0.33447 -0.181466
vn -0.91465 -0.112899 -0.388162
vn -0.93029 -0.0099753 -0.36669
vn -0.834059 -0.480554 0.270949
vn -0.933016 0.290358 -0.212538
vn -0.864795 0.501123 -0.0317097
vn -0.867911 0.495154 -0.0394089
vn -0.835419 0.544181 0.0770804
vn -0.850322 0.525309 0.0316672
vn -0.831247 0.51715 0.203922
vn -0.803428 0.250141 0.540309
vn -0.813062 0.485896 0.320678
vn -0.76974 0.388317 0.506667
vn -0.97191 0.19479 -0.13209
vn -0.809013 0.528317 0.257642
vn -0.926541 -0.187084 -0.326376
vn -0.883779 -0.315799 0.345262
vn -0.855582 -0.421473 0.300567
vn -0.792181 0.347065 0.501992
vn -0.676594 -0.681339 0.279282
vn -0.608587 -0.694273 0.384196
vn -0.704766 -0.565658 0.428178
vn -0.684689 0.392325 0.614234
vn -0.664553 0.489649 0.564458
vn -0.675437 0.491537 0.549706
vn -0.690566 0.427388 0.583488
vn -0.967236 -0.21818 0.129819
vn -0.98222 0.158826 0.10009
vn -0.96922 -0.0558342 0.23978
vn -0.655843 -0.577029 0.486731
vn -0.751859 -0.482501 0.449334
vn -0.622061 -0.572977 0.533608
vn -0.783347 -0.391768 0.482582
vn -0.969331 0.16882 0.178601
vn -0.754578 -0.219353 0.618462
vn -0.683674 -0.179449 0.707381
vn -0.72772 -0.199782 0.656133
vn -0.717755 -0.0769989 0.692025
vn -0.700815 -0.20548 0.683107
vn -0.757245 -0.152297 0.635126
vn -0.789868 -0.414202 0.452268
vn -0.726615 -0.478421 0.493096
vn -0.665674 -0.680411 0.306461
vn -0.673174 -0.592235 0.442825
vn -0.772237 -0.523894 0.359422
vn -0.979311 -0.153595 0.131751
vn -0.878637 -0.344918 0.330195
vn -0.861607 -0.32761 0.387693
vn -0.88623 -0.172211 0.430047
vn -0.818171 -0.411918 0.401148
vn -0.623886 -0.572515 0.531971
vn -0.850995 -0.350285 0.39129
vn -0.765012 0.00220384 0.644013
vn -0.773502 0.0532939 0.631549
vn -0.832741 -0.046895 0.551674
vn -0.770838 0.135519 0.62245
vn -0.764709 -0.132361 0.630635
vn -0.754999 0.0181684 0.655474
vn -0.792739 -0.239809 0.560408
vn -0.809153 -0.158189 0.565905
vn -0.773786 -0.133341 0.619254
vn -0.827384 0.27615 0.489058
vn -0.800866 0.355086 0.482211
vn -0.904728 -0.0418566 0.423928
vn -0.793675 0.0753287 0.60366
vn -0.841104 0.12284 0.526739
vn -0.799751 0.00931575 0.60026
vn -0.74626 -0.0855293 0.660137
vn -0.747351 -0.0958524 0.65748
vn -0.807802 -0.0434377 0.587851
vn -0.835517 0.188731 0.516035
vn -0.853833 0.216934 0.47319
vn -0.799834 0.301603 0.518942
vn -0.844108 0.112519 0.524234
vn -0.835259 0.192081 0.515216
vn -0.801421 0.123778 0.585153
vn -0.633192 -0.565032 0.528968
vn -0.648215 -0.640621 0.411609
vn -0.713789 0.0414101 0.699135
vn -0.756599 0.062975 0.650839
vn -0.598158 0.512291 0.616251
vn -0.720063 0.474815 0.506023
vn -0.881936 -0.272982 0.384277
vn -0.785878 0.0785116 0.613377
vn -0.790457 0.0678871 0.608744
vn -0.579106 -0.681769 0.44702
vn -0.587966 -0.724957 0.358795
vn -0.673247 -0.622601 0.398882
vn -0.763612 0.418647 0.49156
vn -0.903648 -0.303768 0.301901
vn -0.858893 -0.480552 0.177126
vn -0.778786 0.196604 0.595684
vn -0.7806 0.172947 0.600627
vn -0.698324 0.382901 0.604757
vn -0.865367 -0.0331468 0.500041
vn -0.701557 0.0169812 0.712411
vn -0.757422 0.446237 0.476638
vn -0.790287 0.428646 0.437847
vn -0.805154 0.303092 0.509767
vn -0.763035 0.297961 0.573582
vn -0.759093 0.387668 0.522964
vn -0.818207 0.263075 0.511204
vn -0.868158 0.0682954 0.491567
vn -0.878011 -0.00409005 0.478623
vn -0.888282 -0.11721 0.44409
vn -0.700072 0.42877 0.571013
vn -0.766986 0.295017 0.569822
vn -0.780153 0.247624 0.574494
vn -0.716717 0.329651 0.61453
vn -0.810927 0.217985 0.543028
vn -0.797362 0.353876 0.488861
vn -0.83754 0.251644 0.484976
vn -0.877982 0.0850032 0.471087
vn -0.88502 0.0214839 0.465057
vn -0.736776 0.178643 0.65211
vn -0.700843 0.14066 0.69931
vn -0.792269 -0.25054 0.556363
vn -0.819226 -0.343599 0.459139
vn -0.828016 -0.215103 0.517803
vn -0.749647 0.308238 0.585677
vn -0.838624 -0.109661 0.533559
vn -0.849528 -0.395599 0.349004
vn -0.759463 0.136499 0.636069
vn -0.755692 0.392956 0.523941
vn -0.591804 -0.56058 0.579239
vn -0.678166 -0.50331 0.535509
vn -0.662792 -0.639292 0.389888
vn -0.759514 -0.343551 0.552369
vn -0.698089 0.284893 0.656893
vn -0.67201 0.286716 0.682786
vn -0.665886 0.233755 0.708488
vn -0.613564 -0.65742 0.437423
vn -0.747699 0.404918 0.526296
vn -0.77387 0.409152 0.483446
vn -0.690297 0.403633 0.600475
vn -0.759804 0.432462 0.485463
vn -0.686943 -0.645009 0.334772
vn -0.985241 -0.161005 0.0581154
vn -0.608381 -0.744291 0.275507
vn -0.766303 -0.152228 0.624185
vn -0.735958 0.439808 0.514718
vn -0.733585 0.420424 0.533944
vn -0.689998 0.468628 0.551626
vn -0.789933 0.179512 0.586328
vn -0.630162 0.372255 0.681411
vn -0.618914 0.458358 0.63785
vn -0.879162 0.124068 0.460089
vn -0.776069 0.449373 0.442472
vn -0.889288 -0.238668 0.390134
vn -0.789729 -0.432078 0.435473
vn -0.87783 -0.139651 0.458162
vn -0.688664 -0.615364 0.383495
vn -0.788775 -0.531899 0.308087
vn -0.781109 -0.253643 0.570557
vn -0.651024 -0.364348 0.665897
vn -0.828431 -0.500729 0.250945
vn -0.695171 -0.626574 0.352338
vn -0.840573 0.106122 0.531202
vn -0.777861 -0.438906 0.44977
vn -0.771558 -0.512359 0.377076
vn -0.665194 -0.662348 0.344691
vn -0.717819 -0.384699 0.580295
vn -0.879976 -0.0972311 0.46496
vn -0.939725 0.220699 0.261169
vn -0.852202 0.194702 0.485636
vn -0.867109 -0.35133 0.353115
vn -0.716385 -0.50303 0.483481
vn -0.77524 -0.563927 0.284586
vn -0.808596 0.101383 0.579564
vn -0.620335 0.312337 0.719465
vn -0.0682766 0.624325 0.778175
vn -0.188564 0.632792 0.751011
vn -0.142637 0.583297 0.799637
vn -0.248645 0.597029 0.762714
vn -0.308501 0.564459 0.765646
vn -0.2524 0.602224 0.757377
vn -0.31379 0.555928 0.769727
vn -0.0021173 0.562839 0.826564
vn -0.269115 0.536958 0.799533
vn -0.305301 0.553161 0.775116
vn -0.154839 0.514717 0.843262
vn -0.335234 0.557442 0.759524
vn -0.294705 0.582065 0.757859
vn -0.0741507 0.48982 0.868665
vn 0.0139989 0.488614 0.872388
vn -0.242865 0.528846 0.813227
vn -0.259837 0.570043 0.779446
vn -0.373014 0.547516 0.749057
vn -0.43088 0.539108 0.723674
vn -0.398345 0.504471 0.766049
vn -0.440328 0.473953 0.762548
vn -0.474614 0.528271 0.70404
vn -0.551756 0.451269 0.701371
vn -0.526794 0.0195832 0.849767
vn -0.559087 0.053643 0.827372
vn -0.504757 -0.0565593 0.861407
vn -0.529808 0.241151 0.813111
vn -0.599178 0.0205569 0.800352
vn -0.524375 0.0874938 0.846981
vn -0.371956 0.1971 0.907084
vn -0.460971 0.152696 0.874179
vn -0.405221 0.341458 0.848058
vn -0.309135 0.179943 0.933839
vn -0.0922498 0.360554 0.928165
vn -0.3522 0.35651 0.865364
vn -0.132961 0.507531 0.851313
vn -0.0496497 0.464319 0.884275
vn -0.264202 0.546115 0.794957
vn -0.176937 0.61257 0.770358
vn -0.15281 0.58262 0.79825
vn -0.195801 0.591106 0.782468
vn -0.143422 0.496362 0.856187
vn -0.113471 0.46055 0.880351
vn -0.200203 0.644347 0.738062
vn -0.198817 0.633786 0.747521
vn -0.168645 0.628215 0.759542
vn -0.151451 0.618296 0.771215
vn -0.144546 0.641322 0.753534
vn -0.0956084 0.606689 0.789169
vn -0.0137103 0.455504 0.890128
vn -0.0249264 0.517307 0.855437
vn 0.0374672 0.521566 0.852388
vn -0.313823 0.268577 0.910704
vn -0.225875 0.329538 0.916725
vn -0.297723 0.237823 0.924555
vn -0.10425 0.425419 0.898972
vn -0.0709499 0.369862 0.926374
vn -0.0905085 0.310911 0.94612
vn -0.10123 0.481192 0.870751
vn -0.157902 0.448543 0.879703
vn -0.241447 0.364416 0.899391
vn -0.123486 0.447667 0.885633
vn -0.336841 0.295907 0.893855
vn -0.265672 0.315972 0.910813
vn -0.13393 0.582816 0.801491
vn -0.332669 0.227307 0.915239
vn -0.220748 0.17897 0.95877
vn -0.271888 0.107326 0.956325
vn 0.0691028 0.519274 0.851809
vn 0.0328412 0.371501 0.927851
vn 0.0519406 0.543499 0.837801
vn 0.0608975 0.55357 0.830573
vn 0.0581591 0.551202 0.832342
vn -0.181301 0.517342 0.836354
vn -0.0696141 0.540525 0.838443
vn 0.0439719 0.51272 0.857429
vn 0.00397455 0.575372 0.817882
vn -0.00508963 0.299927 0.953948
vn -0.0255825 0.520204 0.853659
vn -0.274761 0.401773 0.873547
vn 0.109034 0.531564 0.839971
vn 0.054327 0.521557 0.851485
vn 0.0813619 0.49943 0.862526
vn 0.113113 0.460699 0.880319
vn 0.142107 0.505596 0.850987
vn -0.16949 0.137194 0.975936
vn -0.108214 0.251906 0.961682
vn 0.00944036 0.419915 0.907514
vn -0.0142995 0.304706 0.952339
vn -0.307692 0.100656 0.946147
vn -0.314621 0.186888 0.930638
vn -0.280712 0.10914 0.953567
vn -0.273089 0.111979 0.955449
vn -0.289713 0.162848 0.943158
vn -0.412558 -0.0269462 0.910533
vn -0.386048 0.0430674 0.921473
vn -0.38092 0.0109184 0.924543
vn -0.0158183 0.01618 0.999744
vn -0.0360271 -0.0335983 0.998786
vn -0.0194737 -0.0214251 0.999581
vn 0.116302 -0.294958 0.948406
vn 0.183765 -0.319985 0.92943
vn 0.051703 -0.471014 0.880609
vn 0.237326 -0.479017 0.845115
vn 0.28893 -0.458023 0.840675
vn 0.306444 -0.543288 0.78162
vn 0.431608 -0.525986 0.732839
vn 0.494996 -0.430635 0.754674
vn 0.407324 -0.301834 0.861965
vn 0.180048 -0.403104 0.897268
vn 0.382572 -0.107536 0.917647
vn 0.43214 -0.331281 0.838754
vn -0.0711326 -0.301191 0.950907
vn 0.0652465 -0.392166 0.917578
vn 0.102282 -0.429423 0.897293
vn -0.206447 -0.092197 0.974104
vn -0.152 -0.11481 0.98169
vn -0.104092 -0.0891941 0.99056
vn -0.148327 -0.0405291 0.988108
vn 0.00645748 -0.570894 0.820999
vn 0.42417 -0.598111 0.679958
vn -0.0560844 -0.446525 0.893012
vn 0.441974 -0.478181 0.758948
vn 0.12214 -0.597358 0.792619
vn -0.138742 -0.069871 0.987861
vn 0.0373355 -0.172382 0.984322
vn -0.709588 -0.695256 0.114472
vn -0.76777 -0.629301 0.120454
vn -0.691329 -0.704794 0.159153
vn 0.41024 -0.626846 0.662395
vn 0.222322 -0.51362 0.828714
vn -0.563795 -0.825677 0.019821
vn -0.435291 -0.896643 0.0809482
vn 0.214404 -0.488693 0.845701
vn -0.165344 0.137896 0.976548
vn -0.154557 -0.0610595 0.986095
vn 0.0164777 -0.339334 0.940522
vn -0.0458058 -0.480169 0.875979
vn 0.342973 -0.66135 0.667073
vn 0.154068 -0.445802 0.881773
vn 0.101763 -0.572031 0.813895
vn 0.0124239 -0.337761 0.94115
vn -0.0602605 -0.392945 0.917585
vn 0.296342 -0.345586 0.890366
vn -0.118652 -0.360718 0.925097
vn 0.37284 -0.586059 0.719392
vn 0.293568 -0.650766 0.70023
vn 0.122072 -0.404972 0.906144
vn 0.289216 -0.697271 0.655871
vn 0.257662 -0.636814 0.72669
vn 0.283438 -0.54119 0.791692
vn 0.404311 -0.510755 0.758724
vn 0.258306 -0.431389 0.864397
vn 0.294234 -0.499061 0.815086
vn 0.0820976 -0.498744 0.862853
vn 0.274932 -0.704813 0.653951
vn 0.299487 -0.668734 0.680516
vn -0.400887 -0.459225 0.792718
vn -0.110482 -0.461748 0.880104
vn -0.212044 -0.366516 0.905927
vn 0.250193 -0.410918 0.87667
vn 0.234879 -0.765816 0.59863
vn 0.117528 -0.855624 0.504079
vn 0.218187 -0.617065 0.756059
vn 0.161479 -0.300855 0.9399
vn -0.481933 -0.408629 0.775089
vn -0.267765 -0.556163 0.786756
vn 0.157603 -0.366896 0.916814
vn 0.143176 -0.859334 0.490965
vn 0.117104 -0.896707 0.426852
vn 0.184032 -0.809859 0.55701
vn 0.128028 -0.370671 0.919897
vn -0.577727 -0.521742 0.627707
vn -0.566145 -0.483071 0.667924
vn -0.0295571 -0.713289 0.700246
vn 0.141569 -0.614557 0.776065
vn -0.420983 -0.805483 0.417098
vn -0.715968 -0.65446 0.243045
vn 0.166032 -0.826948 0.537206
vn -0.713644 -0.554769 0.427719
vn -0.148839 -0.947563 0.282792
vn 0.06813 -0.928428 0.365211
vn -0.774406 -0.456052 0.438534
vn 0.466936 -0.108033 0.877667
vn 0.48861 -0.352522 0.798115
vn -0.348032 0.0545986 0.935891
vn -0.426406 0.27268 0.862452
vn -0.67071 -0.0782273 0.737583
vn -0.847077 -0.458415 0.268919
vn -0.807136 -0.549735 0.215228
vn -0.0464347 0.00911554 0.99888
vn -0.158696 0.0520437 0.985955
vn -0.356524 -0.930526 0.0837336
vn -0.553015 -0.830501 -0.0666524
vn -0.51372 -0.851808 0.10254
vn -0.801395 -0.58055 0.143972
vn -0.708332 -0.685289 0.16925
vn -0.301769 -0.935237 0.185114
vn -0.371103 -0.921676 0.113119
vn -0.335644 -0.936953 0.0972764
vn 0.329645 -0.299756 0.895254
vn 0.440624 -0.157819 0.88371
vn 0.352189 -0.1422 0.925063
vn -0.74715 -0.651817 -0.130002
vn -0.703272 -0.693551 -0.156192
vn -0.038642 0.128454 0.990962
vn -0.227502 0.00905414 0.973736
vn -0.229007 0.12955 0.964766
vn -0.770999 -0.472993 0.426425
vn -0.805905 -0.485264 0.339169
vn -0.839953 -0.429122 0.332164
vn -0.461789 -0.868989 0.177791
vn -0.87619 -0.427992 0.221616
vn -0.885215 -0.428346 0.181425
vn 0.199306 -0.458886 0.865853
vn -0.726269 -0.276962 0.629146
vn -0.813208 -0.186566 0.551258
vn -0.695773 -0.252244 0.672513
vn -0.743514 -0.22065 0.631268
vn -0.685877 -0.713081 -0.145214
vn -0.608828 -0.787782 0.0934237
vn -0.643825 -0.765064 -0.012906
vn -0.667254 -0.743991 0.0353488
vn -0.711813 -0.700845 -0.0462475
vn -0.571558 -0.805681 0.155563
vn -0.457352 0.147356 0.876992
vn -0.536651 0.362689 0.76188
vn -0.355687 0.296314 0.886389
vn -0.115156 0.373742 0.920357
vn -0.199762 0.56795 0.798454
vn -0.445883 0.394385 0.803523
vn -0.723444 -0.688593 0.0496759
vn -0.668967 -0.73498 0.110846
vn -0.607065 -0.794458 0.0175745
vn 0.390095 -0.0952363 0.915836
vn 0.406887 -0.28871 0.866654
vn -0.792173 -0.061107 0.60723
vn -0.525883 0.211644 0.823804
vn -0.684694 -0.0433365 0.727542
vn -0.471781 -0.879131 0.0674723
vn -0.596687 -0.797961 0.0849851
vn 0.0256705 0.155184 0.987552
vn -0.266851 0.275543 0.923508
vn -0.309187 0.506222 0.805073
vn -0.7859 -0.571824 0.235326
vn 0.403286 -0.492898 0.770981
vn 0.387515 -0.550461 0.739476
vn -0.70892 -0.70316 0.0547549
vn -0.781949 -0.526302 0.33401
vn -0.0797938 0.317211 0.944992
vn -0.738097 -0.327877 0.589669
vn -0.673607 -0.166373 0.720121
vn -0.393692 0.223048 0.891771
vn -0.135752 0.23674 0.962042
vn -0.157367 0.316545 0.935433
vn -0.808995 -0.268524 0.522897
vn 0.00620151 -0.933226 0.359237
vn -0.547137 0.0781486 0.833387
vn 0.384818 -0.644538 0.660671
vn -0.574954 -0.218782 0.788392
vn -0.525287 -0.0257047 0.850537
vn -0.707174 -0.164193 0.687711
vn -0.893964 -0.247106 0.373854
vn -0.9216 -0.201619 0.331666
vn -0.274399 -0.0489759 0.960368
vn -0.187567 0.0871028 0.978382
vn -0.144705 -0.171058 0.974577
vn -0.630059 -0.431472 0.645644
vn -0.820276 -0.504847 0.268844
vn -0.83187 -0.192015 0.520695
vn -0.825483 -0.203444 0.526488
vn -0.103058 0.33891 0.935157
vn -0.187153 0.251856 0.949496
vn -0.84993 -0.286754 0.442031
vn -0.911794 -0.380893 0.153469
vn -0.0578015 -0.260061 0.963861
vn 0.237906 -0.446635 0.862507
vn -0.0814901 -0.966375 0.243882
vn -0.138736 -0.961575 0.236909
vn -0.358493 0.174255 0.917125
vn -0.820662 -0.426163 0.380655
vn -0.208926 -0.21459 0.954097
vn -0.471067 0.13764 0.871293
vn -0.283496 0.521273 0.804925
vn -0.264391 -0.0136814 0.964318
vn -0.194899 -0.0592661 0.979031
vn -0.217065 -0.0839879 0.972537
vn -0.124467 -0.124264 0.984412
vn -0.730701 0.206546 0.650703
vn 0.361305 -0.518134 0.775239
vn 0.317713 -0.59075 0.741669
vn 0.426043 -0.597129 0.67965
vn -0.379734 -0.0579122 0.923281
vn 0.0257321 -0.916049 0.400239
vn 0.430284 -0.139645 0.891827
vn 0.271347 -0.309692 0.911296
vn -0.573751 0.281782 0.769031
vn 0.306567 -0.770794 0.558474
vn 0.221283 -0.369319 0.902573
vn 0.214228 -0.337151 0.916753
vn -0.235155 -0.0253888 0.971626
vn -0.604894 0.284549 0.743731
vn 0.12867 -0.441261 0.888106
vn -0.535446 -0.00836085 0.844528
vn -0.0868368 0.387258 0.917873
vn 0.317066 -0.221441 0.922189
vn 0.489319 -0.219774 0.843959
vn -0.287138 0.0828648 0.954298
vn -0.242262 0.156574 0.957493
vn -0.429211 -0.0771311 0.899905
vn -0.454632 -0.443503 0.772409
vn -0.448126 -0.301337 0.841652
vn -0.32992 -0.28323 0.900519
vn -0.482019 -0.574158 0.661816
vn -0.637271 -0.509387 0.578283
vn -0.605092 -0.552812 0.572942
vn -0.573107 0.334377 0.748158
vn -0.424111 0.31608 0.84866
vn -0.425313 0.31236 0.849435
vn -0.532474 0.535199 0.655769
vn -0.700527 0.097397 0.706949
vn -0.745047 0.118191 0.656457
vn -0.71459 -0.0758361 0.695421
vn -0.612812 0.430581 0.662617
vn -0.633169 -0.361037 0.684652
vn -0.686394 -0.505799 0.522524
vn -0.755163 -0.269085 0.597764
vn -0.673561 -0.232045 0.701762
vn -0.806812 0.0131761 0.590662
vn -0.819457 0.102596 0.563883
vn -0.674483 -0.52218 0.52192
vn -0.58926 -0.498496 0.635826
vn -0.546442 -0.598746 0.58558
vn -0.69219 0.311427 0.651065
vn -0.525671 0.527827 0.667135
vn -0.644073 0.391286 0.657317
vn -0.646579 0.370429 0.666872
vn -0.749219 0.20094 0.631105
vn -0.575567 0.257424 0.77618
vn -0.510722 -0.587033 0.628136
vn -0.577259 -0.507507 0.639695
vn -0.823835 -0.16954 0.540881
vn -0.730676 -0.327103 0.599263
vn -0.657606 -0.499991 0.563528
vn -0.525044 -0.604789 0.598797
vn -0.555714 -0.665434 0.498377
vn -0.359649 -0.325253 0.874565
vn -0.325868 -0.0206904 0.945189
vn -0.460591 -0.255485 0.850049
vn -0.63863 -0.373277 0.672916
vn -0.71728 -0.334124 0.61145
vn -0.761332 -0.184453 0.621571
vn -0.43643 0.272367 0.857523
vn -0.533031 0.408099 0.74117
vn -0.554148 0.338418 0.760521
vn -0.517812 -0.42098 0.744746
vn -0.606579 -0.533787 0.58918
vn -0.666015 0.282769 0.690265
vn -0.493704 -0.146052 0.857278
vn -0.81402 0.10947 0.570427
vn -0.646896 -0.0754354 0.758838
vn -0.74102 0.223091 0.63334
vn -0.783349 -0.0903664 0.614978
vn -0.239287 -0.740679 0.627803
vn -0.390554 -0.756361 0.524772
vn -0.466612 -0.664634 0.583554
vn -0.658979 0.286402 0.6955
vn -0.701699 0.31177 0.640638
vn -0.726262 0.225513 0.649375
vn -0.436449 -0.700146 0.565073
vn -0.460789 -0.673264 0.578264
vn -0.632231 0.346283 0.693089
vn -0.641715 -0.330301 0.692173
vn -0.638622 -0.57998 0.505752
vn -0.282112 -0.440981 0.852026
vn -0.250285 -0.526787 0.812313
vn -0.225138 -0.612744 0.757534
vn -0.676452 -0.0315584 0.73581
vn -0.505739 -0.142527 0.850832
vn -0.766839 -0.0351286 0.640877
vn -0.40573 -0.52229 0.750064
vn -0.494598 -0.545624 0.676511
vn -0.511113 -0.422452 0.74853
vn -0.569135 0.392715 0.722399
vn -0.787901 0.0353366 0.614788
vn -0.283837 -0.561576 0.777219
vn -0.363356 -0.722312 0.58842
vn -0.466963 -0.525754 0.711005
vn -0.517101 0.124762 0.846783
vn -0.0613341 0.427335 0.902011
vn -0.0931461 0.299416 0.949565
vn -0.412531 0.677229 0.609245
vn -0.596168 0.706627 0.381131
vn -0.341844 0.760556 0.551994
vn -0.345136 0.0972816 0.933497
vn -0.322078 0.155002 0.933938
vn -0.491064 0.054837 0.869396
vn -0.784519 0.0728726 0.615809
vn -0.264063 -0.458029 0.848811
vn -0.341678 -0.626502 0.700537
vn -0.802688 0.540347 0.252422
vn -0.479426 -0.703308 0.52489
vn 0.142583 0.353033 0.924683
vn 0.0143923 0.391514 0.92006
vn 0.0496954 0.252769 0.966249
vn -0.692713 0.237019 0.681154
vn -0.404201 0.296985 0.865113
vn -0.361077 0.254558 0.89712
vn -0.420736 0.287941 0.860274
vn -0.603899 0.374952 0.703362
vn -0.312219 -0.0955079 0.945197
vn -0.681083 0.372585 0.630322
vn -0.285621 -0.763792 0.578829
vn -0.266668 -0.649612 0.711963
vn -0.433974 0.408157 0.803165
vn -0.243277 -0.789787 0.563074
vn -0.776306 -0.14933 0.612413
vn -0.117127 -0.239487 0.963809
vn 0.203151 0.194858 0.959562
vn 0.220251 0.252454 0.942208
vn 0.306527 0.17622 0.935408
vn 0.294372 0.385386 0.874541
vn -0.793937 0.0791643 0.602825
vn -0.255751 0.712561 0.653336
vn -0.094858 0.0161497 0.99536
vn 0.284204 0.274434 0.918648
vn 0.307559 0.279511 0.90955
vn 0.233005 0.270718 0.934035
vn -0.318174 -0.50788 0.800514
vn -0.270317 -0.741874 0.613639
vn -0.216113 -0.792114 0.570833
vn -0.177085 -0.721906 0.668948
vn -0.62334 0.433968 0.650477
vn 0.103756 0.384082 0.917451
vn 0.231028 0.448668 0.863321
vn 0.242632 0.325448 0.9139
vn 0.404948 0.452718 0.794395
vn 0.205358 0.306786 0.92936
vn 0.113771 0.378654 0.918519
vn 0.0837859 0.366942 0.926463
vn 0.0527856 0.417857 0.906978
vn 0.130859 0.271658 0.953456
vn 0.172252 0.368213 0.913646
vn 0.167132 0.495082 0.85262
vn 0.457346 0.476725 0.750712
vn 0.455256 0.418106 0.786085
vn 0.109117 0.425479 0.898366
vn 0.416049 0.433684 0.799263
vn 0.364258 0.525669 0.768758
vn 0.323261 0.317079 0.891607
vn 0.111389 0.215635 0.9701
vn 0.383088 0.321117 0.866099
vn 0.394933 0.336379 0.854913
vn 0.316382 0.444603 0.837992
vn 0.443618 0.421013 0.791171
vn 0.0123267 0.276717 0.960872
vn 0.0677525 0.190877 0.979273
vn -0.121387 0.292676 0.948476
vn 0.327054 0.305246 0.894349
vn 0.385869 0.357734 0.850372
vn -0.140742 0.335468 0.931479
vn 0.0746237 0.335378 0.939124
vn 0.0959187 0.466376 0.879371
vn 0.0637624 0.440534 0.895469
vn -0.00790285 0.263467 0.964636
vn 0.0812148 0.16446 0.983035
vn 0.458757 0.459743 0.760381
vn -0.403368 0.46737 0.786676
vn -0.475946 0.204864 0.855281
vn -0.667215 -0.660976 0.343417
vn -0.559132 -0.670326 0.487888
vn -0.263136 0.619684 0.739426
vn -0.267345 0.373054 0.888458
vn -0.575657 0.0455892 0.81642
vn -0.210539 0.217337 0.95312
vn -0.327731 0.401433 0.855245
vn -0.341009 -0.61796 0.708405
vn -0.662305 0.591015 0.460493
vn -0.759397 0.472709 0.44706
vn -0.546806 -0.505399 0.667514
vn -0.558132 -0.519825 0.646739
vn -0.35953 -0.564332 0.743147
vn -0.34737 0.271156 0.897668
vn -0.420038 0.374032 0.826843
vn -0.412232 0.433605 0.801281
vn -0.693884 0.106676 0.712141
vn -0.539801 -0.163324 0.825797
vn 0.174884 0.206547 0.962681
vn -0.00983553 0.056856 0.998334
vn 0.0174088 -0.0091434 0.999807
vn -0.463744 -0.0548324 0.884271
vn -0.376764 0.0411329 0.925396
vn -0.353858 0.328075 0.875872
vn -0.452594 0.24914 0.856206
vn -0.315913 0.312018 0.896015
vn -0.129299 -0.0914561 0.987379
vn -0.336086 0.103677 0.936107
vn -0.340537 0.236142 0.910094
vn -0.308549 0.295849 0.90403
vn -0.756454 -0.509758 0.409786
vn -0.570675 -0.534513 0.623399
vn -0.707821 0.676272 0.204072
vn -0.687072 0.704584 0.177464
vn -0.552014 0.760471 0.342
vn -0.375799 0.276251 0.884568
vn -0.218353 -0.290998 0.931473
vn -0.839575 -0.211067 0.500565
vn -0.528176 -0.469621 0.707451
vn -0.317235 0.758228 0.569607
vn -0.121662 0.713755 0.689748
vn -0.31568 0.309363 0.897018
vn -0.40891 0.331802 0.850118
vn -0.351951 0.336037 0.873619
vn 0.127435 0.565094 0.815125
vn 0.0234009 0.646558 0.762506
vn -0.350819 -0.410593 0.841629
vn -0.360798 -0.332025 0.871541
vn -0.647694 -0.0238529 0.761527
vn -0.37329 0.275274 0.885934
vn -0.482148 -0.584019 0.653036
vn -0.878814 -0.438928 0.187159
vn -0.729083 -0.588393 0.349618
vn -0.332644 0.0985839 0.937886
vn -0.393803 -0.38131 0.836375
vn -0.341483 -0.475627 0.810659
vn -0.391412 0.290162 0.873271
vn -0.416405 -0.246421 0.875148
vn -0.00502548 0.633633 0.773617
vn -0.883331 -0.233888 0.40623
vn -0.710186 -0.541888 0.449437
vn -0.859184 -0.200738 0.470645
vn -0.288829 -0.421079 0.859808
vn 0.146623 0.388584 0.909673
vn 0.163994 0.221194 0.961342
vn -0.0529986 0.32994 0.942513
vn -0.703136 0.0325701 0.710309
vn -0.113674 0.671819 0.731941
vn 0.0137846 0.590532 0.806897
vn 0.168284 0.475136 0.86367
vn 0.194942 0.430037 0.881514
vn -0.172412 0.716556 0.675886
vn -0.0669517 0.56159 0.824703
vn -0.663411 -0.510159 0.547379
vn -0.467958 -0.639369 0.6101
vn -0.453163 0.227231 0.86198
vn -0.500331 -0.684191 0.530615
vn -0.229524 -0.199622 0.952612
vn -0.396135 -0.340573 0.852694
vn -0.757931 -0.0136307 0.652193
vn -0.0959417 -0.0727077 0.992728
vn -0.319525 -0.365232 0.874362
vn -0.346216 -0.37796 0.858651
vn -0.174587 -0.00554326 0.984626
vn -0.313782 -0.223451 0.922827
vn -0.357874 -0.270658 0.893684
vn -0.309725 -0.332458 0.89081
vn -0.319056 -0.38747 0.86491
vn -0.882107 -0.154546 0.444976
vn -0.677643 -0.674271 0.293527
vn -0.802714 0.11275 0.58561
vn 0.547034 -0.258678 0.79614
vn 0.464627 -0.352434 0.81235
vn 0.482281 -0.245398 0.840943
vn 0.334266 -0.131379 0.933277
vn 0.41126 -0.00208673 0.911516
vn 0.484789 -0.107851 0.867956
vn 0.585746 -0.344606 0.733586
vn 0.591668 -0.289418 0.75244
vn 0.608722 -0.370987 0.701303
vn 0.276277 -0.148521 0.949533
vn 0.298843 -0.261125 0.917882
vn 0.491974 -0.170071 0.853837
vn 0.400001 -0.2303 0.887108
vn 0.44868 -0.178969 0.875589
vn 0.366897 -0.327626 0.870659
vn 0.54569 -0.179383 0.818562
vn 0.574563 -0.211422 0.790682
vn 0.275349 0.0271361 0.960961
vn 0.292891 -0.291893 0.910501
vn 0.301728 -0.306974 0.902622
vn 0.356647 -0.372997 0.856549
vn 0.629548 -0.288192 0.721537
vn -0.725952 -0.631407 0.272615
vn -0.59127 -0.699791 0.400864
vn -0.688564 -0.588221 0.424119
vn -0.872243 -0.300046 0.386218
vn -0.683001 -0.267986 0.67948
vn -0.884225 -0.177254 0.432119
vn -0.848577 -0.128279 0.513286
vn -0.765173 -0.156147 0.624603
vn -0.805762 -0.23255 0.544672
vn -0.874633 -0.295535 0.384287
vn -0.972851 -0.215854 0.0834761
vn -0.918134 -0.0412393 0.394118
vn -0.817295 -0.219999 0.53257
vn 0.157685 0.144668 0.976835
vn -0.597912 -0.25318 0.760527
vn -0.724338 -0.689244 -0.0166373
vn -0.724586 -0.68693 -0.0556939
vn -0.843692 -0.470144 0.259129
vn -0.690725 -0.520917 0.501542
vn -0.734886 -0.411064 0.539416
vn -0.625241 -0.35985 0.692519
vn -0.675003 -0.234765 0.699468
vn -0.72569 -0.201564 0.657834
vn -0.631004 -0.174381 0.755926
vn -0.812211 -0.106224 0.573611
vn -0.960813 -0.00616956 -0.277128
vn -0.916197 -0.395159 -0.0665834
vn -0.988444 -0.147833 0.0335173
vn -0.794781 -0.449037 0.408276
vn -0.572496 -0.214169 0.791442
vn -0.623542 -0.25525 0.738948
vn -0.971542 -0.235356 -0.0267302
vn -0.949881 -0.268153 0.160688
vn -0.840124 -0.50678 0.193303
vn -0.448504 -0.328593 0.831187
vn -0.428184 -0.211458 0.878603
vn -0.465026 -0.478293 0.744974
vn -0.669528 -0.293023 0.682546
vn -0.752798 -0.390282 0.53007
vn -0.625392 -0.262364 0.734881
vn -0.0932151 0.294914 0.950966
vn -0.468311 -0.307813 0.828213
vn 0.167326 -0.433226 0.885617
vn -0.711304 -0.701843 -0.0382535
vn 0.0453696 -0.0446456 0.997972
vn -0.165838 0.142083 0.975864
vn -0.132732 -0.0112232 0.991089
vn -0.934055 -0.290909 0.207154
vn -0.823565 -0.477234 0.306576
vn -0.887687 -0.289845 -0.357774
vn -0.883151 -0.439352 -0.164363
vn -0.943162 -0.293184 -0.156489
vn -0.826801 -0.430532 -0.361999
vn -0.79299 -0.604443 -0.0762538
vn -0.854136 -0.484627 -0.18865
vn -0.858537 -0.435264 0.271033
vn -0.855862 -0.404878 0.321829
vn -0.98434 -0.0895599 0.151833
vn -0.322546 -0.852594 0.411153
vn -0.353342 -0.847451 0.396202
vn -0.364538 -0.804998 0.46807
vn -0.871438 -0.279128 -0.403341
vn -0.798643 -0.562865 -0.212961
vn -0.843325 -0.366946 -0.392625
vn -0.968453 -0.239452 -0.0690101
vn -0.871692 -0.469135 0.141652
vn -0.85745 -0.258175 0.445112
vn -0.925547 -0.371125 0.075028
vn -0.892977 -0.423428 0.152646
vn -0.876239 0.01582 0.481617
vn -0.854706 -0.344835 0.38803
vn -0.883146 -0.228747 0.409546
vn -0.777105 -0.622063 0.0956305
vn -0.965428 -0.172131 0.195753
vn -0.981284 -0.18581 0.0505489
vn -0.966745 -0.123818 0.223771
vn -0.27701 0.377169 0.883747
vn -0.286834 0.27728 0.916974
vn -0.363038 0.256948 0.895645
vn -0.927386 -0.374041 -0.00700516
vn -0.920082 -0.380703 0.0922779
vn -0.891988 -0.450182 -0.0411597
vn -0.906573 -0.330315 -0.262713
vn -0.637337 -0.116686 0.7617
vn -0.7109 -0.141567 0.688897
vn -0.768982 -0.0590455 0.636538
vn -0.944116 -0.304605 0.125936
vn -0.907985 -0.41036 0.0846674
vn -0.949048 -0.314979 0.00982573
vn -0.856093 -0.303401 0.418392
vn -0.873265 -0.230961 0.429028
vn -0.836531 -0.35678 0.41584
vn -0.813463 -0.358357 0.458102
vn -0.73492 -0.448569 0.508604
vn -0.736014 -0.576053 0.355593
vn -0.749926 -0.488807 0.445734
vn -0.776518 -0.619116 0.117117
vn -0.793619 -0.574588 0.200042
vn -0.901913 -0.333854 0.274034
vn -0.926505 -0.325338 0.18906
vn -0.939144 -0.306557 0.155017
vn -0.0975223 0.438129 0.893606
vn -0.248631 0.283146 0.926289
vn -0.208262 0.504514 0.83791
vn -0.709428 -0.299455 0.637995
vn -0.740387 -0.237632 0.628776
vn -0.901145 -0.159653 0.40305
vn -0.746059 -0.580465 -0.326277
vn -0.731303 -0.59068 -0.341017
vn -0.726231 -0.607243 -0.322249
vn -0.629995 -0.749365 0.203857
vn -0.810637 -0.583321 0.0510272
vn -0.828272 -0.541646 0.143476
vn -0.965972 -0.220447 0.135281
vn -0.90416 -0.136475 0.404808
vn 0.156981 0.50251 0.850201
vn 0.182771 0.438763 0.879819
vn 0.130663 0.458626 0.87897
vn -0.260142 0.192485 0.94619
vn -0.407332 0.298332 0.863179
vn -0.413881 0.151577 0.897623
vn -0.936837 -0.332951 0.107146
vn -0.926712 -0.370622 0.0620047
vn -0.827832 -0.559837 0.0357446
vn -0.877061 -0.24694 -0.412049
vn -0.916997 -0.245894 0.314091
vn -0.800146 -0.462734 0.381632
vn -0.757749 -0.564874 -0.326702
vn -0.86669 -0.475685 -0.15024
vn -0.829633 -0.521035 -0.20058
vn -0.658623 -0.0555225 0.750422
vn -0.595352 -0.0886649 0.798558
vn -0.801986 -0.486971 -0.345945
vn -0.900877 -0.383083 -0.204127
vn -0.809321 -0.289048 0.511322
vn -0.310652 0.0458962 0.949415
vn -0.70547 0.0336286 0.707942
vn -0.851588 -0.326615 0.410025
vn -0.792138 -0.572906 -0.210466
vn -0.779113 -0.49955 -0.378725
vn -0.923488 -0.114114 -0.366261
vn -0.970716 -0.0882192 -0.223445
vn -0.936755 -0.193262 -0.291787
vn -0.839885 -0.431009 0.329887
vn -0.848604 -0.38352 0.364395
vn -0.554805 -0.0847546 0.827652
vn -0.540158 -0.210952 0.814696
vn -0.398433 -0.110655 0.910498
vn -0.677221 -0.47595 0.561108
vn -0.818197 -0.286115 0.49869
vn -0.747128 -0.522226 -0.411193
vn -0.813213 -0.426688 0.395754
vn -0.778585 -0.48492 0.39832
vn -0.13208 0.169155 0.976699
vn -0.0136199 0.470543 0.882272
vn -0.776928 -0.628678 -0.0338584
vn -0.729971 -0.664948 -0.15807
vn 0.00354135 0.474841 0.880065
vn -0.116532 0.487077 0.86555
vn -0.304506 0.300338 0.903921
vn -0.381358 0.309444 0.871097
vn 0.238343 0.352989 0.90476
vn 0.0102378 0.269215 0.963026
vn -0.697937 0.30816 0.646468
vn -0.466041 -0.74392 0.478947
vn -0.433106 -0.744387 0.508239
vn -0.465373 -0.777404 0.423168
vn -0.732091 -0.569362 -0.373991
vn -0.767556 -0.633208 -0.0995255
vn -0.904731 -0.422685 -0.0529041
vn -0.787323 -0.571532 -0.231243
vn -0.757481 -0.265732 0.59633
vn -0.458588 0.306491 0.834123
vn -0.604867 0.406399 0.684818
vn -0.318214 0.583756 0.746973
vn -0.78609 -0.347723 0.51103
vn -0.426546 -0.596352 0.680017
vn 0.653402 -0.0602584 0.754609
vn 0.37157 -0.020141 0.928186
vn 0.263798 0.499198 0.825356
vn -0.11626 0.0617599 0.991297
vn -0.78514 -0.524612 -0.329147
vn -0.672842 -0.737263 -0.0610534
vn -0.771197 -0.603475 0.202666
vn -0.846691 -0.155659 0.508807
vn -0.860388 -0.274601 0.429334
vn -0.91909 -0.170339 0.355329
vn -0.625231 0.25601 0.737255
vn -0.840946 -0.355036 0.408362
vn -0.758893 -0.34804 0.550408
vn -0.545467 -0.176094 0.819424
vn -0.680545 -0.313481 0.66226
vn -0.586163 -0.0432388 0.809039
vn -0.699975 -0.186247 0.689454
vn -0.467666 -0.62976 0.620234
vn -0.51915 -0.664052 0.538069
vn 0.549709 -0.484993 0.680148
vn 0.326711 -0.246121 0.912516
vn -0.41071 -0.07078 0.909015
vn -0.516739 -0.432928 0.738617
vn -0.514589 -0.416701 0.749372
vn -0.722486 0.28725 0.62889
vn -0.802805 0.229547 0.550283
vn -0.811816 0.0125703 0.583779
vn -0.541408 -0.0777252 0.837159
vn -0.897537 -0.408284 0.166527
vn -0.960061 -0.276334 -0.043852
vn -0.940231 -0.332701 0.0726317
vn -0.84023 -0.267741 0.471518
vn -0.822139 -0.3154 0.47393
vn -0.943114 -0.312252 -0.114174
vn -0.903049 -0.410123 -0.12768
vn -0.918629 -0.391342 -0.0545247
vn -0.626609 -0.0505394 0.777693
vn -0.326528 0.0769573 0.942049
vn -0.490323 -0.019659 0.871319
vn -0.26348 0.168214 0.949886
vn -0.698287 -0.0758226 0.71179
vn -0.647299 0.0423454 0.761059
vn -0.75716 -0.0749117 0.64892
vn -0.678106 -0.232649 0.69717
vn -0.679152 -0.199307 0.70642
vn -0.686851 -0.241615 0.685462
vn -0.71587 -0.0742197 0.694278
vn -0.694891 -0.626345 0.353297
vn -0.737257 -0.0562371 0.673268
vn -0.628141 -0.237256 0.741045
vn -0.288233 -0.2009 0.936249
vn -0.0634391 -0.106128 0.992327
vn -0.0549476 0.100838 0.993384
vn -0.889678 -0.228957 0.395035
vn -0.898773 -0.305914 0.314046
vn -0.841735 -0.266708 0.469414
vn -0.968446 -0.247772 0.0268759
vn -0.985936 -0.151988 0.0694916
vn -0.987011 -0.133058 0.0900314
vn -0.839719 -0.357149 0.409043
vn -0.961278 -0.245205 0.125772
vn -0.867839 -0.425363 0.256754
vn -0.903361 -0.259105 0.341767
vn -0.891957 -0.261304 0.368963
vn -0.80522 -0.454503 -0.380852
vn -0.461122 -0.23573 0.855452
vn -0.508819 -0.512985 0.691339
vn -0.383971 -0.651355 0.654449
vn -0.438849 -0.731972 0.52118
vn 0.0521748 0.549839 0.833639
vn -0.151092 0.401645 0.903245
vn 0.131695 0.577126 0.805967
vn -0.0380239 0.357898 0.932986
vn 0.35724 0.385105 0.850925
vn -0.692878 -0.156879 0.703782
vn -0.60881 -0.253182 0.751831
vn -0.544064 -0.047027 0.837725
vn -0.523002 -0.422476 0.740259
vn -0.984005 -0.177998 0.00717418
vn -0.753511 -0.132368 0.643972
vn -0.854549 -0.0951895 0.510573
vn -0.893361 -0.420182 -0.159229
vn -0.850255 -0.515379 -0.107008
vn -0.81089 -0.533824 -0.239771
vn -0.848163 -0.497133 -0.18297
vn -0.891156 -0.380961 0.246393
vn 0.423044 0.342768 0.838775
vn 0.303826 0.493849 0.814741
vn 0.107422 0.423879 0.899326
vn -0.807383 -0.530783 0.257685
vn -0.973909 -0.197996 0.110897
vn -0.900963 -0.43106 -0.04952
vn -0.758923 -0.591687 0.271924
vn -0.991279 0.0130795 -0.131126
vn 0.427032 0.567678 0.703836
vn 0.134182 0.662363 0.737069
vn 0.107178 0.757039 0.644519
vn -0.786424 -0.586919 0.19252
vn -0.871567 -0.467487 -0.147739
vn -0.345691 -0.749538 0.564527
vn -0.167474 0.0814416 0.982507
vn -0.653524 -0.1238 0.746713
vn -0.543311 -0.261864 0.797647
vn -0.991963 -0.0545312 -0.11417
vn -0.481149 -0.290227 0.827203
vn -0.403484 0.0100171 0.914932
vn -0.32056 0.0615355 0.945227
vn -0.143133 0.0238898 0.989415
vn -0.480366 0.169764 0.860482
vn -0.524477 0.157872 0.83666
vn -0.905971 -0.423314 -0.00468147
vn -0.174564 -0.66833 0.723092
vn -0.0839689 -0.165027 0.982708
vn -0.169912 -0.306857 0.936466
vn -0.628692 -0.214361 0.747526
vn -0.147231 0.533403 0.832949
vn -0.548569 0.551058 0.628814
vn -0.716269 0.345403 0.606347
vn -0.81545 -0.339607 -0.46873
vn -0.839901 -0.505247 -0.198219
vn -0.822322 -0.436992 0.364451
vn -0.90033 -0.4003 0.170781
vn -0.336533 -0.0185523 0.941489
vn -0.320988 -0.00429652 0.947073
vn -0.417478 0.0201365 0.908464
vn -0.707529 -0.14078 0.692519
vn -0.729541 -0.252779 0.635509
vn -0.661705 -0.309559 0.682876
vn 0.51871 0.112322 0.84754
vn -0.376401 -0.452173 0.808617
vn -0.324878 -0.719692 0.613594
vn -0.0144227 -0.172238 0.98495
vn -0.263293 -0.0550473 0.963144
vn -0.0995299 0.266188 0.958769
vn -0.269578 -0.0328594 0.962418
vn -0.263948 -0.07578 0.961555
vn -0.236682 -0.0208479 0.971363
vn 0.3287 0.292246 0.898081
vn -0.405889 -0.806509 0.42988
vn -0.470216 -0.709009 0.52555
vn -0.907526 -0.38879 -0.158871
vn -0.621091 -0.521322 0.585208
vn 0.674926 0.381604 -0.631549
vn -0.179649 0.479207 0.85912
vn 0.602393 0.797236 0.0392024
vn -0.404856 0.0642901 0.912118
vn -0.384851 -0.551269 0.740265
vn -0.306605 -0.730787 0.609872
vn -0.36632 -0.239618 0.899107
vn -0.538196 -0.240591 0.807751
vn -0.600193 0.389321 0.698711
vn -0.674109 -0.406996 0.616386
vn -0.123063 -0.374167 0.91916
vn -0.742602 -0.238465 0.625841
vn -0.244325 -0.074103 0.966858
vn -0.792439 -0.107947 0.600323
vn -0.981358 -0.15675 0.111202
vn -0.300566 -0.765247 0.56926
vn -0.406209 -0.405869 0.818697
vn -0.113384 0.32371 0.939338
vn -0.875746 -0.473931 0.0919658
vn -0.245107 0.458486 0.854233
vn 0.0973082 0.141295 0.985174
vn 0.0802286 0.318062 0.944669
vn -0.33032 -0.141864 0.933147
vn -0.291962 -0.275489 0.915895
vn 0.112518 0.390032 0.913901
vn -0.17247 0.415221 0.893222
vn -0.295516 0.152435 0.943098
vn -0.974254 -0.161201 -0.157618
vn -0.166527 0.296448 0.940419
vn -0.424424 -0.702255 0.571578
vn -0.645405 -0.0999372 0.757275
vn -0.397327 0.697141 0.596763
vn -0.537303 0.471114 0.699541
vn -0.543796 0.439093 0.715181
vn -0.270533 0.0123246 0.962632
vn -0.385807 -0.641994 0.662568
vn -0.340295 -0.167811 0.925224
vn -0.321161 0.242976 0.915324
vn 0.219209 0.66723 0.711865
vn -0.539412 0.644201 0.542255
vn -0.647037 0.480745 0.5918
vn -0.472783 0.603626 0.64196
vn -0.00756804 0.323886 0.946066
vn 0.0752353 0.299995 0.950969
vn -0.276192 -0.55089 0.787552
vn -0.281986 -0.775705 0.564593
vn -0.261294 -0.237967 0.935466
vn -0.513946 -0.0349019 0.857112
vn -0.922069 -0.340187 0.184558
vn -0.226101 -0.865643 0.4467
vn -0.482421 0.098669 0.870364
vn -0.0955208 0.306684 0.947006
vn -0.728119 0.435569 0.529265
vn -0.43595 -0.652262 0.620082
vn 0.232655 -0.570749 0.787475
vn -0.470441 -0.589439 0.656694
vn -0.680436 0.0565096 0.730625
vn -0.643944 0.173532 0.745133
vn -0.0468764 -0.0352486 0.998279
vn -0.233626 0.720366 0.653064
vn -0.761595 0.293198 0.577934
vn -0.772535 -0.0141566 0.634814
vn -0.453902 -0.181575 0.872355
vn -0.296145 0.0808722 0.951713
vn -0.00110854 0.698133 0.715968
vn -0.237849 0.694105 0.679446
vn -0.522596 0.483248 0.702399
vn -0.266985 -0.137752 0.953805
vn -0.0363662 0.550141 0.834279
vn -0.712481 0.371492 0.595284
vn -0.173899 0.111593 0.97842
vn -0.241511 0.416326 0.876553
vn -0.447478 0.568416 0.69041
vn -0.669277 0.178128 0.721345
vn -0.869523 -0.336755 0.361283
vn -0.337129 -0.580245 0.74139
vn 0.0207037 -0.0479661 0.998634
vn -0.840356 -0.466147 0.276603
vn 0.507213 -0.358519 0.783709
vn -0.727719 -0.334944 0.59853
vn -0.746872 0.370993 0.551858
vn 0.186548 -0.200397 0.961791
vn -0.741048 0.278843 0.610815
vn -0.09147 -0.179836 0.979435
vn -0.896778 -0.0469579 0.439981
vn -0.00528415 -0.0205664 0.999775
vn -0.372198 0.0810519 0.924608
vn -0.41136 0.131755 0.9019
vn -0.491507 0.0833009 0.86688
vn 0.222664 -0.328169 0.918001
vn 0.115249 -0.325158 0.938611
vn 0.275006 -0.384465 0.881225
vn 0.204234 -0.508592 0.836434
vn 0.208567 -0.333409 0.919423
vn 0.250174 -0.237172 0.938703
vn 0.274452 -0.195918 0.941431
vn 0.216986 -0.238192 0.946669
vn 0.153258 -0.524003 0.837815
vn 0.199984 -0.399956 0.894451
vn 0.346013 -0.360993 0.866002
vn 0.258001 -0.450903 0.854472
vn -0.148942 0.345733 0.926437
vn -0.0241619 0.495795 0.868104
vn 0.0736811 0.377681 0.922999
vn 0.374776 -0.382387 0.844585
vn -0.171822 0.453127 0.87473
vn -0.0144749 0.402562 0.915278
vn -0.0351105 0.419139 0.907243
vn 0.216167 -0.439782 0.871702
vn 0.319759 -0.170758 0.931985
vn 0.139966 -0.164119 0.97646
vn 0.0801413 -0.210908 0.974215
vn 0.158256 -0.0858979 0.983655
vn -0.187396 0.0114188 0.982218
vn -0.0388473 0.15209 0.987603
vn -0.204851 0.273449 0.93982
vn 0.230935 -0.162446 0.959313
vn 0.188403 -0.239137 0.952532
vn 0.18555 -0.14908 0.97126
vn 0.543885 -0.0511065 0.837602
vn 0.485245 -0.216843 0.847063
vn 0.478859 -0.0707769 0.875034
vn -0.0307101 0.00518219 0.999515
vn -0.0350098 0.026487 0.999036
vn -0.065646 0.0209326 0.997623
vn -0.172853 0.056839 0.983306
vn 0.172026 -0.264186 0.949006
vn 0.099505 -0.293943 0.950629
vn -0.0981702 -0.0375417 0.994461
vn -0.00829684 0.0246101 0.999663
vn -0.289194 0.252582 0.923347
vn -0.285766 0.187108 0.939856
vn -0.325242 0.181792 0.927992
vn -0.228731 0.0206438 0.973271
vn 0.262458 -0.294885 0.918781
vn 0.39913 -0.159199 0.902968
vn -0.0394669 0.0255054 0.998895
vn 0.178488 -0.151425 0.972221
vn 0.264403 -0.205026 0.942367
vn -0.229442 0.010387 0.973267
vn -0.0662183 0.0389953 0.997043
vn 0.0267732 0.23726 0.971077
vn 0.0607472 -0.220334 0.973531
vn 0.131858 -0.019871 0.991069
vn -0.107296 0.0635125 0.992196
vn -0.279402 0.0295661 0.959719
vn -0.273604 0.186094 0.943668
vn 0.159204 -0.24857 0.955441
vn 0.211098 -0.255873 0.94338
vn 0.264328 -0.233126 0.935833
vn -0.243723 -0.0977282 0.964908
vn -0.278421 0.0790326 0.957202
vn -0.104407 -0.0463183 0.993456
vn 0.341297 -0.196236 0.919243
vn 0.227069 -0.18727 0.955704
vn -0.197784 -0.111176 0.973921
vn -0.101899 -0.194785 0.975538
vn -0.506502 0.0942951 0.857067
vn 0.0770003 -0.0506768 0.995742
vn -0.33572 0.116999 0.934667
vn -0.281353 0.026828 0.959229
vn -0.0762597 0.0823747 0.993679
vn 0.191692 -0.327053 0.925359
vn 0.178178 -0.375391 0.909579
vn 0.369708 -0.253231 0.893974
vn 0.279497 -0.298536 0.912556
vn 0.315563 -0.346101 0.883535
vn 0.0512778 -0.146036 0.987949
vn -0.12621 -0.130727 0.983352
vn -0.135453 -0.0486531 0.989588
vn -0.435272 0.00788152 0.900265
vn -0.451051 -0.0735477 0.889462
vn -0.379867 -0.0149785 0.92492
vn 0.125392 -0.211615 0.969276
vn 0.244165 -0.164785 0.95563
vn 0.082247 -0.272531 0.958625
vn 0.0446587 -0.0929951 0.994665
vn 0.207068 -0.174891 0.962568
vn 0.155028 -0.110028 0.981764
vn -0.185022 -0.0538167 0.98126
vn -0.16018 -0.103892 0.981605
vn -0.195799 -0.0589502 0.978871
vn -0.482435 0.218857 0.84815
vn -0.39004 0.24277 0.888218
vn -0.465517 0.0425998 0.884013
vn 0.12515 -0.250259 0.960056
vn 0.0624972 -0.234237 0.970169
vn 0.0802621 -0.206801 0.975085
vn 0.0235379 -0.07275 0.997072
vn 0.520578 0.0692892 0.850998
vn 0.342061 0.196797 0.918839
vn 0.332263 0.0449298 0.942116
vn -0.387055 -0.206144 0.898718
vn -0.463105 -0.185014 0.866777
vn -0.317364 -0.189921 0.929091
vn -0.513479 0.0952204 0.852803
vn -0.397395 0.210426 0.893195
vn 0.219012 -0.371618 0.902183
vn -0.250607 0.133688 0.958814
vn -0.234442 0.389449 0.890711
vn 0.106799 -0.13 0.985745
vn 0.0454534 -0.0387645 0.998214
vn 0.16205 -0.514914 0.841786
vn 0.10343 -0.225264 0.968792
vn -0.281175 0.477564 0.83239
vn -0.280284 0.210329 0.936591
vn -0.312914 -0.116794 0.942573
vn -0.00497004 -0.278983 0.960283
vn 0.297768 -0.377701 0.876742
vn -0.225702 -0.156302 0.961576
vn -0.105635 -0.0461252 0.993335
vn -0.298878 -0.0783318 0.951071
vn 0.19846 -0.382547 0.90237
vn 0.282236 -0.289981 0.914469
vn -0.0905131 -0.0893048 0.991883
vn 0.0360583 -0.0735479 0.99664
vn -0.0724991 -0.0326125 0.996835
vn 0.0755882 -0.0814723 0.993805
vn 0.112524 -0.0575177 0.991983
vn -0.0937522 -0.268813 0.958619
vn -0.183103 -0.120825 0.975641
vn -0.116924 -0.0593462 0.991366
vn 0.0623182 -0.0294629 0.997621
vn 0.124891 -0.118272 0.985096
vn -0.497368 0.126858 0.858214
vn -0.0439186 -0.24483 0.968571
vn -0.228308 0.496373 0.83755
vn -0.163527 0.407101 0.898625
vn -0.078685 0.197161 0.977208
vn -0.331245 0.304342 0.893114
vn -0.32928 0.359958 0.872929
vn -0.261735 0.26519 0.927992
vn -0.185199 -0.114621 0.975994
vn -0.046351 -0.00977752 0.998877
vn 0.0997701 -0.112066 0.98868
vn 0.111043 -0.159869 0.980873
vn 0.121237 -0.223452 0.967146
vn 0.0444622 -0.274443 0.960575
vn 0.113562 -0.19838 0.973524
vn 0.14112 -0.175691 0.974278
vn 0.12342 -0.185489 0.974865
vn 0.167363 -0.204552 0.964442
vn 0.170368 -0.178708 0.96904
vn -0.147839 -0.294303 0.944208
vn 0.0662273 -0.0844749 0.994222
vn -0.0651153 -0.195753 0.978489
vn -0.0313014 -0.105388 0.993939
vn -0.193349 0.118655 0.973929
vn -0.0222865 0.0582138 0.998055
vn 0.123253 -0.199638 0.972087
vn 0.154583 -0.232613 0.960206
vn 0.216844 -0.280908 0.934917
vn -0.049768 -0.0651873 0.996631
vn 0.0274461 -0.0582546 0.997924
vn -0.00576055 -0.0932709 0.995624
vn -0.0582493 -0.188054 0.98043
vn -0.144575 0.234901 0.961207
vn -0.258811 0.0906262 0.961667
vn -0.258353 -0.0725126 0.963325
vn 0.0163451 -0.272103 0.962129
vn 0.0489324 -0.41773 0.907253
vn -0.0693572 -0.344134 0.936356
vn 0.048719 -0.172968 0.983722
vn -0.107496 -0.00673832 0.994183
vn -0.196533 -0.151583 0.968709
vn 0.4166 -0.0471077 0.907869
vn -0.0443665 -0.0629212 0.997032
vn 0.0385522 -0.19618 0.97981
vn 0.150665 -0.224665 0.962718
vn -0.148499 -0.0760148 0.985987
vn -0.235071 -0.0718562 0.969319
vn -0.122701 -0.0968626 0.987705
vn -0.0837888 -0.118225 0.989445
vn 0.0504358 -0.225222 0.973001
vn 0.00698626 -0.133774 0.990987
vn -0.077286 0.124444 0.989212
vn -0.0568942 0.0248877 0.99807
vn -0.101559 -0.0122184 0.994754
vn -0.0719721 0.004244 0.997398
vn 0.0920411 -0.261652 0.960764
vn -0.296991 -0.176609 0.938406
vn -0.423352 -0.212869 0.880602
vn -0.48555 -0.211222 0.848308
vn 0.165365 -0.117691 0.979185
vn -0.249326 -0.223461 0.942286
vn -0.1395 -0.230913 0.962922
vn -0.300297 -0.146922 0.942463
vn 0.0789805 0.128267 0.98859
vn 0.0449224 -0.0721517 0.996382
vn -0.0541832 -0.0224098 0.99828
vn 0.0935172 -0.189744 0.97737
vn 0.0834229 -0.107848 0.990661
vn -0.363815 -0.0950297 0.926611
vn -0.410473 -0.159523 0.897811
vn -0.0734975 -0.238616 0.968329
vn 0.0715766 -0.225589 0.97159
vn -0.019728 -0.0973244 0.995057
vn -0.0292721 -0.196692 0.980028
vn -0.528441 0.0558008 0.847135
vn 0.0306602 -0.211015 0.977002
vn 0.0748156 -0.182068 0.980436
vn 0.0433751 -0.0110204 0.998998
vn -0.201596 0.50721 0.837912
vn -0.1768 0.440834 0.880004
vn -0.0487324 -0.22546 0.973033
vn -0.17434 -0.0750583 0.981821
vn 0.199554 0.298971 0.933164
vn 0.198139 0.348334 0.91619
vn -0.168931 -0.180808 0.968902
vn -0.337823 -0.0762018 0.93812
vn -0.255107 0.0315038 0.9664
vn -0.338151 -0.100836 0.935674
vn -0.130429 -0.0765982 0.988494
vn -0.35887 0.00469721 0.933376
vn -0.285181 0.0232466 0.958192
vn -0.316326 -0.0169117 0.9485
vn -0.0802169 0.472541 0.87765
vn -0.360764 -0.0215084 0.932409
vn -0.405919 -0.355347 0.841996
vn 0.26399 0.106448 0.958634
vn -0.248557 -0.0408765 0.967755
vn -0.277569 -0.110464 0.954334
vn -0.111689 -0.0960117 0.989094
vn -0.372263 0.029504 0.927658
vn -0.296521 -0.166023 0.940485
vn -0.0838682 -0.111199 0.990253
vn -0.167828 0.0129201 0.985732
vn -0.395357 0.137205 0.908222
vn -0.140292 -0.207672 0.968086
vn -0.305949 0.0068051 0.952024
vn -0.29696 -0.00951824 0.954843
vn 0.178236 -0.389904 0.903442
vn 0.0809758 -0.344396 0.935326
vn 0.121746 -0.358875 0.925412
vn 0.124606 -0.150891 0.980666
vn -0.273092 -0.0594458 0.96015
vn -0.252123 0.0566271 0.966037
vn -0.192382 0.1107 0.975056
vn -0.411664 0.0287399 0.910883
vn -0.278151 0.00249677 0.960534
vn -0.30297 0.027568 0.952601
vn 0.00603053 -0.18765 0.982217
vn -0.432475 -0.00435852 0.901635
vn -0.595393 -0.131378 0.792621
vn -0.489954 -0.164293 0.856127
vn -0.574884 -0.214382 0.789651
vn -0.33126 -0.0609061 0.941572
vn 0.0625619 -0.12519 0.990158
vn 0.143416 0.0511251 0.988341
vn 0.274826 0.101495 0.956122
vn -0.263767 0.246239 0.932627
vn -0.33662 -0.0625479 0.939561
vn -0.0824941 -0.0841024 0.993037
vn -0.078073 0.0115782 0.99688
vn -0.150303 0.223153 0.963126
vn -0.0046621 0.118706 0.992919
vn 0.0843351 0.0700133 0.993975
vn 0.0311997 -0.174888 0.984094
vn -0.108434 0.129485 0.985635
vn -0.0924205 0.0417136 0.994846
vn 0.102132 -0.282068 0.953943
vn 0.251415 -0.173526 0.952197
vn 0.360647 -0.0848854 0.928832
vn -0.217301 -0.00897915 0.976063
vn -0.374698 -0.011119 0.92708
vn -0.324506 -0.0717626 0.943158
vn 0.121131 0.0258874 0.992299
vn -0.127008 -0.171768 0.976916
vn -0.0541674 -0.265972 0.962458
vn 0.0611174 -0.302004 0.951346
vn 0.000958002 -0.272264 0.962222
vn -0.459366 0.19606 0.866339
vn 0.0299882 0.181704 0.982896
vn 0.0134386 0.134781 0.990784
vn -0.105539 0.101584 0.989213
vn -0.289254 -0.0271284 0.956868
vn -0.291702 -0.351874 0.889435
vn 0.0195903 -0.0587581 0.99808
vn 0.0696807 -0.288495 0.954942
vn -0.315564 0.360191 0.877885
vn -0.359761 0.111245 0.926389
vn -0.251653 -0.0999544 0.962642
vn -0.228767 -0.0534283 0.972014
vn 0.247579 -0.0028948 0.968863
vn 0.343263 0.0400607 0.938385
vn -0.321868 -0.0220558 0.946528
vn -0.34931 -0.55739 0.753192
vn -0.494013 -0.115572 0.861739
vn -0.563311 -0.138591 0.814538
vn -0.521156 -0.0907029 0.848628
vn -0.4901 -0.54308 0.681811
vn -0.0691073 -0.0254839 0.997284
vn -0.0471062 0.0309189 0.998411
vn -0.133343 -0.0362625 0.990406
vn -0.0848637 -0.1124 0.990032
vn -0.189414 -0.00172003 0.981896
vn -0.143738 -0.0737493 0.986864
vn -0.0171786 -0.0582742 0.998153
vn 0.00681769 0.0754996 0.997123
vn -0.272661 -0.0663294 0.959821
vn -0.455089 0.137402 0.879781
vn -0.513664 0.203899 0.833411
vn -0.427961 0.244584 0.870074
vn -0.375526 -0.221596 0.899931
vn -0.438161 0.367398 0.820386
vn -0.357563 -0.266415 0.895082
vn -0.182838 0.0353558 0.982507
vn -0.209678 0.132318 0.968776
vn -0.396194 -0.397226 0.827794
vn -0.149511 0.0580617 0.987054
vn -0.499059 -0.427979 0.753508
vn -0.128224 0.0302923 0.991282
vn -0.25716 -0.233269 0.937792
vn -0.221143 0.315319 0.922859
vn -0.333775 0.443263 0.831933
vn -0.503101 -0.454143 0.735284
vn -0.473225 -0.366263 0.801192
vn -0.1892 -0.161006 0.968649
vn 0.012878 -0.0453121 0.99889
vn 0.110238 0.0326016 0.99337
vn -0.619447 -0.423725 0.660865
vn -0.439661 -0.162477 0.883346
vn 0.0618576 -0.0230044 0.99782
vn -0.389533 0.00546559 0.920996
vn -0.419946 -0.0363922 0.906819
vn -0.0550409 -0.277234 0.959225
vn -0.483952 -0.155219 0.861219
vn 0.279056 -0.136186 0.950569
vn 0.234502 -0.142273 0.961648
vn 0.243882 -0.321653 0.91491
vn -0.587001 -0.100737 0.803294
vn -0.341724 -0.0474753 0.938601
vn -0.428571 -0.120079 0.895493
vn -0.236318 -0.204599 0.949891
vn -0.389287 -0.0519943 0.919648
vn 0.149441 -0.444868 0.88304
vn 0.158484 -0.335658 0.928556
vn -0.181283 -0.192008 0.964505
vn -0.368735 0.0378701 0.928763
vn -0.346793 -0.0425646 0.936975
vn -0.379354 -0.0179049 0.925079
vn -0.38351 -0.0328806 0.922951
vn -0.256586 -0.070661 0.963935
vn -0.353569 0.181686 0.917594
vn -0.374521 0.158015 0.913655
vn 0.0449601 -0.0692193 0.996588
vn 0.0226641 -0.0274397 0.999367
vn 0.0269117 -0.481284 0.876152
vn -0.0226511 -0.519493 0.854174
vn -0.241379 0.0056379 0.970414
vn -0.462608 -0.0342618 0.885901
vn 0.200816 0.164776 0.965672
vn -0.216952 0.233291 0.947896
vn -0.513306 0.14367 0.846095
vn -0.0291299 -0.503572 0.863462
vn 0.0815416 -0.526271 0.846398
vn -0.182196 0.258378 0.948707
vn -0.339704 0.373472 0.863203
vn -0.365819 0.344523 0.864569
vn -0.40742 0.421026 0.810399
vn 0.320282 -0.0300749 0.946845
vn 0.158059 -0.388034 0.90799
vn 0.195935 -0.388741 0.900272
vn -0.0154699 -0.525314 0.850768
vn 0.054895 -0.440624 0.896012
vn -0.200278 0.164335 0.965859
vn -0.248081 0.228076 0.941508
vn 0.356229 -0.251906 0.899803
vn 0.156192 -0.439511 0.884553
vn 0.170578 -0.368269 0.913937
vn 0.130164 -0.452669 0.882127
vn -0.235722 -0.00690579 0.971796
vn 0.140727 -0.403658 0.904022
vn 0.088564 -0.377425 0.921795
vn -0.307465 0.0122974 0.95148
vn 0.318653 -0.39621 0.861091
vn 0.265251 -0.491035 0.829775
vn 0.100824 -0.490218 0.865749
vn 0.184657 -0.490955 0.85139
vn -0.0803159 0.133851 0.987742
vn -0.0847959 0.120848 0.989043
vn -0.0973499 0.0784746 0.992152
vn -0.326885 0.0297898 0.944594
vn -0.189848 0.0683792 0.979429
vn -0.302481 -0.0122498 0.953077
vn 0.00968999 0.0977361 0.995165
vn -0.00545644 0.0426493 0.999075
vn -0.126772 0.0237687 0.991647
vn -0.126107 0.0920117 0.98774
vn -0.0908104 -0.0578641 0.994186
vn -0.0936613 -0.0412595 0.994749
vn -0.151919 -0.0296407 0.987948
vn -0.210243 -0.0104098 0.977594
vn -0.190982 0.0306035 0.981116
vn -0.0772215 -0.0823437 0.993608
vn -0.239533 0.0181765 0.970718
vn -0.150768 -0.032674 0.988029
vn -0.215974 0.0209708 0.976174
vn -0.216866 0.0443122 0.975195
vn 0.324704 -0.165075 0.931299
vn 0.321377 -0.430575 0.843399
vn 0.425588 -0.391359 0.815913
vn 0.340084 -0.291303 0.894139
vn 0.21432 -0.540447 0.813624
vn 0.292819 -0.423438 0.857296
vn 0.367241 -0.391892 0.843537
vn 0.270426 -0.536926 0.799112
vn 0.304362 -0.376898 0.874821
vn 0.316984 -0.484265 0.81548
vn 0.238892 -0.547 0.802323
vn 0.2271 -0.481556 0.846481
vn 0.170905 -0.150916 0.973661
vn 0.330631 -0.241886 0.912236
vn 0.252201 -0.1645 0.95359
vn 0.30152 -0.268847 0.914771
vn 0.278989 -0.239461 0.929959
vn 0.329624 -0.236142 0.914104
vn 0.394717 -0.242513 0.88622
vn 0.284891 -0.256769 0.92353
vn 0.455647 -0.198331 0.867785
vn 0.288238 -0.267202 0.919523
vn 0.378126 -0.238304 0.894557
vn 0.476564 -0.220638 0.851003
vn 0.398364 -0.180747 0.899242
vn 0.314909 -0.334986 0.888041
vn 0.397582 -0.314423 0.862013
vn 0.170697 -0.313316 0.934182
vn 0.485407 -0.575046 0.658561
vn 0.479375 -0.578823 0.659669
vn 0.422279 -0.528614 0.736375
vn 0.383134 -0.623387 0.681613
vn 0.329661 -0.695195 0.638771
vn 0.294576 -0.65306 0.697666
vn 0.440571 -0.592941 0.674031
vn 0.45422 -0.573911 0.681403
vn 0.418143 -0.570031 0.707264
vn 0.415542 -0.617498 0.667848
vn 0.292466 -0.684183 0.6681
vn 0.271194 -0.646133 0.713419
vn 0.23698 -0.648327 0.723542
vn 0.443153 -0.601814 0.664406
vn 0.388722 -0.66184 0.640986
vn 0.356225 -0.274966 0.893027
vn 0.361966 -0.295409 0.884146
vn 0.285476 -0.235771 0.928933
vn 0.331682 -0.229112 0.915148
vn -0.227585 -0.0893286 0.969652
vn -0.235327 -0.140878 0.961652
vn -0.0844427 -0.249297 0.964739
vn 0.339458 -0.686261 0.643284
vn 0.400566 -0.62138 0.673375
vn 0.330442 -0.649015 0.685264
vn -0.0346737 -0.00649721 0.999378
vn 0.00635757 -0.062325 0.998036
vn -0.120584 -0.0719201 0.990094
vn 0.304633 -0.390272 0.868842
vn 0.296156 -0.407514 0.863843
vn 0.305491 -0.381387 0.872479
vn 0.416893 -0.54796 0.725217
vn 0.460822 -0.583674 0.668557
vn 0.492873 -0.561493 0.664682
vn -0.034915 -0.434986 0.89976
vn 0.0447931 -0.43777 0.89797
vn 0.0261514 -0.496016 0.867919
vn 0.391302 -0.672811 0.62786
vn 0.376698 -0.583589 0.719391
vn 0.306729 -0.601856 0.737352
vn 0.26899 -0.542399 0.795894
vn 0.326841 -0.552919 0.766456
vn -0.302907 0.0498494 0.951715
vn -0.357815 0.0225019 0.933521
vn 0.481957 -0.446362 0.753976
vn 0.515055 -0.473355 0.714601
vn 0.461027 -0.513434 0.723768
vn 0.304413 -0.589149 0.748489
vn 0.310711 -0.64205 0.700878
vn 0.0607372 -0.422063 0.90453
vn 0.121456 -0.40561 0.905941
vn -0.248047 -0.0693389 0.966263
vn -0.229988 -0.0651505 0.97101
vn 0.00278744 -0.652997 0.757356
vn 0.139049 -0.716671 0.683409
vn 0.0774822 -0.689142 0.720472
vn -0.316686 -0.09426 0.943835
vn 0.182181 -0.788955 0.586822
vn 0.207251 -0.823648 0.527875
vn 0.268099 -0.73054 0.62804
vn -0.319382 0.0533582 0.946123
vn 0.200195 -0.539278 0.817986
vn 0.309979 -0.646973 0.696663
vn 0.249934 -0.647461 0.71995
vn 0.299414 -0.691378 0.657531
vn 0.311364 -0.635843 0.706226
vn 0.255518 -0.674916 0.692241
vn 0.303993 -0.697903 0.648475
vn 0.286748 -0.673372 0.68143
vn 0.347509 -0.716549 0.60481
vn 0.193306 -0.568596 0.799582
vn 0.234413 -0.69363 0.681123
vn 0.164543 -0.660291 0.732763
vn 0.242601 -0.724363 0.645324
vn -0.285882 0.0124966 0.958183
vn -0.353567 -0.0616046 0.933379
vn 0.278184 -0.521486 0.806639
vn 0.301886 -0.647061 0.700127
vn 0.445399 -0.633489 0.632702
vn 0.464745 -0.588411 0.661653
vn 0.326715 -0.565608 0.757195
vn 0.405257 -0.481143 0.777347
vn 0.445359 -0.503622 0.740284
vn -0.0707585 0.00272881 0.99749
vn -0.000753852 0.0185158 0.999828
vn 0.503092 -0.593687 0.628039
vn 0.463904 -0.648869 0.603127
vn 0.288391 -0.70981 0.642651
vn 0.070526 -0.372948 0.925168
vn 0.0575012 -0.277611 0.958971
vn 0.0703903 -0.306698 0.949201
vn 0.246259 -0.514159 0.821582
vn 0.204452 -0.507353 0.837133
vn 0.363343 -0.485384 0.795226
vn 0.373515 -0.493222 0.785632
vn 0.486611 -0.51478 0.705841
vn 0.476588 -0.453282 0.753259
vn 0.506699 -0.443081 0.739551
vn -0.108105 0.00373927 0.994132
vn -0.0451051 0.0644431 0.996902
vn 0.220731 -0.484326 0.846585
vn -0.168234 -0.0128218 0.985664
vn -0.144913 -0.0344611 0.988844
vn -0.150802 -0.0389183 0.987798
vn -0.157756 -0.454015 0.876917
vn -0.193659 -0.382557 0.903408
vn -0.132899 -0.516495 0.845914
vn 0.185809 -0.410934 0.892529
vn 0.235446 -0.442211 0.865456
vn 0.210298 -0.477178 0.853273
vn 0.0957478 -0.883228 0.459065
vn 0.0807873 -0.886258 0.456093
vn -0.009249 -0.904642 0.426072
vn 0.520426 -0.257912 0.814026
vn 0.463962 -0.253472 0.848818
vn 0.412973 -0.339355 0.845157
vn -0.0458505 -0.166698 0.984941
vn -0.0935612 -0.0370133 0.994925
vn -0.162868 -0.07135 0.984065
vn 0.239408 -0.315856 0.918106
vn 0.272782 -0.373946 0.886428
vn -0.108902 -0.238976 0.964899
vn 0.0106918 -0.322542 0.946495
vn 0.46374 -0.5154 0.72063
vn 0.461821 -0.462328 0.756951
vn -0.0349957 -0.350749 0.935815
vn -0.00826698 -0.441914 0.897019
vn -0.104134 -0.296458 0.949352
vn 0.0891969 -0.323024 0.942178
vn 0.234921 -0.590947 0.771747
vn -0.0890395 -0.00311342 0.996023
vn -0.144916 0.0193477 0.989255
vn -0.142228 0.100867 0.984681
vn 0.586251 -0.419492 0.693063
vn 0.253765 -0.630692 0.733369
vn 0.30092 -0.634057 0.712334
vn 0.188487 -0.530075 0.826736
vn -0.0960266 -0.0197374 0.995183
vn 0.35734 -0.499279 0.789322
vn -0.161935 -0.203007 0.965694
vn -0.0960627 -0.0724889 0.992732
vn -0.039259 -0.636715 0.770099
vn -0.0949652 -0.56821 0.817386
vn 0.0262233 -0.42485 0.904884
vn 0.389641 -0.509959 0.766891
vn 0.135394 -0.406537 0.903546
vn 0.16159 -0.783187 0.600422
vn 0.111657 -0.791317 0.601124
vn 0.2141 -0.861092 0.461175
vn 0.43852 -0.48026 0.759638
vn 0.426551 -0.553967 0.714965
vn -0.0330604 0.0131007 0.999368
vn 0.560478 -0.376232 0.737777
vn 0.335112 -0.282107 0.898953
vn 0.196579 -0.832152 0.518537
vn 0.0313144 -0.0438221 0.998549
vn -0.08807 0.0585198 0.994394
vn 0.0328313 -0.658879 0.751532
vn 0.00591953 -0.215702 0.976441
vn 0.019796 -0.0791395 0.996667
vn 0.116793 -0.156872 0.980689
vn 0.343169 -0.738237 0.580725
vn 0.338989 -0.745061 0.574431
vn -0.0764988 -0.1577 0.98452
vn 0.0723626 -0.290542 0.954122
vn 0.0288629 -0.882659 0.469127
vn 0.323396 -0.63807 0.698771
vn 0.490174 -0.388329 0.780339
vn 0.477855 -0.426151 0.768147
vn 0.365662 -0.489879 0.791397
vn -0.22332 -0.0855794 0.970981
vn -0.0162658 -0.52289 0.852245
vn 0.0961078 -0.509061 0.855348
vn 0.0735019 -0.392802 0.916681
vn 0.165931 -0.475127 0.86413
vn 0.484421 -0.597455 0.63905
vn 0.463236 -0.62034 0.632923
vn 0.47414 -0.381787 0.793366
vn 0.355803 -0.542082 0.761283
vn 0.045831 -0.544329 0.837619
vn 0.0756844 -0.365613 0.927685
vn 0.214315 -0.447062 0.86845
vn 0.106981 -0.427584 0.897623
vn -0.067224 -0.511685 0.856539
vn 0.326482 -0.641917 0.693795
vn 0.281815 -0.682761 0.674106
vn 0.268208 -0.671508 0.690755
vn 0.293379 -0.681878 0.670054
vn 0.308533 -0.682626 0.662441
vn 0.470845 -0.162591 0.867104
vn 0.471615 -0.221339 0.853574
vn 0.432502 -0.181514 0.883173
vn -0.0967865 -0.12461 0.987474
vn -0.0920026 -0.172207 0.980755
vn 0.319042 -0.566142 0.760063
vn 0.0834804 -0.341956 0.936001
vn -0.0701164 -0.263054 0.96223
vn -0.11163 0.107247 0.987946
vn 0.464948 -0.436911 0.770021
vn 0.516392 -0.424069 0.743979
vn 0.468062 -0.460177 0.754424
vn -0.118236 0.137758 0.983383
vn -0.146332 0.0952931 0.984635
vn 0.331403 -0.762745 0.555331
vn 0.317564 -0.741022 0.591641
vn 0.282602 -0.800189 0.528993
vn 0.0330578 -0.300802 0.953113
vn 0.0808575 -0.428011 0.900149
vn 0.423672 -0.595257 0.682767
vn 0.4219 -0.600822 0.67898
vn 0.331197 -0.737235 0.588891
vn 0.186194 -0.829536 0.526499
vn 0.319562 -0.751536 0.577125
vn 0.289509 -0.730435 0.618586
vn -0.00231953 -0.320957 0.947091
vn 0.0929522 -0.818399 0.567083
vn 0.481065 -0.555814 0.677974
vn -0.0774045 -0.00420407 0.996991
vn 0.0915238 -0.285491 0.954001
vn 0.213677 -0.589759 0.778798
vn 0.17376 -0.515681 0.838976
vn 0.189268 -0.57491 0.796026
vn -0.14528 0.0569434 0.987751
vn 0.596428 -0.330977 0.731251
vn 0.296041 -0.540673 0.787422
vn 0.369587 -0.591305 0.716773
vn -0.00577073 -0.164253 0.986401
vn 0.229741 -0.513311 0.82688
vn 0.410034 -0.590093 0.695459
vn 0.198233 -0.537683 0.819513
vn 0.0959045 -0.733328 0.673077
vn 0.272334 -0.770481 0.576362
vn 0.270376 -0.665401 0.695801
vn 0.440195 -0.600097 0.667916
vn 0.185228 -0.874468 0.448326
vn 0.248526 -0.854774 0.455626
vn 0.176909 -0.881523 0.437745
vn 0.255783 -0.516396 0.817258
vn 0.420401 -0.421707 0.803384
vn 0.309856 -0.578025 0.754901
vn 0.146639 -0.451951 0.879907
vn -0.0528579 0.0953554 0.994039
vn 0.333318 -0.731168 0.595225
vn 0.362297 -0.583427 0.72688
vn -0.282467 -0.0671566 0.956924
vn 0.184695 -0.820759 0.540595
vn 0.270773 -0.551963 0.788682
vn 0.562934 -0.500497 0.657729
vn 0.374927 -0.662409 0.648571
vn 0.449435 -0.582393 0.677368
vn 0.445993 -0.395779 0.802776
vn 0.194068 0.0181648 0.98082
vn 0.182588 0.150726 0.971567
vn 0.298575 0.0504524 0.953052
vn 0.421532 -0.441548 0.792052
vn 0.415246 -0.534483 0.736138
vn 0.405138 -0.52592 0.747844
vn 0.0496128 -0.0138972 0.998672
vn 0.013717 0.0305694 0.999439
vn -0.0286779 0.153889 0.987672
vn 0.463639 -0.545175 0.698444
vn 0.475998 -0.536815 0.696603
vn 0.452154 -0.517725 0.726304
vn -0.0644158 0.0549172 0.996411
vn 0.118991 -0.161651 0.979648
vn 0.26013 -0.143218 0.954893
vn 0.236658 -0.240773 0.941287
vn 0.340671 -0.500611 0.795822
vn 0.206235 -0.483368 0.850778
vn 0.26117 -0.470393 0.842924
vn 0.0806543 -0.0562127 0.995156
vn 0.010354 -0.245641 0.969306
vn 0.0818288 -0.282564 0.955752
vn 0.094442 -0.148511 0.984391
vn 0.25036 -0.543593 0.801141
vn 0.377411 -0.59057 0.713294
vn -0.0511118 0.0676139 0.996402
vn 0.253818 -0.625292 0.737961
vn 0.309511 0.124132 0.942759
vn 0.209271 0.103151 0.972402
vn 0.227028 -0.258547 0.938942
vn 0.396655 -0.304888 0.865857
vn 0.286998 -0.177988 0.94125
vn 0.122304 -0.199112 0.972315
vn 0.174453 -0.20378 0.963348
vn 0.135859 -0.146626 0.979818
vn 0.118763 -0.126587 0.98482
vn 0.112555 -0.0494185 0.992416
vn 0.101912 0.129263 0.986359
vn 0.0289953 0.137371 0.990095
vn 0.100965 0.100812 0.989769
vn 0.193298 -0.32899 0.924338
vn 0.180675 -0.309118 0.933704
vn 0.290111 -0.809944 0.509731
vn 0.210298 -0.0065056 0.977616
vn 0.0402211 -0.274331 0.960794
vn 0.104881 -0.193711 0.975436
vn 0.134815 -0.499679 0.855655
vn 0.220978 -0.44666 0.866985
vn -0.0789642 -0.594545 0.800176
vn 0.0252784 0.056053 0.998108
vn 0.0734687 -0.139563 0.987484
vn 0.153643 -0.486975 0.859796
vn 0.246006 -0.60627 0.756252
vn 0.493946 -0.424167 0.759012
vn 0.20207 -0.484588 0.851083
vn 0.165523 -0.234737 0.957863
vn 0.244182 -0.33121 0.911414
vn 0.0263656 0.0711908 0.997114
vn -0.2868 -0.243171 0.926614
vn -0.29771 -0.310842 0.902633
vn 0.182723 -0.013112 0.983077
vn 0.298775 -0.0271358 0.953938
vn 0.369239 -0.0497351 0.928003
vn 0.219998 -0.182531 0.958271
vn 0.338336 -0.128763 0.932174
vn 0.131602 0.0798805 0.988079
vn 0.0617629 0.0968826 0.993378
vn 0.222208 0.0611399 0.973081
vn -0.0175481 -0.718293 0.69552
vn 0.412608 -0.523538 0.745428
vn 0.43686 -0.528548 0.727867
vn 0.403964 -0.494479 0.769613
vn 0.336482 -0.502135 0.796643
vn 0.32411 -0.416311 0.849493
vn -0.172731 -0.293583 0.940198
vn 0.296242 -0.348064 0.889433
vn 0.332175 -0.381013 0.862837
vn -0.00837678 0.0110912 0.999903
vn 0.0678094 0.0459016 0.996642
vn -0.0758973 -0.419604 0.904528
vn 0.214905 -0.369266 0.904134
vn 0.2253 -0.198111 0.953935
vn 0.190854 -0.311901 0.930748
vn 0.38237 -0.56113 0.734116
vn 0.286843 -0.534768 0.794823
vn 0.126131 0.0355894 0.991375
vn -0.0342419 0.0591508 0.997662
vn 0.23861 -0.199694 0.950362
vn 0.208304 -0.314717 0.926047
vn 0.313736 -0.473777 0.822864
vn 0.366926 -0.440792 0.819187
vn 0.433134 -0.44018 0.786535
vn 0.202507 -0.281208 0.938037
vn 0.258714 -0.101991 0.960555
vn -0.134007 0.154401 0.978878
vn 0.219024 -0.34076 0.914282
vn 0.464668 -0.554119 0.690678
vn 0.203848 -0.631698 0.747933
vn 0.414541 -0.594024 0.689413
vn 0.464555 -0.54642 0.69686
vn 0.246704 0.100025 0.963915
vn 0.269896 -0.382502 0.883657
vn 0.18047 -0.522204 0.833507
vn 0.287517 -0.0122918 0.957697
vn 0.50455 -0.401125 0.764544
vn -0.0980942 0.135638 0.98589
vn 0.395507 -0.557054 0.730251
vn 0.24389 0.0811633 0.966401
vn 0.407636 -0.54902 0.729665
vn 0.344167 -0.120419 0.931154
vn 0.43485 0.00397889 0.900494
vn 0.506495 -0.431671 0.746407
vn 0.40293 -0.540017 0.738938
vn 0.428087 -0.355641 0.83082
vn 0.427133 -0.571962 0.700298
vn 0.283022 -0.376867 0.881969
vn 0.321928 -0.32597 0.888879
vn 0.412813 -0.418336 0.809061
vn -0.228364 0.0110703 0.973513
vn -0.047448 0.137304 0.989392
vn 0.285993 0.0237664 0.957937
vn 0.639497 -0.26117 0.723073
vn 0.217318 0.146816 0.964996
vn -0.535634 0.44171 0.719715
vn -0.542136 0.274274 0.794268
vn -0.531102 0.455349 0.714555
vn -0.663876 -0.0442957 0.74653
vn -0.800271 -0.204216 0.563793
vn -0.92494 0.354895 0.136143
vn -0.905826 0.342521 0.249318
vn -0.754013 0.389217 0.529126
vn -0.998023 -0.0170368 -0.060495
vn -0.0180367 -0.728139 0.685192
vn 0.017378 -0.891118 0.453438
vn 0.376697 -0.725701 0.575724
vn -0.677062 -0.307981 0.668382
vn -0.940812 -0.170001 0.29321
vn -0.918072 -0.124086 0.376492
vn -0.584537 0.300809 0.753545
vn -0.754407 0.158382 0.637013
vn -0.556397 0.527648 0.64188
vn 0.319324 0.274145 0.907126
vn -0.963516 -0.159437 0.214981
vn -0.700448 0.506236 0.503088
vn -0.786429 0.299277 0.540335
vn -0.813114 0.304114 0.496346
vn -0.896291 -0.234831 0.376186
vn -0.907809 -0.236211 0.346535
vn -0.984993 -0.168096 -0.0391607
vn -0.652925 0.68611 0.320847
vn -0.693317 0.617153 0.372067
vn -0.469978 0.548656 0.691446
vn -0.712419 -0.145789 0.686443
vn -0.744008 -0.0811307 0.663227
vn -0.939403 -0.0167876 0.342403
vn 0.458128 0.285824 0.841679
vn 0.513923 0.269684 0.814343
vn 0.481504 0.255908 0.838251
vn -0.305345 0.251692 0.918376
vn -0.404024 0.368965 0.837036
vn -0.420321 0.182507 0.888831
vn -0.486545 0.233784 0.841795
vn -0.883248 -0.313593 0.348614
vn -0.935231 -0.308503 0.173691
vn -0.190788 -0.092682 0.977246
vn -0.177349 -0.200316 0.963546
vn -0.319934 0.203139 0.925406
vn -0.753784 -0.445285 0.483251
vn -0.423316 -0.527046 0.736903
vn -0.693863 -0.247527 0.676228
vn -0.878545 0.337795 0.337718
vn -0.789187 0.366606 0.492732
vn -0.935542 0.316445 0.156921
vn -0.0877868 0.382604 0.919732
vn -0.00163288 0.200787 0.979634
vn 0.269335 0.277174 0.922298
vn -0.549681 -0.15748 0.820397
vn -0.461952 -0.26751 0.8456
vn -0.774469 -0.227517 0.590283
vn -0.440308 0.490981 0.751709
vn -0.636624 0.44969 0.626489
vn -0.531757 0.386307 0.753658
vn -0.769537 -0.0296741 0.637913
vn -0.990038 -0.0924899 -0.106164
vn -0.989923 -0.123309 0.0696191
vn -0.975468 -0.201071 -0.0896251
vn 0.258699 0.55637 0.789638
vn 0.393378 0.486625 0.780032
vn -0.107837 0.540725 0.834259
vn -0.238806 0.565623 0.78933
vn -0.341672 0.514423 0.786529
vn -0.667712 0.719635 0.19049
vn -0.726668 0.673385 0.136041
vn -0.687631 0.708605 0.158247
vn 0.0243916 -0.829719 0.557648
vn 0.312235 -0.660012 0.683296
vn 0.365627 -0.702272 0.610844
vn 0.388562 0.354964 0.850306
vn 0.373358 0.476275 0.796094
vn 0.307923 0.441955 0.842531
vn -0.464686 0.487022 0.739511
vn -0.992995 -0.0521156 -0.106039
vn -0.307041 -0.174861 0.935494
vn -0.189081 -0.607921 0.771155
vn -0.332119 -0.197683 0.92229
vn -0.498319 0.11401 0.859465
vn -0.611555 0.171645 0.772359
vn -0.912827 -0.308168 0.267917
vn -0.898734 -0.40037 0.178833
vn -0.992851 -0.0773412 -0.090913
vn -0.920883 -0.379032 0.0911541
vn -0.971845 -0.138594 0.190549
vn -0.2219 -0.801149 0.555806
vn -0.388162 -0.513592 0.765215
vn -0.319345 -0.70851 0.629311
vn -0.24925 -0.130125 0.959657
vn -0.0716504 -0.281473 0.956891
vn -0.329652 -0.124579 0.935847
vn -0.997398 0.0529758 -0.0488997
vn -0.650571 0.554676 0.518741
vn -0.663888 0.579756 0.472372
vn -0.996508 -0.0691617 -0.0467737
vn -0.151513 0.376465 0.913957
vn -0.198276 0.238407 0.95071
vn -0.30375 0.295749 0.905687
vn -0.60864 -0.0054878 0.793427
vn -0.691123 0.0263704 0.722256
vn 0.304274 -0.0354984 0.951923
vn 0.12043 0.192883 0.973803
vn 0.166917 0.408637 0.897304
vn -0.295818 0.0453554 0.954167
vn -0.899389 -0.243679 0.362932
vn 0.147157 0.395015 0.906812
vn 0.130584 0.450201 0.883327
vn -0.127379 0.548477 0.826407
vn -0.171737 0.532263 0.828977
vn -0.9128 0.406953 0.0344397
vn -0.886443 0.461889 0.0296193
vn -0.985168 -0.083678 -0.149804
vn 0.00625288 0.669329 0.74294
vn -0.9915 0.0986522 -0.0848254
vn -0.976124 0.0249406 -0.215776
vn -0.978316 0.125817 -0.164521
vn -0.969945 -0.229052 -0.0821148
vn -0.737987 0.446761 0.505747
vn -0.875092 0.479273 0.0671689
vn -0.997947 -0.0560978 -0.0309043
vn -0.996136 -0.065102 -0.0589454
vn -0.912467 -0.37536 0.162814
vn -0.910603 0.413094 -0.0124677
vn -0.42298 0.556917 0.714795
vn -0.403904 0.453595 0.794426
vn 0.0496807 -0.626722 0.777657
vn -0.121664 -0.393805 0.911107
vn -0.0236327 -0.578584 0.81528
vn -0.322408 -0.300117 0.897765
vn -0.30777 -0.444908 0.841032
vn -0.378575 -0.599797 0.704929
vn -0.98113 0.193112 -0.00961094
vn -0.990795 0.134188 0.0178543
vn -0.841573 -0.00778008 0.540087
vn -0.284721 0.775431 0.563596
vn 0.280485 -0.137594 0.949945
vn 0.241379 -0.151919 0.958466
vn 0.0921126 0.39201 0.915338
vn 0.00804544 0.176237 0.984315
vn 0.0929873 0.435305 0.895468
vn -0.269412 0.520843 0.810025
vn -0.407194 -0.0158647 0.913204
vn 0.201097 -0.0175162 0.979415
vn 0.341528 0.175766 0.92329
vn 0.123697 0.100154 0.987253
vn -0.994751 -0.0858443 0.0556892
vn -0.882044 0.464205 0.0806967
vn -0.740276 -0.498613 0.450973
vn -0.798661 -0.485202 0.355977
vn -0.523434 0.0728473 0.848946
vn -0.718471 0.112581 0.686385
vn -0.685465 0.27128 0.675681
vn -0.0499633 0.116374 0.991948
vn 0.486564 0.209682 0.848109
vn 0.380241 0.273928 0.883391
vn -0.410544 0.153773 0.898781
vn -0.417034 0.0669457 0.906422
vn -0.50702 0.172875 0.84442
vn 0.301812 -0.685861 0.662197
vn 0.12868 -0.712199 0.690082
vn -0.994631 -0.0513481 -0.0898528
vn -0.61248 -0.691448 0.383102
vn -0.837969 -0.533173 0.116333
vn -0.964965 0.258844 0.042915
vn -0.98591 0.166259 -0.0184174
vn -0.990937 0.124304 -0.0509143
vn -0.966357 0.230978 0.113156
vn -0.957319 0.2486 0.14744
vn -0.967906 0.218911 0.123438
vn -0.99404 -0.0263687 -0.105779
vn -0.803775 -0.578438 0.139127
vn 0.410654 0.194374 0.890832
vn -0.989481 0.131897 0.059422
vn -0.983832 0.173908 0.0427841
vn -0.360213 -0.177225 0.915881
vn -0.736935 -0.236817 0.633122
vn 0.013731 -0.105403 0.994335
vn -0.0409305 -0.0794895 0.995995
vn -0.205066 -0.239322 0.949038
vn -0.97735 0.0757244 -0.197619
vn -0.231455 0.48711 0.842112
vn -0.114539 0.483917 0.867586
vn -0.864501 -0.102032 0.492166
vn -0.562137 -0.723506 0.400675
vn -0.572425 -0.624103 0.531813
vn -0.174453 -0.686144 0.706238
vn -0.204036 -0.407202 0.890256
vn -0.979165 -0.11774 -0.165449
vn -0.801233 0.293564 0.521389
vn -0.328015 0.394315 0.858441
vn -0.874275 -0.219835 0.4328
vn -0.992189 0.0220891 -0.122776
vn -0.994505 0.0716134 -0.0763693
vn -0.996077 0.0516552 -0.071844
vn -0.474559 -0.197022 0.85789
vn -0.560879 0.00417977 0.827887
vn -0.619837 -0.229251 0.750497
vn -0.153339 -0.315779 0.93636
vn -0.904965 -0.181885 0.384651
vn -0.90334 -0.0658275 0.423844
vn -0.903569 -0.192732 0.382646
vn -0.265657 -0.592572 0.760451
vn -0.798582 0.596885 0.0774281
vn -0.74818 0.65721 0.091116
vn -0.339646 -0.0774034 0.937363
vn -0.259747 -0.189195 0.946962
vn -0.288565 0.317951 0.903126
vn -0.261356 0.344426 0.9017
vn -0.971889 -0.166254 0.166706
vn -0.167723 -0.837308 0.520369
vn -0.739123 0.669547 0.0735156
vn -0.676429 0.724377 0.133123
vn 0.366728 0.212855 0.905651
vn -0.270345 -0.862899 0.426988
vn -0.488287 -0.819036 0.301257
vn -0.0120333 -0.324022 0.945973
vn -0.986168 0.0947507 0.135995
vn -0.346883 -0.221222 0.911446
vn -0.310171 -0.159215 0.937254
vn -0.554144 0.783764 0.280426
vn -0.579637 0.758938 0.296707
vn -0.978199 0.207326 0.011921
vn -0.423652 0.558653 0.71304
vn 0.290928 -0.767838 0.570777
vn 0.196491 -0.741883 0.641094
vn -0.555188 -0.11551 0.823665
vn 0.19244 0.573646 0.796177
vn -0.0681515 0.668198 0.740856
vn -0.877044 0.476015 0.0648278
vn 0.209923 -0.752928 0.623724
vn 0.334761 -0.646554 0.685495
vn 0.353814 -0.735907 0.577284
vn -0.994639 0.0142797 -0.102413
vn 0.166437 0.381224 0.909377
vn 0.326144 0.320906 0.889185
vn 0.0896722 0.475994 0.874865
vn -0.286883 0.726354 0.624586
vn -0.791236 -0.0532451 0.609188
vn -0.690909 -0.279528 0.666715
vn -0.941416 0.327968 -0.0785723
vn 0.126278 -0.414457 0.901265
vn -0.513004 0.680132 0.523685
vn -0.987934 0.153077 0.0235439
vn -0.965764 0.251954 0.0617991
vn -0.948846 0.306904 0.0741679
vn -0.997775 0.0507655 0.0432241
vn -0.704324 -0.0352032 0.709006
vn 0.431628 0.435874 0.789754
vn -0.501208 -0.190754 0.84404
vn -0.905275 0.424824 -0.00133622
vn -0.207656 -0.343164 0.916034
vn -0.267903 0.446795 0.853582
vn -0.342781 -0.688334 0.639295
vn -0.436813 -0.38018 0.815265
vn -0.759042 -0.0748964 0.646719
vn -0.947443 0.315681 -0.0519293
vn -0.0290247 0.479417 0.877107
vn -0.928904 0.367828 0.0429024
vn 0.473178 0.31284 0.823549
vn 0.270655 -0.165489 0.948345
vn 0.0845358 0.67512 0.732849
vn 0.0517262 0.578723 0.813882
vn 0.0737067 0.622296 0.779304
vn -0.7383 0.671072 0.0676328
vn -0.0853368 0.118268 0.989308
vn -0.267982 0.151561 0.951428
vn -0.646663 0.24908 0.720962
vn -0.318811 -0.482514 0.815806
vn -0.0179034 -0.410817 0.911542
vn -0.739305 0.388911 0.549705
vn -0.861272 0.156917 0.483309
vn -0.487071 -0.0507892 0.871884
vn -0.540573 -0.24001 0.806335
vn -0.985273 -0.112281 -0.128961
vn -0.668563 0.142052 0.729962
vn 0.173263 -0.807059 0.564478
vn -0.0427173 -0.838044 0.543928
vn -0.577985 0.759903 0.297458
vn -0.44421 -0.194215 0.874618
vn -0.478066 -0.324068 0.816353
vn 0.48531 0.26659 0.832709
vn -0.651115 0.240587 0.719838
vn -0.0905857 0.289778 0.952798
vn 0.123861 0.458292 0.880129
vn -0.10014 0.66616 0.739055
vn -0.277749 0.588635 0.759187
vn -0.510644 0.2476 0.823369
vn -0.598089 0.32917 0.73071
vn -0.520101 0.382929 0.763453
vn -0.852171 0.0521578 0.520658
vn -0.380151 0.264798 0.88621
vn -0.466942 0.384542 0.796299
vn 0.1666 0.553286 0.816161
vn 0.11166 0.532423 0.839082
vn -0.434945 -0.632958 0.640459
vn 0.104305 0.548452 0.829651
vn -0.833399 0.55157 0.0348827
vn -0.851915 0.523502 0.0136801
vn 0.450078 0.422353 0.786796
vn 0.555247 0.464569 0.689838
vn 0.505855 0.285183 0.814114
vn 0.453502 0.209531 0.866275
vn 0.312559 0.069023 0.947387
vn 0.51761 0.224396 0.825668
vn 0.584683 0.201538 0.78583
vn 0.477415 0.419939 0.771833
vn 0.217323 0.426301 0.878088
vn 0.0681066 -0.604043 0.794036
vn -0.0817083 -0.705586 0.703898
vn -0.0033425 -0.44828 0.893887
vn 0.322148 0.312736 0.893542
vn 0.228757 0.10751 0.967529
vn 0.362872 0.289265 0.885804
vn 0.652285 0.017837 0.757764
vn -0.248809 -0.672024 0.69748
vn -0.662252 -0.742342 0.101738
vn -0.510543 -0.821637 0.253494
vn -0.622831 -0.721238 0.303145
vn -0.517618 0.0208914 0.855357
vn 0.202136 -0.122888 0.971617
vn 0.089512 -0.20187 0.975313
vn 0.270918 -0.0454571 0.961529
vn 0.374284 0.445919 0.813061
vn 0.00573464 -0.382575 0.923907
vn 0.390347 0.0607065 0.918664
vn 0.174888 -0.852659 0.492328
vn -0.318783 -0.640251 0.698897
vn 0.496297 0.195443 0.845867
vn 0.805006 -0.081258 0.587675
vn 0.592535 -0.231224 0.771646
vn 0.76828 -0.214755 0.603014
vn 0.0694888 -0.479262 0.874917
vn 0.2815 -0.202549 0.93794
vn 0.358397 -0.0683826 0.931062
vn 0.217569 -0.530148 0.819516
vn 0.533693 -0.443932 0.719789
vn 0.724277 -0.012165 0.689402
vn 0.514663 -0.0427236 0.856327
vn -0.309832 0.489722 0.81497
vn 0.199325 -0.523539 0.828357
vn 0.412918 -0.461643 0.785101
vn 0.350369 -0.300352 0.887147
vn 0.670658 0.166537 0.72283
vn -0.443488 -0.849187 0.286705
vn -0.404361 -0.743431 0.532731
vn 0.112323 -0.0325845 0.993137
vn 0.124062 0.0774044 0.989251
vn -0.246981 -0.809336 0.532894
vn 0.741194 -0.131763 0.658233
vn 0.742994 -0.0658544 0.66605
vn 0.648129 0.374305 0.663192
vn 0.788848 0.0265056 0.614017
vn -0.13865 0.0210072 0.990119
vn -0.0961403 0.0621585 0.993425
vn 0.163413 -0.417942 0.893656
vn -0.132164 -0.662645 0.73718
vn 0.744967 0.227274 0.627192
vn -0.190809 0.27893 0.941164
vn 0.657369 0.363089 0.660328
vn -0.381599 -0.502065 0.776088
vn -0.0841564 0.533514 0.841594
vn 0.0743636 0.579775 0.811376
vn 0.0976502 0.427811 0.898578
vn 0.0135605 0.529519 0.84819
vn -0.0719635 -0.534002 0.842415
vn 0.315855 0.481921 0.817305
vn -0.809703 -0.419043 0.410834
vn -0.559231 -0.534155 0.633987
vn -0.540556 0.401305 0.739428
vn -0.521839 -0.74533 0.41493
vn -0.592123 0.123596 0.796313
vn -0.477898 0.442277 0.758949
vn -0.734532 -0.0628335 0.675659
vn 0.419969 0.284351 0.861841
vn 0.455009 0.415399 0.787661
vn 0.433201 0.315716 0.844192
vn 0.438968 0.400431 0.804339
vn 0.401378 0.273821 0.874024
vn -0.549109 -0.528913 0.647095
vn -0.693202 -0.224013 0.685047
vn 0.413544 0.15267 0.897593
vn 0.423581 0.282844 0.860569
vn 0.406274 0.210178 0.889251
vn 0.440876 0.401151 0.802936
vn 0.121925 0.438818 0.890266
vn 0.370864 0.366674 0.853235
vn 0.326977 0.355404 0.875656
vn 0.416081 0.145879 0.89755
vn -0.656413 0.146953 0.73995
vn -0.573946 0.200619 0.793938
vn -0.53697 0.226849 0.812528
vn -0.768179 -0.63139 0.106053
vn -0.59028 0.135153 0.795804
vn 0.420209 0.198285 0.885498
vn 0.416655 0.305807 0.856085
vn 0.401051 0.13124 0.906606
vn 0.136995 0.177291 0.974577
vn 0.209683 0.117513 0.970682
vn 0.387446 0.324008 0.863078
vn -0.0396011 -0.114429 0.992642
vn 0.242717 -0.0117985 0.970025
vn 0.370618 0.366929 0.853233
vn 0.415941 0.376377 0.827849
vn -0.0289885 -0.862038 0.506014
vn -0.147008 -0.836253 0.52827
vn -0.144601 -0.910925 0.3864
vn -0.386539 0.261308 0.884481
vn 0.33435 -0.53217 0.777821
vn -0.382201 -0.729463 0.56728
vn 0.517927 0.2907 0.804516
vn 0.354168 0.167478 0.920063
vn -0.232578 -0.844889 0.481737
vn -0.99566 -0.00162087 -0.0930551
vn -0.986605 0.152194 0.0587149
vn -0.412811 0.0628655 0.908644
vn 0.0381112 0.0711791 0.996735
vn -0.222298 0.170742 0.959912
vn 0.406935 0.256448 0.87672
vn 0.339386 0.1256 0.932224
vn 0.306035 0.145884 0.940776
vn 0.401508 0.0945928 0.910958
vn -0.642371 -0.746768 0.172326
vn -0.792662 -0.607112 -0.0556944
vn -0.803286 -0.58403 -0.11679
vn -0.944407 -0.201054 0.260142
vn -0.960793 -0.273632 -0.044755
vn -0.895682 -0.444268 -0.0194574
vn -0.981319 -0.115085 -0.154167
vn -0.999126 -0.0360452 0.0211767
vn -0.399954 -0.159926 0.902475
vn -0.6141 -0.456038 0.644135
vn -0.918172 0.39332 -0.0475393
vn -0.932841 0.360121 -0.0109919
vn -0.887622 0.460566 0.00235144
vn -0.913048 0.406546 -0.0326243
vn -0.883586 0.265595 0.385661
vn -0.86511 0.20891 0.456006
vn -0.923708 0.370019 -0.0992429
vn -0.930716 0.358559 -0.0721358
vn -0.933121 0.358818 0.023122
vn -0.901431 0.393875 0.179679
vn -0.939759 0.341683 0.0102939
vn -0.906355 0.349453 0.237492
vn -0.980022 0.168727 0.105301
vn -0.935155 0.330453 0.127618
vn -0.995701 0.0925432 0.00397649
vn -0.878681 0.470656 0.0800181
vn -0.81926 0.572672 0.0293193
vn -0.901543 -0.107305 0.419173
vn -0.987702 0.110023 0.111086
vn -0.99303 -0.116424 -0.0183447
vn -0.989744 -0.00747742 -0.142654
vn -0.365359 0.294135 0.883175
vn -0.609642 0.126472 0.782522
vn 0.178975 0.557731 0.810496
vn 0.080078 0.206208 0.975226
vn -0.287914 -0.799592 0.527028
vn -0.288037 0.256428 0.922648
vn 0.0477357 0.359632 0.931873
vn -0.0150985 0.21208 0.977136
vn -0.0742848 0.609039 0.789654
vn 0.10531 -0.263 0.959031
vn -0.426359 0.305516 0.851397
vn -0.200436 0.399513 0.894547
vn -0.662128 0.0112469 0.749307
vn 0.232448 0.0158887 0.972479
vn 0.458093 -0.00937883 0.888855
vn -0.601795 0.236019 0.76298
vn -0.645335 0.0462391 0.762499
vn 0.493152 -0.0371734 0.869148
vn 0.473793 -0.0702159 0.877832
vn 0.0189992 -0.0345062 0.999224
vn -0.17985 -0.0349449 0.983073
vn -0.528843 -0.0132763 0.848616
vn -0.620797 0.0657036 0.781213
vn 0.0467475 0.00517725 0.998893
vn -0.437111 0.287623 0.852178
vn -0.378333 0.325089 0.866707
vn -0.345067 0.276994 0.896774
vn -0.259042 0.291509 0.920825
vn -0.290027 0.339633 0.894725
vn -0.375993 0.29483 0.878467
vn -0.39469 0.289871 0.871891
vn -0.423115 0.315212 0.849479
vn -0.324927 0.228939 0.917611
vn -0.26137 0.276754 0.924712
vn -0.170601 0.080558 0.982042
vn -0.309944 0.241849 0.91948
vn -0.259261 0.132016 0.956742
vn -0.319651 0.193618 0.927543
vn -0.222699 0.0794457 0.971645
vn -0.230879 0.101479 0.967676
vn -0.216276 0.211087 0.95324
vn -0.261029 0.224117 0.938954
vn -0.265059 0.185364 0.946247
vn -0.375101 0.170736 0.911125
vn -0.245574 0.00865166 0.969339
vn -0.24358 0.190161 0.951056
vn -0.357786 0.231341 0.904694
vn -0.310028 0.253201 0.916391
vn -0.284437 0.190975 0.939481
vn -0.204782 -0.00346024 0.978802
vn -0.261797 0.194452 0.945331
vn -0.24513 0.190576 0.950575
vn -0.220406 0.201069 0.954459
vn -0.310179 0.111836 0.944077
vn -0.244613 0.329479 0.911925
vn -0.227523 0.00551963 0.973757
vn -0.155107 -0.0085851 0.98786
vn -0.223413 0.190103 0.956006
vn -0.203428 -0.0287831 0.978667
vn -0.214756 -0.0280493 0.976265
vn -0.186634 0.00718857 0.982403
vn -0.2766 0.103517 0.955394
vn -0.226811 0.205697 0.951969
vn -0.214452 0.0426015 0.975805
vn -0.134107 -0.0351741 0.990342
vn -0.228359 0.106547 0.967729
vn -0.239982 0.128981 0.962171
vn -0.240965 0.161039 0.95708
vn -0.216898 0.0831768 0.972644
vn -0.124522 0.0845576 0.988607
vn -0.0988847 0.0677447 0.99279
vn -0.0650115 0.110567 0.99174
vn -0.197146 0.0503272 0.979081
vn -0.225939 0.143492 0.963515
vn -0.20705 0.109814 0.972148
vn -0.151603 0.113573 0.981895
vn -0.16796 0.0723448 0.983136
vn -0.182869 0.102937 0.977733
vn -0.161774 0.181252 0.97004
vn -0.187924 0.145039 0.971416
vn -0.213753 0.0961012 0.972149
vn -0.299327 0.0297004 0.953688
vn -0.268186 0.242876 0.932249
vn -0.125861 0.0863588 0.988282
vn -0.114055 0.0960123 0.988824
vn -0.179505 0.173329 0.968367
vn -0.0196971 0.130455 0.991259
vn -0.0945852 0.130142 0.986973
vn -0.208346 0.108693 0.971997
vn -0.129803 0.0476399 0.990395
vn -0.134797 0.0355375 0.990236
vn -0.145881 0.148494 0.978094
vn -0.237533 0.143618 0.960704
vn -0.176122 0.113563 0.977796
vn -0.133648 0.0624381 0.98906
vn -0.154456 0.21784 0.963685
vn -0.202726 0.151213 0.96749
vn -0.188706 0.0724509 0.979357
vn -0.17346 0.0522155 0.983456
vn -0.159908 0.0322183 0.986606
vn -0.182898 0.061498 0.981207
vn -0.123424 0.0545927 0.990851
vn -0.18407 0.111803 0.976534
vn -0.132182 0.167746 0.976928
vn -0.0940021 0.126308 0.987527
vn -0.107509 0.0730118 0.99152
vn -0.106704 0.0314112 0.993795
vn -0.0831617 0.119331 0.989366
vn -0.14342 0.075281 0.986795
vn -0.194627 0.0264167 0.980522
vn -0.109777 0.0369099 0.993271
vn -0.103604 0.0445953 0.993618
vn 0.422616 -0.510612 0.74878
vn 0.456885 -0.521592 0.720554
vn 0.404895 -0.555225 0.726488
vn 0.804296 -0.288474 0.51951
vn 0.79096 -0.264691 0.551652
vn 0.821957 -0.205464 0.531197
vn -0.344935 0.420746 0.839043
vn -0.304431 0.355082 0.883877
vn -0.366137 0.353995 0.860599
vn -0.332072 0.368857 0.868143
vn -0.228916 -0.362125 0.903583
vn -0.290758 -0.422015 0.858698
vn -0.407602 -0.203772 0.890133
vn -0.447603 0.197973 0.872043
vn -0.492121 0.137011 0.859677
vn -0.439518 0.333158 0.834164
vn 0.781957 -0.181686 0.596266
vn 0.763114 -0.227956 0.604725
vn 0.814004 -0.196173 0.54673
vn -0.342346 0.356963 0.869124
vn -0.322302 0.378719 0.867579
vn -0.354424 0.236605 0.904656
vn -0.583461 -0.456633 0.67161
vn -0.53982 -0.272376 0.796496
vn -0.491049 -0.545674 0.679052
vn -0.880232 -0.266683 0.39252
vn -0.846677 -0.143534 0.512383
vn -0.819411 -0.316349 0.478005
vn -0.316937 0.34851 0.882095
vn -0.237975 0.347161 0.907109
vn 0.621765 -0.20741 0.755241
vn 0.625789 -0.295985 0.721652
vn 0.641803 -0.190502 0.742831
vn 0.679532 -0.208224 0.703477
vn -0.190086 -0.171955 0.966591
vn -0.236785 0.130172 0.962802
vn -0.321766 -0.178728 0.929797
vn -0.322453 -0.284043 0.902964
vn 0.708676 -0.302232 0.637522
vn 0.596335 -0.344303 0.725148
vn 0.709057 -0.250263 0.659247
vn -0.177826 0.254068 0.950698
vn -0.267489 0.00129956 0.96356
vn -0.238826 0.347025 0.906938
vn -0.196889 -0.510731 0.836892
vn -0.279585 -0.583831 0.762216
vn 0.776819 -0.22337 0.588777
vn -0.39618 0.316949 0.861733
vn -0.339235 0.258371 0.904524
vn -0.402601 0.171415 0.899183
vn 0.66251 -0.310127 0.681838
vn 0.597107 -0.291529 0.747311
vn -0.389384 0.161806 0.906752
vn -0.395734 0.294182 0.869972
vn -0.346131 0.0159251 0.938051
vn 0.64364 -0.34667 0.68231
vn 0.609197 -0.362296 0.705422
vn 0.772324 -0.278094 0.571121
vn 0.774431 -0.241502 0.584751
vn 0.619019 -0.441673 0.649415
vn 0.624458 -0.280235 0.729054
vn 0.639715 -0.266163 0.721056
vn 0.697639 -0.392154 0.599596
vn -0.527466 -0.422971 0.736801
vn -0.568239 -0.2258 0.791277
vn -0.501038 -0.241519 0.831042
vn -0.340707 0.269914 0.900592
vn 0.369369 -0.40685 0.835488
vn 0.428397 -0.410962 0.804728
vn 0.339092 -0.394319 0.854125
vn 0.636076 -0.439745 0.63406
vn 0.648963 -0.433181 0.625461
vn 0.655721 -0.405301 0.636993
vn 0.546931 -0.449895 0.706018
vn 0.503439 -0.567761 0.651304
vn 0.567638 -0.525622 0.633647
vn 0.612389 -0.266847 0.744159
vn 0.578982 -0.491345 0.650661
vn 0.518694 -0.568996 0.638122
vn 0.440503 -0.404847 0.801284
vn 0.367041 -0.481283 0.79602
vn 0.42484 -0.501707 0.753526
vn 0.437601 -0.473302 0.76452
vn 0.44958 -0.54526 0.707509
vn 0.492274 -0.554225 0.671194
vn 0.542279 -0.451846 0.708356
vn 0.442902 -0.575179 0.687755
vn 0.527773 -0.457543 0.715619
vn -0.359572 0.311186 0.879699
vn -0.827567 0.0335284 0.560365
vn -0.858668 -0.265638 0.438322
vn 0.436089 -0.518674 0.735394
vn 0.549892 -0.356332 0.755411
vn 0.60268 -0.38697 0.697876
vn -0.125418 -0.316408 0.940296
vn 0.435153 -0.57077 0.696322
vn 0.510154 -0.447558 0.734462
vn -0.223047 0.451916 0.863726
vn 0.505425 -0.413718 0.757221
vn 0.40668 -0.433974 0.803914
vn -0.391462 -0.403388 0.827065
vn -0.471516 -0.266979 0.840473
vn -0.30137 -0.282922 0.910566
vn -0.513828 -0.220828 0.828985
vn -0.518522 -0.347592 0.781226
vn -0.611438 -0.202692 0.764892
vn 0.674484 -0.357826 0.64578
vn -0.111048 -0.101848 0.988583
vn -0.156018 -0.157498 0.975117
vn -0.201019 -0.0261134 0.979239
vn 0.0152403 0.00656687 0.999862
vn 0.0724288 0.00197246 0.997372
vn 0.0971272 -0.0803671 0.992022
vn -0.395743 0.0296485 0.917883
vn -0.57367 0.0199342 0.818844
vn -0.377931 0.182746 0.907619
vn 0.19975 0.140575 0.969711
vn 0.237683 0.282328 0.929407
vn 0.18349 0.109799 0.97687
vn -0.336709 0.305762 0.890582
vn -0.299068 0.188367 0.935455
vn -0.279247 0.386058 0.879193
vn -0.548723 -0.0490518 0.834564
vn -0.628491 -0.11681 0.768996
vn -0.69936 0.0558376 0.712585
vn -0.401105 0.182449 0.897679
vn -0.310362 0.157579 0.937467
vn -0.475172 0.10057 0.874126
vn 0.0328039 0.496938 0.867166
vn -0.0366157 0.472983 0.880311
vn -0.514121 -0.129875 0.847828
vn -0.447592 -0.188892 0.87406
vn -0.0516072 -0.042814 0.997749
vn -0.0310236 -0.196969 0.979919
vn -0.128658 -0.156606 0.979246
vn -0.112743 -0.112075 0.987283
vn -0.258081 -0.0176957 0.965961
vn -0.130031 0.0961924 0.986833
vn -0.391176 0.193308 0.899785
vn -0.2376 0.156855 0.958615
vn -0.278162 0.162165 0.946746
vn -0.0388848 -0.426933 0.903447
vn -0.142662 -0.58648 0.797301
vn -0.238899 -0.364324 0.900109
vn -0.479049 -0.137008 0.86703
vn 0.00824357 -0.00524156 0.999952
vn 0.0228252 0.0909511 0.995594
vn 0.276541 -0.00733908 0.960974
vn -0.26609 0.38238 0.884862
vn -0.111422 0.419485 0.900898
vn -0.0806177 0.448945 0.889915
vn -0.106911 0.370471 0.922671
vn 0.0452555 -0.264582 0.963301
vn 0.0583757 -0.212618 0.97539
vn 0.0113574 -0.0554802 0.998395
vn -0.331371 0.0741445 0.940583
vn -0.586173 -0.0389718 0.809248
vn -0.469007 -0.0680762 0.880567
vn -0.239376 0.0806862 0.967568
vn -0.070006 0.377692 0.923281
vn -0.169311 0.316365 0.933406
vn -0.0392128 0.28976 0.956296
vn -0.197642 0.240266 0.950374
vn -0.229175 0.201838 0.952229
vn 0.0598685 0.513576 0.855953
vn -0.0544511 0.505088 0.861348
vn -0.0676771 0.516555 0.853575
vn 0.0708681 -0.0581139 0.995791
vn 0.11426 0.158135 0.980784
vn 0.0518008 0.0413412 0.997801
vn -0.440805 -0.0333735 0.896982
vn -0.44109 -0.0962379 0.892288
vn -0.0341976 0.195152 0.980177
vn 0.057243 0.131257 0.989694
vn 0.0933556 0.446301 0.89
vn 0.140778 0.466864 0.873052
vn 0.143052 0.41207 0.899853
vn -0.172425 0.135897 0.975603
vn -0.184251 -0.116405 0.975962
vn -0.189761 -0.360088 0.913415
vn -0.577825 -0.187446 0.794344
vn -0.595722 -0.00370237 0.803182
vn -0.544473 0.00419682 0.838768
vn -0.212349 0.231748 0.949316
vn -0.104896 0.187804 0.976589
vn -0.0155344 0.448893 0.89345
vn -0.0265956 0.409636 0.911861
vn -0.0126723 0.433769 0.900935
vn -0.0902128 0.464926 0.880741
vn -0.172432 0.091905 0.980725
vn -0.353701 0.0150774 0.935237
vn 0.0558397 -0.0969767 0.993719
vn 0.0196114 0.00443676 0.999798
vn -0.23455 -0.149827 0.960489
vn -0.412179 0.146815 0.899196
vn -0.309212 0.10639 0.945023
vn -0.339868 0.112542 0.933715
vn -0.222036 0.235665 0.94613
vn 0.00272488 -0.0570701 0.998366
vn -0.22663 0.279109 0.933133
vn -0.235785 0.271604 0.933079
vn -0.22106 0.294945 0.929591
vn 0.376614 -0.399321 0.835885
vn 0.00546563 -0.11181 0.993715
vn 0.0458136 -0.128244 0.990684
vn 0.0352185 -0.11232 0.993048
vn -0.0658488 0.375539 0.924465
vn 0.0302579 0.517254 0.855297
vn 0.0250258 0.499551 0.865923
vn -0.179228 -0.483919 0.856563
vn -0.375226 -0.00495028 0.92692
vn -0.56073 0.0874832 0.823364
vn -0.460432 0.0171918 0.887529
vn -0.0090964 0.0731087 0.997283
vn -0.0362962 0.338452 0.940283
vn 0.0123541 0.308565 0.951123
vn 0.0343618 -0.0625347 0.997451
vn 0.165138 0.107234 0.980424
vn -0.665709 -0.161175 0.728597
vn -0.0362742 0.015461 0.999222
vn 0.0725754 -0.0883135 0.993445
vn -0.0416396 -0.106072 0.993486
vn 0.0230864 -0.0836356 0.996229
vn -0.0999374 -0.230903 0.967831
vn 0.239453 0.277428 0.930428
vn -0.279885 0.201694 0.938608
vn -0.257253 0.170326 0.951215
vn -0.379806 0.16329 0.91054
vn -0.145345 0.551031 0.82173
vn -0.140917 0.582362 0.800623
vn -0.047533 -0.109981 0.992796
vn 0.110398 -0.174784 0.978398
vn 0.191479 -0.0582447 0.979767
vn -0.131321 -0.11103 0.985103
vn -0.0254838 -0.0279552 0.999284
vn 0.0492195 0.0302363 0.99833
vn 0.113356 -0.0398754 0.992754
vn -0.288743 0.371072 0.882572
vn -0.410245 0.286152 0.865919
vn 0.173975 0.143325 0.974264
vn 0.00884176 0.132879 0.991093
vn -0.215693 0.316471 0.923755
vn -0.378153 -0.036485 0.925024
vn -0.351333 0.0489913 0.934968
vn -0.683132 -0.700842 0.205307
vn -0.583485 -0.7328 0.350071
vn -0.745815 -0.543035 0.385841
vn -0.245344 0.0946042 0.964809
vn -0.164635 0.451071 0.877172
vn -0.0702444 0.334568 0.93975
vn 0.186856 0.402128 0.896314
vn 0.12071 0.37992 0.917109
vn -0.348893 0.352876 0.868189
vn 0.0160423 -0.435288 0.900148
vn 0.0232103 -0.111151 0.993532
vn 0.24116 -0.14883 0.959005
vn -0.417259 0.327889 0.847575
vn -0.374414 0.136467 0.917165
vn -0.143404 0.237074 0.960849
vn 0.0468408 -0.112293 0.992571
vn -0.0222529 -0.143323 0.989426
vn -0.139461 0.207527 0.968237
vn 0.198499 0.258665 0.945352
vn -0.33186 -0.105179 0.937447
vn -0.424321 -0.179229 0.887597
vn -0.478979 -0.110206 0.870881
vn -0.316911 0.123738 0.940349
vn 0.0565132 0.449729 0.891375
vn 0.113037 0.420993 0.899993
vn 0.106835 0.445705 0.888782
vn -0.135571 -0.131932 0.981944
vn -0.06803 0.317389 0.945852
vn -0.202632 0.0181504 0.979087
vn -0.000929155 -0.163899 0.986477
vn -0.092306 -0.248482 0.964228
vn 0.0176223 0.154486 0.987838
vn 0.0791149 0.158146 0.984241
vn -0.0566332 0.214168 0.975154
vn -0.758845 -0.168434 0.629114
vn -0.326692 -0.483362 0.812178
vn -0.314907 -0.373541 0.872526
vn -0.110551 0.0116942 0.993802
vn -0.201305 0.271387 0.941183
vn 0.0346236 0.355734 0.933946
vn 0.0480722 0.351159 0.935081
vn -0.0837124 -0.134534 0.987367
vn 0.185475 -0.141558 0.972399
vn 0.140376 -0.103664 0.984656
vn -0.428044 -0.369978 0.824557
vn -0.481485 0.122237 0.867889
vn -0.416815 0.140915 0.898002
vn -0.501067 0.163998 0.849727
vn -0.399711 0.12891 0.907531
vn 0.24854 -0.199007 0.947958
vn 0.415787 -0.0528934 0.907923
vn 0.250809 0.025415 0.967703
vn -0.0517671 -0.576365 0.815551
vn -0.288289 0.304477 0.907845
vn -0.287377 0.311087 0.905892
vn 0.117144 0.454638 0.882939
vn 0.0441699 0.482843 0.874592
vn 0.204602 0.21976 0.953857
vn 0.157262 0.290055 0.944
vn 0.217505 0.232891 0.947868
vn 0.424249 0.103229 0.899643
vn 0.519222 0.0543923 0.852907
vn 0.353641 0.0273646 0.934981
vn -0.106731 0.33643 0.935641
vn -0.124273 0.261431 0.957189
vn -0.157642 0.254084 0.954249
vn -0.539236 0.144307 0.829699
vn -0.580361 0.0693522 0.811401
vn 0.0930391 -0.125868 0.987675
vn 0.0906855 -0.159114 0.983086
vn 0.189283 -0.226369 0.955473
vn 0.246287 -0.146276 0.958095
vn 0.0956969 0.250264 0.963437
vn 0.136141 0.135752 0.981345
vn 0.0532621 0.169305 0.984123
vn 0.188441 -0.217147 0.957777
vn -0.481966 0.171757 0.859191
vn 0.121586 0.113666 0.986051
vn -0.441677 0.185542 0.877779
vn -0.125881 0.429282 0.894355
vn 0.143976 -0.145768 0.978786
vn 0.224527 0.0669406 0.972166
vn 0.289685 0.0374928 0.956387
vn 0.340997 -0.0237837 0.939763
vn 0.14866 -0.092289 0.984572
vn 0.0226778 -0.0972643 0.995
vn 0.0687152 -0.0860665 0.993917
vn 0.290872 0.190724 0.937559
vn 0.265991 -0.142886 0.953327
vn 0.310113 -0.0594065 0.948842
vn 0.295012 -0.114087 0.948658
vn -0.0377303 0.352289 0.93513
vn -0.0541838 0.392179 0.918292
vn -0.178289 0.495275 0.850245
vn -0.193233 0.447357 0.873232
vn -0.266927 0.500555 0.823526
vn 0.0887108 0.50768 0.856966
vn 0.185876 0.32999 0.925503
vn 0.228334 0.393642 0.890455
vn -0.127999 -0.295647 0.946683
vn -0.0716274 0.445427 0.892448
vn -0.00549912 0.483631 0.875255
vn -0.0451843 0.210362 0.976579
vn 0.0108968 0.230935 0.972908
vn -0.0282163 0.0817901 0.99625
vn 0.00575968 0.226558 0.973981
vn -0.0169879 0.269243 0.962923
vn -0.00855973 0.134242 0.990912
vn -0.351258 0.293756 0.889002
vn 0.119924 -0.101475 0.987583
vn 0.0927193 -0.49942 0.861384
vn 0.268029 -0.0667389 0.961096
vn 0.314115 -0.179939 0.932177
vn 0.440943 -0.274866 0.854411
vn 0.0883746 0.210766 0.973534
vn -0.00234384 -0.385392 0.92275
vn 0.177988 -0.000542821 0.984033
vn -0.339906 -0.444153 0.828971
vn -0.404669 -0.185849 0.895379
vn -0.102786 0.402516 0.909624
vn -0.0733598 -0.0860132 0.99359
vn 0.190326 0.289955 0.937924
vn -0.0796202 -0.322326 0.943274
vn 0.0708379 -0.0492836 0.99627
vn -0.529319 0.154773 0.834186
vn -0.543969 0.203097 0.814155
vn -0.00133203 -0.258586 0.965987
vn 0.16127 0.421072 0.892575
vn 0.206948 0.351247 0.913125
vn -0.0145553 0.226045 0.974008
vn -0.138401 0.43 0.892157
vn -0.378243 0.24498 0.892702
vn -0.0486191 -0.00479694 0.998806
vn 0.0810802 -0.0726409 0.994057
vn -0.249417 -0.721522 0.645908
vn 0.0541889 -0.577622 0.814504
vn -0.490301 0.146631 0.85913
vn 0.0610718 0.235878 0.969862
vn 0.0195769 -0.0977605 0.995017
vn 0.127479 -0.0220541 0.991596
vn 0.199619 0.366609 0.908708
vn 0.0611355 -0.0995242 0.993155
vn -0.157637 -0.0683998 0.985125
vn -0.596117 0.149026 0.788946
vn -0.193872 0.39886 0.896284
vn -0.306116 0.28868 0.90717
vn -0.377014 -0.241628 0.894134
vn -0.533678 -0.309473 0.787028
vn 0.272451 0.480277 0.833729
vn 0.270187 0.383368 0.883192
vn 0.195181 0.40624 0.892678
vn -0.0912197 0.364624 0.926676
vn -0.089336 0.493486 0.865154
vn -0.0239916 0.221922 0.974769
vn -0.0435335 0.333571 0.941719
vn -0.0350154 0.413616 0.909778
vn 0.162654 -0.172605 0.971469
vn 0.12839 -0.118197 0.984655
vn -0.322421 0.141373 0.93598
vn -0.153144 0.365838 0.917992
vn -0.289543 0.183904 0.939332
vn -0.0911668 0.459609 0.88343
vn 0.174821 -0.294293 0.93959
vn 0.27237 -0.552303 0.787894
vn -0.186654 0.518953 0.834175
vn 0.0637734 0.37416 0.925169
vn 0.0803962 0.330572 0.94035
vn 0.0171837 0.289827 0.956925
vn -0.142183 0.33368 0.931902
vn 0.168741 -0.025014 0.985343
vn 0.187992 -0.00042589 0.982171
vn 0.314192 -0.149206 0.937561
vn 0.12268 -0.26307 0.956945
vn 0.0291859 -0.0696425 0.997145
vn -0.0757339 -0.0130464 0.997043
vn 0.135466 0.35073 0.926627
vn 0.147687 0.233884 0.960982
vn 0.205662 0.409711 0.88873
vn 0.177459 0.419875 0.890064
vn -0.0458539 0.0241125 0.998657
vn -0.057533 0.031929 0.997833
vn 0.0635763 0.0403993 0.997159
vn -0.0369567 0.191801 0.980738
vn -0.0607973 -0.25859 0.964072
vn 0.0715641 0.430696 0.899655
vn -0.18395 -0.148004 0.971729
vn 0.0936119 0.472526 0.876331
vn 0.056095 0.509134 0.858857
vn -0.0653537 0.208973 0.975735
vn 0.000690418 0.27082 0.96263
vn 0.0881517 0.265023 0.960204
vn -0.0535994 0.201434 0.978035
vn -0.0718047 0.22905 0.970763
vn 0.132812 0.264611 0.955166
vn 0.104554 0.298105 0.94879
vn 0.0150602 0.301285 0.953415
vn 0.496804 0.12002 0.859523
vn 0.43885 0.259158 0.860377
vn 0.147212 0.275768 0.949884
vn 0.373282 -0.240962 0.895878
vn 0.468595 -0.237239 0.850962
vn -0.0160486 0.27423 0.96153
vn -0.0784663 0.279026 0.957072
vn 0.434756 0.298326 0.849699
vn -0.0566611 0.248419 0.966994
vn 0.577491 0.11542 0.808197
vn -0.11707 0.498557 0.858915
vn -0.163627 0.155037 0.974264
vn -0.0078479 -0.675758 0.737081
vn 0.123018 -0.700581 0.702889
vn 0.239116 0.139431 0.960928
vn -0.103909 -0.180379 0.978093
vn -0.0351707 0.37818 0.925064
vn 0.105926 0.269556 0.957141
vn 0.00698839 0.296475 0.955015
vn 0.0511644 0.346019 0.936832
vn 0.0579876 0.298645 0.952601
vn -0.260263 0.176792 0.949214
vn -0.769676 0.227993 0.596337
vn -0.702479 0.450884 0.550661
vn -0.628742 0.429085 0.648513
vn 0.0976631 0.0558361 0.993652
vn 0.134066 0.206384 0.969243
vn 0.053895 -0.107664 0.992725
vn 0.0182372 -0.0866617 0.996071
vn 0.190187 -0.0177899 0.981587
vn -0.0791949 -0.0576141 0.995193
vn 0.0243817 -0.376546 0.926077
vn -0.193727 -0.526332 0.827916
vn -0.0651061 -0.576852 0.81425
vn -0.0801961 -0.502426 0.860893
vn -0.00539848 -0.43936 0.898295
vn -0.146378 -0.0623797 0.98726
vn -0.245113 -0.171485 0.954208
vn 0.0394254 -0.151366 0.987691
vn -0.0541531 -0.0990203 0.993611
vn -0.308797 -0.209611 0.927743
vn 0.0287725 0.0163976 0.999452
vn -0.384178 -0.4333 0.815266
vn -0.221709 -0.338909 0.914323
vn 0.0931938 -0.381857 0.919511
vn 0.0639229 -0.491669 0.868433
vn -0.0885052 -0.404048 0.910446
vn 0.0176387 -0.129152 0.991468
vn -0.33678 -0.462822 0.819985
vn 0.231685 -0.318721 0.919097
vn 0.0660314 -0.0355699 0.997183
vn -0.231194 -0.348196 0.908465
vn -0.10218 0.0339551 0.994186
vn -0.060204 -0.000564551 0.998186
vn -0.0705643 -0.23597 0.969195
vn 0.0989689 -0.123091 0.987448
vn 0.00176306 -0.16512 0.986272
vn 0.227612 -0.26142 0.938004
vn 0.146245 -0.213632 0.965906
vn 0.0905124 -0.118894 0.988773
vn -0.0890033 -0.00322787 0.996026
vn -0.163726 -0.326661 0.930852
vn -0.0650814 -0.254654 0.96484
vn -0.0553559 -0.0142534 0.998365
vn -0.0672042 0.0306684 0.997268
vn 0.0734126 0.0383122 0.996566
vn 0.104216 -0.0597429 0.992759
vn 0.169116 -0.0634991 0.983549
vn 0.0655003 -0.0492796 0.996635
vn 0.0898138 -0.0216723 0.995723
vn -0.216782 0.231777 0.948306
vn 0.0348949 -0.13251 0.990567
vn -0.038669 -0.0140448 0.999153
vn 0.0061289 0.0271261 0.999613
vn -0.0783626 0.0489236 0.995724
vn 0.0714661 0.0263345 0.997095
vn -0.0129947 0.26413 0.9644
vn -0.119062 0.343295 0.931651
vn -0.174284 0.268254 0.947452
vn -0.100494 0.0300811 0.994483
vn -0.0854198 -0.0192193 0.99616
vn 0.122484 -0.0339898 0.991888
vn -0.0464922 -0.256598 0.965399
vn -0.174508 0.271661 0.946439
vn 0.0618009 -0.113996 0.991557
vn 0.0653171 -0.167985 0.983623
vn 0.0913072 -0.146923 0.984925
vn 0.0750706 -0.116342 0.990368
vn -0.047519 0.0195408 0.998679
vn -0.0177778 0.0163374 0.999709
vn -0.0124049 0.00831764 0.999888
vn -0.0584159 0.0638909 0.996246
vn -0.036677 -0.0232673 0.999056
vn -0.049457 -0.00661517 0.998754
vn -0.104519 0.0669105 0.99227
vn -0.18409 0.097 0.978111
vn -0.210381 0.156066 0.965082
vn -0.231757 0.163838 0.958877
vn -0.206354 0.173494 0.962974
vn -0.0681752 0.0505778 0.996391
vn -0.0605631 0.0812573 0.994851
vn -0.0823819 0.0917432 0.992369
vn -0.0380941 0.0477769 0.998131
vn -0.188367 0.255998 0.948147
vn -0.163799 0.148384 0.97527
vn -0.246588 0.275814 0.929043
vn -0.0886984 0.169717 0.981493
vn -0.0391526 0.186316 0.981709
vn 0.0572298 0.192267 0.979672
vn 0.00218027 0.172785 0.984957
vn -0.266875 0.322686 0.908103
vn -0.0690517 0.171672 0.982731
vn -0.023514 0.176598 0.984002
vn -0.0518471 0.0452812 0.997628
vn -0.0396601 0.12632 0.991197
vn -0.0644836 0.139644 0.9881
vn -0.0293225 0.110058 0.993493
vn -0.0470375 0.04906 0.997688
vn -0.00866669 -0.00665574 0.99994
vn -0.059628 0.08629 0.994484
vn -0.159351 0.0693133 0.984786
vn -0.127026 -0.01858 0.991725
vn -0.0794025 -0.0811687 0.993533
vn -0.090563 0.000709945 0.995891
vn -0.0332384 0.0608752 0.997592
vn 0.0404116 0.0316413 0.998682
vn -0.0554899 0.0654834 0.99631
vn -0.0314359 0.0251516 0.999189
vn 0.0176332 0.0339532 0.999268
vn 0.00310117 -0.0138079 0.9999
vn -0.0686617 0.111619 0.991376
vn -0.0341789 0.106899 0.993682
vn 0.0279297 -0.0268082 0.99925
vn -0.0763382 0.0185355 0.99691
vn -0.111643 -0.0215761 0.993514
vn -0.0466153 -0.000962133 0.998912
vn 0.00237829 -0.0476331 0.998862
vn -0.300009 0.330134 0.894989
vn -0.376013 0.329535 0.866038
vn -0.0879134 0.0314528 0.995631
vn -0.11734 0.00923699 0.993049
vn -0.00272987 0.00563308 0.99998
vn -0.0724459 0.0462437 0.9963
vn -0.0825351 0.0379711 0.995865
vn 0.0277281 -0.00904572 0.999575
vn 0.0542648 -0.0516619 0.997189
vn 0.467835 -0.0960912 0.878577
vn 0.46064 -0.0828468 0.883712
vn 0.560744 -0.0137813 0.827875
vn 0.548838 -0.214294 0.807994
vn 0.565758 -0.346569 0.748203
vn 0.485329 -0.454193 0.747104
vn 0.475381 0.0307918 0.879241
vn 0.471106 0.0173578 0.881906
vn 0.49223 0.00547374 0.870448
vn 0.231152 -0.103797 0.967365
vn 0.317351 -0.176224 0.93179
vn 0.152746 -0.240506 0.958554
vn 0.379745 0.0333022 0.924492
vn 0.351247 -0.0657817 0.933969
vn 0.31924 -0.0113204 0.947606
vn 0.445869 -0.0959691 0.889939
vn 0.359845 0.104051 0.927192
vn 0.328662 0.0777208 0.941244
vn 0.368374 -0.0098487 0.929626
vn 0.327199 -0.0370903 0.944227
vn 0.429327 -0.0332012 0.902538
vn 0.413541 -0.0846003 0.906547
vn 0.394357 -0.116958 0.911484
vn 0.446063 -0.0954568 0.889897
vn 0.514252 -0.276334 0.811901
vn 0.375387 0.015164 0.926744
vn 0.401257 -0.0267843 0.915574
vn 0.292841 -0.0449624 0.955103
vn 0.381406 -0.0797249 0.920963
vn 0.534788 -0.240753 0.809963
vn 0.401443 -0.405647 0.821154
vn 0.42893 -0.0117394 0.903261
vn 0.319978 0.0437654 0.946414
vn 0.355994 0.00298125 0.934484
vn 0.362008 0.0856253 0.928234
vn 0.42542 -0.0381633 0.904191
vn 0.40346 -0.289417 0.86802
vn 0.490355 -0.251535 0.834435
vn 0.366976 -0.498909 0.785123
vn 0.568756 -0.257919 0.781021
vn 0.332011 -0.183646 0.925226
vn 0.435763 -0.0758892 0.896857
vn 0.327049 -0.0168912 0.944856
vn 0.463657 -0.026349 0.885623
vn 0.408514 0.0256963 0.91239
vn 0.363897 0.0744161 0.928462
vn 0.388604 0.00562653 0.921388
vn 0.445757 -0.264768 0.855102
vn 0.511488 -0.300787 0.804927
vn 0.455073 -0.0240469 0.89013
vn 0.408166 0.0316994 0.912357
vn 0.532219 -0.199956 0.822655
vn 0.442865 0.0020914 0.896586
vn 0.463361 0.0475582 0.884893
vn 0.518204 -0.0971415 0.849722
vn 0.487738 -0.00993804 0.872934
vn 0.485449 0.00320703 0.874259
vn 0.344683 -0.156599 0.925565
vn 0.456985 -0.0473661 0.888212
vn 0.434276 -0.22614 0.871932
vn 0.558513 -0.125075 0.820012
vn 0.434984 0.0301725 0.899933
vn 0.47655 0.0406268 0.878208
vn 0.6022 0.0333651 0.797648
vn 0.410977 0.0766504 0.908418
vn 0.47573 0.0247236 0.879244
vn 0.491672 -0.00467232 0.870768
vn 0.392634 -0.00567173 0.919677
vn 0.431414 0.0358238 0.901443
vn 0.515868 -0.0106006 0.856602
vn 0.499843 0.00268684 0.866112
vn 0.484931 0.0321939 0.87396
vn 0.543444 0.103261 0.83307
vn 0.593444 0.0176407 0.804682
vn 0.528199 0.0611613 0.846915
vn 0.537281 0.0153013 0.843264
vn 0.505446 0.040525 0.861906
vn 0.533518 -0.0139282 0.845674
vn 0.515762 0.0156869 0.856588
vn 0.508295 0.0179743 0.860995
vn 0.54172 0.0596543 0.838439
vn 0.486479 0.0528988 0.87209
vn 0.471265 0.061929 0.879815
vn 0.367811 0.0144039 0.929789
vn 0.407487 0.0450768 0.912098
vn 0.456847 0.019394 0.889334
vn 0.432892 0.0439099 0.900376
vn 0.45077 -0.0471518 0.891394
vn 0.362249 -0.0199826 0.931867
vn 0.620956 0.126344 0.773596
vn 0.593907 0.0965451 0.79872
vn 0.588165 0.16786 0.791129
vn 0.437693 0.0826303 0.89532
vn 0.506874 0.00494136 0.862006
vn 0.455379 0.0622179 0.888121
vn 0.483237 0.00598254 0.875469
vn 0.424938 -0.0456844 0.904069
vn 0.343278 0.0325385 0.93867
vn 0.346447 -0.0253193 0.937728
vn 0.465307 0.099943 0.879489
vn 0.580454 0.103574 0.807679
vn 0.595254 0.131251 0.792746
vn 0.452263 0.0605507 0.889827
vn 0.468841 0.0132337 0.883183
vn 0.381205 -0.0632083 0.922327
vn 0.546412 0.0697154 0.83461
vn 0.370798 0.00283912 0.928709
vn 0.449046 -0.0146394 0.893389
vn 0.526477 0.0249332 0.849824
vn 0.475925 -0.0447748 0.878346
vn 0.577244 0.0812705 0.812517
vn 0.453936 -0.1134 0.883789
vn 0.491438 -0.0141302 0.870798
vn 0.30774 -0.0353721 0.950813
vn 0.447051 -0.0412161 0.893559
vn 0.128847 0.0337412 0.99109
vn 0.147104 -0.0120538 0.989048
vn 0.204111 0.0602722 0.977091
vn 0.534714 -0.0830614 0.840941
vn 0.444316 -0.0297439 0.895376
vn 0.543936 0.0857061 0.834738
vn 0.360755 0.0429511 0.931671
vn 0.540866 0.110308 0.833844
vn 0.553008 -0.00190556 0.833174
vn 0.45646 0.0505943 0.888304
vn 0.556222 -0.146698 0.817983
vn 0.424955 -0.00124978 0.905214
vn 0.454433 0.00122412 0.89078
vn 0.471033 -0.0147154 0.881993
vn 0.444818 -0.0550862 0.893925
vn 0.561413 0.114562 0.819567
vn 0.497379 -0.140932 0.85601
vn 0.498502 -0.129756 0.857123
vn 0.537267 -0.0452986 0.842195
vn 0.509676 0.0028807 0.860362
vn 0.528857 -0.132702 0.838272
vn 0.519357 -0.226442 0.82401
vn 0.542037 -0.0733306 0.837149
vn 0.539066 -0.0989903 0.836426
vn 0.536891 -0.0242115 0.843304
vn 0.524618 -0.145031 0.838893
vn 0.578852 -0.146956 0.802081
vn 0.591297 -0.15749 0.790927
vn 0.491847 -0.0102468 0.870621
vn 0.495724 -0.0431124 0.867409
vn 0.537899 -0.0636369 0.840604
vn 0.118787 0.025149 0.992601
vn 0.152557 -0.0505394 0.987002
vn 0.112349 -0.0435063 0.992716
vn 0.493304 -0.0144624 0.869737
vn 0.507943 -0.337766 0.792407
vn 0.432542 -0.294512 0.852156
vn 0.504567 -0.321484 0.801286
vn 0.508783 -0.193172 0.838942
vn 0.595341 -0.241819 0.76622
vn 0.536897 -0.203614 0.818708
vn 0.508812 0.00603777 0.860856
vn 0.544004 -0.0527655 0.837422
vn 0.545503 -0.129638 0.828022
vn 0.52749 -0.0987256 0.843805
vn 0.555881 -0.129173 0.821164
vn 0.421478 0.0117231 0.906763
vn 0.294934 0.0196799 0.955315
vn 0.327582 0.0389725 0.944019
vn 0.49964 0.0133508 0.86613
vn 0.340758 -0.216622 0.914854
vn 0.199251 -0.206794 0.957881
vn 0.27776 -0.093659 0.956074
vn 0.405301 0.0527653 0.912659
vn 0.466885 0.110573 0.877378
vn 0.445127 0.0976844 0.890123
vn 0.378433 -0.375759 0.845928
vn 0.385931 -0.271322 0.881726
vn 0.333209 -0.269011 0.903662
vn 0.436759 -0.102368 0.893735
vn 0.453572 -0.141658 0.879889
vn 0.498059 -0.0220563 0.866862
vn 0.439425 0.0973241 0.892992
vn 0.560192 -0.00684945 0.828335
vn 0.512026 0.0212083 0.858708
vn 0.494794 0.0453783 0.867825
vn 0.532092 -0.0288335 0.846195
vn 0.588742 -0.394324 0.705614
vn 0.594517 -0.339123 0.729071
vn 0.455794 -0.00114646 0.890085
vn 0.502165 -0.130151 0.854922
vn 0.508546 -0.161529 0.845748
vn 0.438021 -0.117068 0.89131
vn 0.413609 -0.108581 0.903957
vn 0.412867 -0.171213 0.894554
vn -0.548974 -0.443319 0.708587
vn -0.485362 -0.182233 0.855111
vn -0.306769 -0.496546 0.811994
vn -0.713508 0.00815695 0.700599
vn -0.845508 -0.182311 0.501876
vn -0.773427 0.0181685 0.633625
vn -0.317431 0.473169 0.821796
vn -0.379265 0.511632 0.770968
vn -0.341133 -0.354122 0.870762
vn -0.42802 -0.15364 0.890614
vn -0.360785 -0.00666845 0.932625
vn -0.371351 -0.213958 0.903505
vn -0.371573 0.359334 0.856045
vn -0.386811 0.326288 0.862504
vn -0.782074 0.0194736 0.622881
vn -0.167048 -0.622896 0.764261
vn -0.407739 -0.34542 0.845242
vn -0.475449 0.0807648 0.876028
vn -0.282415 -0.282788 0.916664
vn -0.278136 -0.333496 0.900789
vn -0.332353 -0.247711 0.910044
vn -0.378004 0.301724 0.875257
vn -0.368328 0.343787 0.863797
vn -0.288568 0.506661 0.812418
vn -0.378115 -0.441881 0.813492
vn 0.514744 -0.176997 0.838875
vn 0.47652 -0.122424 0.870598
vn 0.523277 -0.0490651 0.850749
vn 0.360076 -0.0317539 0.932382
vn 0.611906 -0.0453445 0.78963
vn 0.622684 -0.132735 0.771133
vn 0.553506 -0.34293 0.758966
vn 0.549026 -0.232166 0.802913
vn 0.527198 -0.121031 0.841079
vn 0.38134 -0.0635356 0.922249
vn 0.41767 -0.0158674 0.90846
vn 0.432509 -0.164857 0.88643
vn 0.309847 -0.140123 0.940404
vn 0.318988 -0.284348 0.904098
vn 0.316903 -0.0301878 0.947978
vn 0.242449 -0.0059896 0.970146
vn 0.219006 0.0397554 0.974913
vn 0.359141 0.0281152 0.93286
vn 0.249292 0.0410578 0.967558
vn 0.159628 0.0428383 0.986247
vn 0.207346 -0.232409 0.95026
vn 0.27299 -0.276133 0.921535
vn 0.294613 -0.190432 0.93645
vn 0.528576 -0.0707667 0.845931
vn 0.382072 -0.0385918 0.923326
vn 0.0238988 0.000660312 0.999714
vn 0.0496507 0.00924948 0.998724
vn 0.100976 -0.00615223 0.99487
vn 0.356555 0.00914927 0.934229
vn 0.356064 -0.0162896 0.934319
vn 0.371381 -0.0345228 0.927839
vn 0.546609 0.383467 0.744427
vn 0.44729 0.498804 0.742378
vn 0.543412 0.19968 0.815372
vn 0.218164 -0.0789648 0.972712
vn 0.283648 0.0308041 0.958434
vn -0.188052 0.102525 0.976793
vn -0.228276 0.0104337 0.97354
vn -0.0546666 -0.457203 0.887681
vn -0.116226 -0.217416 0.969135
vn -0.336836 0.08487 0.937731
vn -0.103984 -0.491674 0.864548
vn -0.314195 -0.189338 0.930286
vn -0.281462 -0.227702 0.932165
vn -0.141106 -0.452856 0.880347
vn -0.108488 -0.506173 0.855581
vn -0.204419 -0.265401 0.942218
vn -0.32164 -0.218322 0.921349
vn -0.326787 -0.289963 0.899517
vn -0.279601 -0.157349 0.947135
vn -0.23114 -0.226969 0.946076
vn -0.190722 -0.242628 0.951187
vn 0.0736152 -0.335321 0.939223
vn 0.0346741 -0.360938 0.931945
vn 0.0221516 -0.339586 0.940314
vn 0.170289 -0.368348 0.913959
vn 0.12574 -0.399029 0.908276
vn 0.188398 -0.0225815 0.981833
vn 0.0715745 -0.174642 0.982027
vn 0.227432 0.0137787 0.973696
vn 0.0262125 -0.296171 0.954775
vn -0.070265 -0.36033 0.930175
vn -0.091726 -0.347871 0.933045
vn -0.130139 -0.210903 0.968805
vn -0.216526 -0.139433 0.966269
vn 0.0642295 -0.0959158 0.993315
vn 0.154087 -0.206966 0.966138
vn 0.127284 -0.211765 0.968996
vn 0.00496261 0.46702 0.884233
vn 0.0488853 -0.3978 0.916169
vn -0.0458967 -0.295756 0.95416
vn 0.128152 0.0885836 0.987791
vn 0.171015 0.245219 0.954265
vn -0.231351 -0.165586 0.958675
vn 0.180053 0.098736 0.978689
vn -0.0237823 0.285989 0.957938
vn -0.088156 -0.0250693 0.995791
vn 0.0826091 0.262442 0.961405
vn 0.158309 -0.0800614 0.984138
vn 0.0579555 0.217945 0.974239
vn 0.0671449 0.293137 0.95371
vn -0.0264596 0.0670577 0.997398
vn -0.197398 -0.214905 0.956478
vn 0.127173 0.137694 0.982277
vn 0.114564 -0.0465214 0.992326
vn -0.0103578 -0.139985 0.9901
vn 0.0737784 -0.364841 0.928142
vn -0.170344 -0.145406 0.974597
vn -0.134353 -0.142135 0.980687
vn -0.0154195 0.0700741 0.997423
vn 0.177674 -0.127714 0.975767
vn -0.381011 -0.214011 0.899461
vn 0.373136 -0.000350366 0.927777
vn 0.380749 -0.0828131 0.920963
vn 0.271994 -0.0977282 0.957324
vn -0.498802 -0.0626048 0.864452
vn -0.52415 0.0780582 0.848041
vn -0.414464 -0.33667 0.845502
vn -0.429784 0.0128539 0.90284
vn -0.448162 -0.1922 0.873046
vn 0.338355 -0.0568416 0.9393
vn 0.371831 -0.0257558 0.927943
vn 0.330829 -0.0693262 0.941141
vn 0.0375608 -0.2483 0.967955
vn 0.0811893 -0.249517 0.964961
vn 0.18466 -0.271363 0.944597
vn 0.0373055 -0.447742 0.893384
vn 0.0177853 -0.10283 0.99454
vn -0.0643042 -0.540933 0.838604
vn 0.325959 -0.268936 0.906325
vn 0.0556398 -0.444553 0.894023
vn 0.0750123 -0.536724 0.840417
vn -0.0212117 -0.318928 0.947542
vn -0.161335 -0.414 0.895866
vn 0.140582 -0.509042 0.849184
vn -0.143188 -0.644095 0.751425
vn 0.121982 -0.445749 0.886808
vn 0.0465354 -0.523956 0.850473
vn -0.0369357 -0.452852 0.89082
vn -0.0301124 -0.543088 0.839136
vn -0.0393013 -0.463108 0.88543
vn 0.4602 -0.230536 0.857362
vn 0.48945 -0.0942798 0.86692
vn 0.369563 0.0485978 0.927934
vn 0.363372 0.0207123 0.931414
vn 0.30484 0.0121663 0.952326
vn 0.0152167 -0.0988268 0.994988
vn -0.159764 -0.0306838 0.986678
vn -0.0645384 0.187852 0.980075
vn 0.22652 0.0183494 0.973834
vn 0.300186 0.0245741 0.953564
vn 0.371309 0.0154923 0.92838
vn 0.427539 0.00585348 0.903978
vn 0.457918 -0.0231337 0.888693
vn 0.169002 0.111885 0.979245
vn 0.214049 0.0698092 0.974325
vn 0.171639 0.05166 0.983805
vn 0.244431 0.0867799 0.965776
vn 0.260415 0.0699382 0.96296
vn 0.167368 0.0409852 0.985042
vn 0.273864 0.172956 0.946089
vn 0.250965 0.104078 0.962385
vn 0.418523 -0.0289598 0.907745
vn 0.351966 -0.0721909 0.933225
vn 0.358855 -0.00993244 0.93334
vn 0.358525 -0.19101 0.913769
vn 0.344045 0.0123854 0.938872
vn 0.349158 0.0302026 0.936577
vn 0.332295 0.0111574 0.943109
vn -0.734522 -0.137334 0.664543
vn -0.567525 -0.178132 0.803856
vn -0.527221 -0.250864 0.811853
vn 0.397669 0.0549242 0.915884
vn 0.338911 0.0450309 0.93974
vn 0.251928 -0.00947476 0.9677
vn 0.355687 -0.016285 0.934463
vn 0.259844 -0.0420013 0.964737
vn 0.764115 -0.167873 0.622854
vn 0.669242 -0.0284488 0.7425
vn 0.721867 -0.00760602 0.69199
vn 0.393483 0.0662981 0.916938
vn 0.419235 -0.231425 0.877887
vn 0.2665 -0.0594048 0.962003
vn 0.331883 -0.00427097 0.943311
vn 0.469439 -0.00834652 0.882926
vn 0.417099 -0.167689 0.893258
vn 0.377512 -0.108267 0.919654
vn 0.37645 -0.0427961 0.925448
vn 0.418927 0.428242 0.800693
vn 0.575111 0.410825 0.707439
vn 0.433884 0.241941 0.867876
vn 0.377249 -0.0186136 0.925925
vn 0.317467 -0.143982 0.937275
vn 0.66928 -0.0442393 0.741692
vn 0.692811 -0.0487295 0.719471
vn 0.65478 -0.00192729 0.755817
vn 0.439556 0.115073 0.890814
vn 0.36556 0.0899929 0.926427
vn 0.312156 -0.122788 0.942062
vn 0.327074 -0.115196 0.937951
vn 0.352904 -0.146608 0.924102
vn 0.737086 -0.210945 0.642033
vn 0.749877 -0.311386 0.583715
vn 0.719814 -0.379895 0.580988
vn 0.338659 -0.149018 0.929034
vn 0.304349 -0.172742 0.936767
vn 0.351241 -0.110134 0.929785
vn 0.386319 0.0560957 0.920658
vn 0.333539 -0.0337634 0.942131
vn 0.327218 0.016595 0.944803
vn 0.345046 0.0418787 0.937651
vn 0.273054 -0.00359382 0.961992
vn 0.26275 0.0319887 0.964333
vn 0.401096 0.0565035 0.914292
vn 0.3904 -0.0101005 0.92059
vn 0.352503 0.059584 0.933912
vn 0.251739 0.00694372 0.96777
vn 0.321829 0.058335 0.944999
vn 0.279757 -0.0564973 0.958407
vn 0.44062 -0.062568 0.89551
vn 0.424052 -0.0274462 0.905222
vn 0.350496 -0.0843689 0.932756
vn 0.388964 0.117237 0.913763
vn 0.225811 -0.0181163 0.974003
vn 0.360156 -0.231631 0.903679
vn 0.351732 -0.198341 0.914847
vn 0.190473 -0.0117353 0.981622
vn 0.194141 0.0944448 0.976417
vn 0.28447 -0.0569972 0.956989
vn 0.213139 -0.01617 0.976888
vn 0.210917 0.0191281 0.977317
vn 0.251831 0.170325 0.952665
vn 0.13893 0.169884 0.975622
vn 0.207724 0.103274 0.972721
vn 0.367844 -0.061292 0.927866
vn 0.698135 -0.210326 0.684376
vn 0.694067 -0.0829971 0.71511
vn 0.32863 -0.309083 0.892452
vn 0.267036 -0.326781 0.90659
vn 0.427992 -0.0402454 0.902886
vn 0.611338 -0.748543 0.256804
vn 0.0402534 -0.786972 0.615675
vn 0.351581 -0.347869 0.869125
vn 0.523803 -0.0905725 0.847011
vn 0.577495 -0.141487 0.804041
vn 0.325945 -0.0324039 0.944833
vn 0.408987 -0.283289 0.867454
vn 0.372108 -0.151826 0.915688
vn 0.260985 -0.158411 0.952257
vn 0.437116 0.476337 0.76291
vn 0.297262 0.031141 0.954288
vn 0.192294 0.0314761 0.980832
vn 0.413944 -0.149863 0.897882
vn 0.433968 -0.0512578 0.899469
vn 0.428536 -0.104759 0.897431
vn 0.197907 0.258612 0.945491
vn 0.145564 -0.0318446 0.988836
vn 0.134456 -0.00475293 0.990908
vn 0.37832 0.0270015 0.925281
vn 0.324515 0.0109284 0.945817
vn 0.31437 0.0592946 0.947447
vn 0.231817 0.124622 0.964744
vn 0.190264 0.0432188 0.980781
vn 0.176032 -0.00353576 0.984378
vn 0.22697 0.0320535 0.973374
vn 0.299505 0.06044 0.952179
vn 0.286576 0.122793 0.950156
vn 0.351918 0.0407876 0.935142
vn 0.307615 0.0791022 0.948217
vn 0.311327 -0.047296 0.949125
vn 0.297821 0.183304 0.936858
vn 0.65192 -0.203497 0.730472
vn 0.301926 -0.0607906 0.951391
vn 0.23546 -0.000913451 0.971884
vn 0.322383 -0.0462581 0.945478
vn 0.362067 -0.233656 0.902393
vn 0.294353 -0.276847 0.91472
vn 0.491653 -0.203959 0.846569
vn 0.344327 0.0366258 0.938135
vn 0.372325 0.0391213 0.927278
vn 0.35011 0.0883947 0.932529
vn 0.302567 -0.0369938 0.95241
vn 0.274971 -0.0575353 0.959729
vn 0.301115 -0.00494109 0.953575
vn 0.354131 -0.0134973 0.935098
vn 0.465064 -0.0433089 0.884217
vn 0.316408 -0.213049 0.92439
vn 0.444125 0.440496 0.780202
vn 0.410121 0.398956 0.820143
vn 0.426652 0.0155803 0.904281
vn 0.238089 0.114016 0.964528
vn 0.22272 0.0557328 0.973288
vn 0.203008 0.0600381 0.977335
vn 0.349919 -0.2456 0.904012
vn 0.348657 -0.222566 0.910441
vn 0.392833 -0.311498 0.865246
vn 0.479839 -0.00732468 0.877326
vn 0.338591 -0.0162232 0.940794
vn 0.376299 0.0271517 0.9261
vn 0.366951 0.0128271 0.930152
vn 0.228463 -0.0153971 0.973431
vn 0.199837 -0.091816 0.975518
vn 0.138653 -0.0822807 0.986917
vn 0.359003 -0.0251407 0.932998
vn 0.321676 -0.0154139 0.946724
vn 0.346351 0.0154553 0.937978
vn 0.429028 -0.183972 0.884358
vn 0.355972 -0.0265527 0.934119
vn 0.322726 -0.0905317 0.942153
vn 0.352072 -0.0482516 0.934728
vn 0.419515 -0.0953486 0.902727
vn 0.343998 0.021357 0.938728
vn 0.321328 0.0748072 0.944009
vn 0.423805 0.0341603 0.905109
vn 0.167487 0.040189 0.985055
vn 0.382146 -0.026025 0.923735
vn 0.38485 0.0111717 0.922912
vn 0.490057 0.00616158 0.871669
vn 0.461833 0.000997982 0.886966
vn 0.489197 0.00366733 0.872166
vn 0.242875 -0.242094 0.939362
vn 0.190672 0.100632 0.976482
vn 0.127112 0.00982459 0.99184
vn 0.199571 0.0687963 0.977465
vn 0.216827 0.145105 0.965366
vn 0.204883 0.119207 0.9715
vn 0.135046 0.138982 0.981044
vn 0.39172 -0.148466 0.908027
vn 0.257035 -0.053406 0.964925
vn 0.39807 -0.125138 0.90878
vn 0.276677 0.128222 0.95237
vn 0.324958 0.0983284 0.940603
vn 0.280728 0.0397411 0.958964
vn 0.173431 0.09187 0.980552
vn 0.186592 -0.0094046 0.982392
vn 0.216222 -0.0254282 0.976013
vn 0.507852 -0.100847 0.855521
vn 0.419985 0.0240916 0.907211
vn 0.401646 0.0197196 0.915582
vn 0.392177 0.0370074 0.919145
vn 0.372329 0.0714997 0.925343
vn 0.398034 0.0437382 0.916327
vn 0.2535 -0.0150768 0.967218
vn 0.0425883 0.0951635 0.99455
vn 0.0706968 0.0197038 0.997303
vn 0.378737 -0.129046 0.916463
vn 0.311758 0.0563884 0.948487
vn 0.373968 -0.0619127 0.925373
vn 0.238929 0.00128658 0.971036
vn 0.641305 -0.202659 0.740039
vn 0.645489 -0.133306 0.752046
vn 0.695981 -0.270819 0.665032
vn 0.33738 -0.028297 0.940943
vn 0.27877 0.0781153 0.957176
vn 0.387069 0.053936 0.920472
vn 0.440444 -0.0509895 0.896331
vn 0.428107 0.0580607 0.901861
vn 0.359811 -0.0845501 0.929186
vn 0.305895 -0.0613773 0.950085
vn 0.354043 -0.00937112 0.935182
vn 0.160867 0.0404104 0.986148
vn 0.152207 0.0521197 0.986974
vn 0.180878 0.0468716 0.982388
vn 0.46111 -0.000910963 0.887343
vn 0.397976 0.0152488 0.917269
vn 0.259032 0.119449 0.958454
vn 0.22732 0.201216 0.952805
vn 0.287499 0.0981567 0.952738
vn 0.300238 0.0169009 0.953715
vn 0.289111 -0.0846802 0.953543
vn 0.356767 0.113512 0.927272
vn 0.273105 0.0540761 0.960463
vn 0.217571 -0.29842 0.929306
vn 0.270223 -0.0222163 0.962541
vn 0.389209 0.0218615 0.92089
vn 0.24488 -0.048128 0.968358
vn 0.270165 0.0955949 0.958057
vn 0.225682 0.0227856 0.973935
vn 0.296784 0.0112463 0.954878
vn 0.163326 -0.0823915 0.983126
vn 0.386317 -0.0895079 0.918013
vn 0.493478 -0.0958691 0.864459
vn 0.507081 -0.11255 0.854518
vn 0.669632 -0.115019 0.733732
vn 0.511225 -0.0265337 0.859037
vn 0.265798 -0.192683 0.944576
vn 0.527295 -0.0428348 0.848602
vn 0.460173 -0.0763612 0.88454
vn 0.296802 -0.0986399 0.949831
vn 0.325435 0.0161209 0.945427
vn 0.319278 -0.0103732 0.947604
vn 0.219965 -0.000317456 0.975508
vn 0.500764 0.0730659 0.862495
vn 0.406789 0.135464 0.903422
vn -0.24843 -0.362977 0.89807
vn -0.167732 -0.226573 0.959443
vn -0.340531 -0.362897 0.867378
vn -0.356722 -0.510871 0.782151
vn -0.329425 -0.330194 0.884563
vn -0.344864 -0.250321 0.904659
vn -0.225756 -0.378256 0.897751
vn -0.203661 -0.386344 0.899589
vn 0.0177747 -0.633244 0.773748
vn -0.102165 -0.581107 0.807389
vn 0.486026 0.116023 0.866209
vn 0.363321 -0.267488 0.892439
vn 0.401853 0.144435 0.904241
vn 0.191545 -0.208842 0.959008
vn -0.163125 -0.249535 0.954527
vn -0.0833367 -0.000398391 0.996521
vn 0.257272 -0.393921 0.882404
vn 0.268916 -0.233349 0.934469
vn 0.106896 -0.328891 0.938298
vn 0.112067 -0.0198163 0.993503
vn 0.0562637 -0.0394981 0.997634
vn -0.132209 -0.203088 0.970194
vn -0.308204 -0.0260468 0.950964
vn -0.203932 -0.582925 0.786518
vn -0.0218495 -0.541748 0.840257
vn -0.0192747 -0.718264 0.695504
vn 0.231596 -0.18564 0.954935
vn 0.0212714 -0.531596 0.846731
vn 0.118057 -0.642352 0.757263
vn 0.127512 0.0184208 0.991666
vn -0.00323683 0.186391 0.98247
vn 0.205765 0.218758 0.953838
vn -0.216247 -0.323409 0.921219
vn -0.412558 -0.14525 0.899276
vn -0.361613 0.0167803 0.932177
vn -0.0630766 0.0619512 0.996084
vn -0.503561 -0.071416 0.861003
vn -0.152962 -0.0681712 0.985878
vn -0.258182 0.137772 0.956222
vn -0.269499 -0.0183755 0.962825
vn -0.0338658 -0.0840494 0.995886
vn -0.0137021 0.0638236 0.997867
vn 0.191559 -0.242707 0.950999
vn 0.0401368 0.0869537 0.995404
vn -0.0973871 0.0628114 0.993263
vn -0.101662 -0.0355138 0.994185
vn -0.0201513 0.102319 0.994547
vn -0.126701 -0.729111 0.672565
vn 0.0294732 0.11659 0.992743
vn 0.0668877 0.0966349 0.99307
vn 0.64698 -0.131902 0.751011
vn 0.53361 -0.20783 0.819797
vn 0.295087 -0.126896 0.947006
vn 0.194969 -0.740154 0.643552
vn 0.0327785 -0.523757 0.851237
vn 0.258521 -0.407588 0.875807
vn 0.422864 -0.411067 0.807595
vn 0.296647 -0.686371 0.664
vn -0.21646 -0.374202 0.90173
vn -0.00528083 -0.317968 0.948087
vn -0.0472311 -0.212208 0.976083
vn 0.412875 -0.572939 0.708008
vn 0.551123 -0.300839 0.778305
vn 0.00647704 -0.34181 0.939747
vn 0.0630689 0.268786 0.961133
vn 0.501525 -0.483362 0.717519
vn 0.567002 -0.457754 0.684814
vn 0.3684 -0.683874 0.62976
vn 0.148797 -0.842659 0.51748
vn 0.240602 -0.753622 0.611689
vn 0.17394 -0.81822 0.547961
vn 0.290678 -0.363989 0.884883
vn 0.718708 -0.257019 0.646066
vn 0.0277427 -0.351376 0.935823
vn 0.260382 0.0248425 0.965186
vn 0.177435 -0.117672 0.977072
vn 0.241333 -0.0756421 0.96749
vn 0.248311 -0.595716 0.763848
vn 0.286323 0.0173681 0.957976
vn 0.290229 -0.11424 0.950114
vn 0.359875 0.350708 0.864577
vn 0.220378 -0.795606 0.564308
vn 0.187774 -0.821451 0.538479
vn 0.0775882 -0.662187 0.745311
vn -0.0604382 -0.355027 0.9329
vn 0.21811 -0.811828 0.54163
vn 0.142205 0.0707358 0.987307
vn 0.556687 0.0987357 0.824834
vn 0.406605 -0.0502992 0.912218
vn 0.245463 -0.670875 0.699767
vn 0.328256 -0.6522 0.683288
vn 0.150414 -0.82732 0.541219
vn 0.172761 -0.213448 0.961558
vn 0.714505 -0.119783 0.6893
vn 0.620715 0.211376 0.755005
vn 0.386781 -0.517563 0.763236
vn 0.720825 -0.0793458 0.688561
vn 0.629012 0.207053 0.749315
vn 0.722482 0.0716215 0.68767
vn 0.588319 -0.0326803 0.807969
vn 0.463535 -0.12361 0.877415
vn 0.520277 -0.114321 0.846311
vn 0.07401 -0.54605 0.834477
vn 0.552533 -0.223315 0.803018
vn 0.565938 -0.0717045 0.821324
vn 0.449697 0.121609 0.884864
vn 0.420226 0.0396526 0.906553
vn 0.39165 0.00551729 0.920098
vn 0.550334 0.0405716 0.833958
vn 0.195925 -0.0525425 0.97921
vn 0.0945204 -0.0227042 0.995264
vn 0.343688 0.0169967 0.93893
vn 0.763798 -0.401889 0.505072
vn 0.817619 -0.258715 0.514359
vn 0.181922 0.00411925 0.983304
vn 0.158234 0.0220299 0.987156
vn 0.610401 -0.14431 0.778836
vn 0.40795 -0.0739924 0.910001
vn 0.306966 -0.0574601 0.949984
vn 0.301893 -0.0267334 0.952967
vn 0.318899 0.0546983 0.946209
vn 0.392571 -0.032075 0.919162
vn 0.390814 -0.0298627 0.919985
vn 0.673813 -0.213161 0.707488
vn 0.290136 0.104549 0.951257
vn 0.235247 0.0446525 0.970909
vn 0.344702 0.0214707 0.938467
vn 0.377606 0.0147649 0.925849
vn 0.411214 0.05298 0.909998
vn 0.294041 0.114371 0.948925
vn 0.24258 0.0770319 0.967068
vn 0.196824 0.0775486 0.977367
vn 0.288974 0.169918 0.942137
vn 0.220723 0.206877 0.953144
vn 0.256829 0.17269 0.950903
vn 0.341723 0.0629233 0.937692
vn 0.243748 0.0855847 0.966055
vn 0.233637 0.128254 0.963828
vn 0.245592 -0.244903 0.937927
vn 0.263323 -0.214304 0.940603
vn 0.369676 -0.175709 0.912396
vn 0.605502 -0.339265 0.719908
vn 0.623777 -0.277202 0.730795
vn 0.133098 0.0345127 0.990502
vn 0.178494 0.167066 0.969654
vn 0.221052 0.187819 0.957006
vn 0.239622 0.0753368 0.967939
vn 0.295649 0.162649 0.941348
vn 0.439375 0.0270382 0.897897
vn 0.220348 -0.945356 0.24031
vn 0.259467 0.0687147 0.963304
vn 0.272 0.0385739 0.961524
vn 0.307393 0.00932946 0.951537
vn 0.10011 0.00758424 0.994948
vn 0.0714717 -0.0458365 0.996389
vn 0.24642 0.0651906 0.966968
vn 0.283842 0.0398321 0.958043
vn -0.20786 -0.397917 0.893564
vn 0.775934 -0.283011 0.563765
vn 0.181219 0.00344786 0.983437
vn 0.254316 -0.0394723 0.966315
vn 0.28719 0.0854656 0.954053
vn 0.346528 -0.045817 0.93692
vn 0.371165 0.023909 0.928259
vn 0.0112745 0.0086896 0.999899
vn 0.169813 0.281433 0.944436
vn 0.222081 0.167831 0.960475
vn 0.208565 0.265918 0.941163
vn 0.370875 -0.180807 0.910912
vn 0.406756 -0.252759 0.877874
vn 0.373352 0.129745 0.918572
vn 0.464264 -0.0368797 0.884929
vn 0.457257 -0.0279736 0.888895
vn 0.38686 -0.0208526 0.921903
vn 0.288233 -0.0883214 0.953478
vn 0.326267 -0.100058 0.939967
vn 0.0347285 0.0663342 0.997193
vn 0.12521 -0.0643974 0.990038
vn 0.285042 -0.0627316 0.95646
vn 0.277536 0.00582163 0.960698
vn 0.314968 -0.0418937 0.948177
vn 0.310478 -0.123882 0.942474
vn 0.390307 -0.0236782 0.92038
vn 0.41658 0.0230342 0.908807
vn 0.41178 0.0841421 0.907391
vn 0.147712 -0.0423061 0.988125
vn 0.201171 0.09787 0.974655
vn 0.181194 0.0789509 0.980273
vn 0.668803 -0.596802 0.443317
vn 0.290938 0.0535757 0.955241
vn 0.37526 -0.0537231 0.925362
vn 0.274135 0.0302284 0.961216
vn 0.305065 0.00597645 0.952313
vn -0.1915 0.292368 0.936936
vn 0.438342 -0.0226367 0.898523
vn 0.255906 -0.096299 0.961893
vn 0.267793 -0.0704815 0.960895
vn 0.18407 -0.0361161 0.982249
vn 0.257395 -0.060255 0.964426
vn 0.322944 -0.0214182 0.946176
vn 0.428155 -0.0264124 0.903319
vn 0.399228 0.0689674 0.914254
vn 0.420024 0.0798645 0.903992
vn 0.333995 0.07919 0.939242
vn 0.365138 0.04063 0.930066
vn 0.161394 0.0986255 0.98195
vn 0.333658 -0.0351678 0.942038
vn 0.582884 -0.0170754 0.812376
vn 0.633694 -0.0750444 0.769935
vn 0.496142 -0.314284 0.809363
vn 0.279129 -0.259563 0.924508
vn 0.348058 -0.0859129 0.933528
vn 0.372877 0.0177841 0.92771
vn 0.394775 0.0949075 0.913863
vn 0.27396 0.0724101 0.959011
vn 0.379129 0.0600425 0.923394
vn 0.386979 -0.00836318 0.92205
vn 0.382228 0.010781 0.924005
vn 0.183051 0.103678 0.977621
vn 0.351209 -0.174727 0.919849
vn 0.0303217 -0.0431368 0.998609
vn 0.093068 0.00805336 0.995627
vn 0.0609892 0.0203424 0.997931
vn 0.465019 -0.13398 0.875104
vn 0.423602 -0.323966 0.845936
vn 0.48803 -0.307493 0.816869
vn 0.422098 -0.141225 0.895482
vn 0.551017 -0.188033 0.813034
vn 0.36865 -0.119226 0.921891
vn 0.375072 -0.0459199 0.925858
vn 0.384876 -0.0116769 0.922894
vn 0.360115 -0.00613315 0.932888
vn 0.345504 0.0267984 0.938034
vn 0.362694 -0.318371 0.875839
vn 0.294973 -0.204885 0.933281
vn 0.754759 -0.518314 0.402107
vn 0.161911 0.0459159 0.985737
vn 0.0372692 -0.0446168 0.998309
vn 0.0930557 -0.0415722 0.994793
vn -0.012097 -0.1344 0.990853
vn 0.335287 -0.262394 0.904838
vn 0.474707 -0.116531 0.872396
vn 0.657519 -0.162461 0.735714
vn 0.751789 -0.047934 0.65766
vn 0.132839 0.0387529 0.99038
vn 0.201961 0.0385131 0.978636
vn 0.179098 0.278374 0.943627
vn 0.34968 -0.0256489 0.936518
vn 0.644849 0.0422341 0.763142
vn 0.367564 -0.00831598 0.929961
vn 0.276978 0.0433504 0.959898
vn 0.556597 -0.165548 0.814121
vn 0.290294 -0.133103 0.947636
vn 0.149486 -0.0262436 0.988416
vn 0.321629 -0.22271 0.920302
vn 0.33377 -0.0578078 0.94088
vn 0.346772 -0.0967937 0.932942
vn 0.380388 -0.177766 0.907582
vn 0.346089 -0.0979065 0.933079
vn 0.365377 -0.0542003 0.929281
vn 0.0167589 0.184709 0.98265
vn 0.314369 0.0529562 0.947823
vn 0.362828 0.202215 0.909651
vn 0.268658 0.206731 0.94079
vn 0.258217 0.0786915 0.962877
vn 0.271356 0.0600226 0.960606
vn 0.719083 -0.0147988 0.694767
vn 0.70388 -0.114644 0.701006
vn 0.252182 -0.315019 0.914968
vn 0.275318 0.0962185 0.956526
vn 0.408961 0.0330227 0.911954
vn 0.406469 -0.00142148 0.913663
vn 0.458049 0.335821 0.823053
vn 0.213224 -0.0156434 0.976878
vn 0.344093 0.0373083 0.938194
vn 0.230592 0.0143035 0.972945
vn 0.4439 0.0460949 0.89489
vn 0.336972 0.0113014 0.941447
vn 0.179281 0.173628 0.968355
vn 0.151254 -0.0233297 0.98822
vn 0.130342 -0.126148 0.983411
vn 0.639961 -0.555029 0.531406
vn 0.816631 -0.33308 0.471351
vn 0.679746 -0.25139 0.68902
vn 0.191761 0.0982405 0.976512
vn 0.377838 0.07565 0.922776
vn 0.241511 -0.151858 0.958442
vn 0.560612 -0.344765 0.752895
vn 0.227252 0.231711 0.945868
vn 0.371912 0.133437 0.918627
vn 0.317606 0.0691918 0.945695
vn 0.201555 0.131002 0.970677
vn 0.377241 0.0247947 0.925783
vn 0.166611 -0.0635741 0.983971
vn 0.175157 -0.0470312 0.983417
vn 0.427741 -0.542689 0.72286
vn 0.144395 -0.395605 0.906999
vn 0.803496 -0.206763 0.558251
vn 0.811201 -0.266883 0.520314
vn 0.541037 0.0746098 0.837682
vn 0.249416 0.118817 0.96108
vn 0.185753 -0.0254805 0.982266
vn 0.17408 -0.00660604 0.984709
vn 0.329549 -0.00772977 0.944107
vn 0.247492 0.0478077 0.96771
vn 0.202867 0.00288285 0.979202
vn 0.177333 -0.0613086 0.982239
vn 0.236499 0.0682811 0.96923
vn 0.278342 0.087038 0.95653
vn 0.222817 0.037864 0.974125
vn 0.223648 0.0735244 0.971893
vn 0.209966 0.0243986 0.977404
vn 0.311986 0.187864 0.931328
vn 0.240934 0.193854 0.950984
vn 0.421453 0.151941 0.894031
vn 0.442664 -0.00492863 0.896674
vn 0.215522 0.0486738 0.975285
vn 0.381224 0.0902322 0.920069
vn 0.173883 0.00316326 0.984761
vn 0.271354 0.0146918 0.962367
vn 0.291499 0.168883 0.941545
vn 0.250108 -0.0404041 0.967374
vn -0.428637 0.0612297 0.9014
vn -0.330535 0.2947 0.896604
vn -0.490496 -0.0928696 0.866481
vn 0.341973 0.104815 0.933846
vn 0.346456 0.13926 0.927672
vn 0.264897 0.176114 0.948058
vn 0.295099 0.0501418 0.95415
vn 0.155116 0.0175809 0.98774
vn 0.193986 0.0434286 0.980043
vn 0.324549 0.00184464 0.945867
vn 0.322408 0.104259 0.940842
vn 0.578438 0.240328 0.77952
vn 0.430976 -0.236385 0.870851
vn 0.424352 -0.326771 0.84448
vn 0.553984 -0.384082 0.738635
vn 0.583883 -0.380728 0.717026
vn 0.541973 -0.415565 0.73046
vn 0.534941 -0.445139 0.718115
vn 0.529202 -0.390445 0.753325
vn 0.468169 -0.442006 0.765146
vn -0.696366 -0.281215 0.660297
vn -0.645501 -0.601885 0.470174
vn -0.526307 -0.438824 0.72831
vn -0.697572 -0.554258 0.454082
vn -0.620345 -0.638055 0.456135
vn -0.688425 -0.472881 0.54996
vn 0.30642 0.0145902 0.951785
vn 0.264228 0.124112 0.956441
vn 0.272862 0.193289 0.942436
vn 0.216139 -0.625052 0.750062
vn 0.508669 0.0171506 0.860791
vn 0.453945 0.0226127 0.890743
vn 0.361283 -0.038058 0.931679
vn 0.40277 -0.0416366 0.914354
vn -0.64846 -0.186163 0.738135
vn -0.465076 0.0406178 0.884338
vn -0.3448 -0.259435 0.902112
vn -0.360834 0.235701 0.902355
vn -0.672287 -0.666074 0.323072
vn -0.700742 -0.555057 0.448188
vn -0.862462 -0.448442 0.234646
vn -0.394562 -0.464366 0.792897
vn -0.456076 -0.337401 0.823502
vn -0.449774 -0.3546 0.819733
vn 0.0830569 0.0462849 0.995469
vn 0.211679 0.038543 0.976579
vn 0.380523 0.0579689 0.922953
vn 0.0522183 0.191089 0.980183
vn 0.218732 0.0170365 0.975636
vn 0.283433 0.059933 0.957117
vn 0.181006 -0.019002 0.983298
vn 0.343033 0.105168 0.933417
vn 0.250905 -0.0696717 0.965501
vn 0.135571 -0.0738407 0.988012
vn 0.244292 0.0282821 0.969289
vn 0.202356 0.168145 0.964769
vn 0.0824109 -0.55456 0.828053
vn 0.239738 0.127494 0.96243
vn 0.243517 0.0765108 0.966874
vn 0.555931 -0.111296 0.823744
vn 0.355007 -0.199495 0.91333
vn 0.274788 0.0109125 0.961443
vn 0.268102 0.00711428 0.963364
vn 0.254311 -0.121901 0.959409
vn 0.0580667 0.186215 0.980792
vn 0.301615 0.0196716 0.953227
vn -0.360805 -0.191227 0.912826
vn -0.799977 -0.255036 0.543133
vn -0.385293 -0.480064 0.788092
vn -0.762849 0.146551 0.629749
vn -0.43141 -0.38292 0.816858
vn 0.235065 0.102557 0.966554
vn 0.420076 0.121517 0.899316
vn 0.346502 0.0809596 0.934549
vn 0.141634 0.150387 0.978429
vn 0.155879 0.0380198 0.987044
vn 0.281934 0.201257 0.938088
vn 0.41121 0.451332 0.791963
vn 0.239923 0.104397 0.965162
vn 0.488292 0.0932436 0.867685
vn 0.335561 -0.0368411 0.941298
vn 0.244095 0.0659504 0.967506
vn 0.284853 0.0949713 0.953855
vn -0.021675 -0.0651204 0.997642
vn 0.0165738 -0.0394574 0.999084
vn 0.129371 -0.0195774 0.991403
vn 0.404583 0.0305294 0.913992
vn 0.471459 -0.2685 0.840021
vn 0.498605 0.0650666 0.864384
vn 0.12917 -0.032925 0.991076
vn 0.192121 -0.024778 0.981058
vn 0.59596 -0.0826735 0.798747
vn 0.179336 -0.198907 0.96347
vn 0.434096 -0.09276 0.896078
vn 0.251542 -0.0395467 0.967038
vn 0.277054 0.0308571 0.960359
vn 0.228226 0.020401 0.973394
vn 0.222791 0.169774 0.959969
vn 0.233386 0.138721 0.962438
vn 0.596475 -0.791421 -0.133684
vn 0.637501 0.272605 0.72061
vn 0.353378 0.13383 0.925858
vn 0.284295 0.105834 0.952878
vn -0.860089 -0.0899875 0.502145
vn -0.782709 0.398399 0.478169
vn -0.225823 0.405155 0.88592
vn -0.175963 0.355037 0.918142
vn -0.173079 0.380862 0.908288
vn -0.462182 -0.177184 0.868904
vn -0.197893 0.336711 0.920578
vn -0.344961 -0.190796 0.919021
vn -0.273156 -0.289258 0.91745
vn -0.37515 -0.252238 0.891986
vn -0.713103 -0.308109 0.629725
vn -0.630784 -0.26512 0.729262
vn -0.456753 -0.180812 0.871024
vn 0.284464 -0.101251 0.953325
vn -0.684422 -0.310409 0.659706
vn -0.540776 -0.481362 0.68982
vn -0.640571 -0.0369044 0.767011
vn -0.677618 0.00320958 0.735407
vn 0.142598 0.0307782 0.989302
vn 0.266215 0.0987202 0.958845
vn 0.301598 0.0969737 0.948491
vn 0.290771 0.0997367 0.95158
vn -0.614496 0.032697 0.788242
vn -0.347322 0.332139 0.876955
vn -0.489103 -0.102471 0.866186
vn 0.169114 0.158041 0.972843
vn 0.162435 -0.100849 0.981552
vn 0.137563 0.0690074 0.988086
vn -0.635818 -0.556905 0.534408
vn -0.345592 0.155599 0.925395
vn -0.527783 -0.0286848 0.848895
vn -0.566228 -0.0453503 0.823
vn -0.559808 -0.68849 0.461082
vn -0.269718 0.408927 0.871798
vn -0.481749 -0.265226 0.835208
vn -0.262034 -0.323384 0.909264
vn -0.46479 -0.417002 0.781076
vn -0.825486 0.124666 0.550482
vn -0.349736 -0.414941 0.839946
vn -0.398951 -0.314825 0.861233
vn -0.408449 -0.49261 0.768443
vn -0.141097 0.48377 0.863747
vn -0.231701 0.501797 0.833376
vn -0.310152 0.413671 0.855968
vn -0.235952 0.42037 0.876137
vn -0.183791 0.534713 0.824805
vn -0.235943 0.271457 0.933082
vn 0.349767 0.154035 0.924087
vn -0.285109 0.286937 0.914538
vn -0.216284 0.387536 0.896123
vn -0.283216 0.308218 0.90818
vn -0.279543 0.261752 0.923765
vn -0.142094 0.451134 0.881072
vn -0.369432 0.385259 0.845633
vn -0.295204 0.40119 0.867122
vn -0.145924 0.497998 0.854812
vn -0.226656 0.354456 0.907187
vn 0.0546825 0.00314795 0.998499
vn 0.586549 -0.037128 0.809063
vn 0.515614 -0.306609 0.800083
vn 0.504833 -0.286099 0.814427
vn 0.501271 -0.278892 0.819113
vn 0.596418 -0.105165 0.795755
vn 0.531173 -0.257428 0.807209
vn 0.520183 -0.284407 0.805309
vn 0.509145 -0.27624 0.815146
vn 0.575912 -0.176116 0.798316
vn 0.608519 -0.187698 0.771021
vn 0.539349 -0.145908 0.829345
vn 0.528494 -0.160193 0.833686
vn 0.537498 -0.1305 0.833106
vn 0.533661 -0.200886 0.821493
vn 0.563524 -0.137654 0.814551
vn 0.552617 -0.0856779 0.829019
vn 0.570973 -0.0685122 0.818105
vn 0.465111 -0.105039 0.878999
vn 0.609332 -0.257532 0.749928
vn 0.385317 -0.129074 0.913713
vn 0.30097 -0.0780296 0.950436
vn 0.530238 -0.287622 0.797572
vn 0.43781 -0.210072 0.874181
vn 0.521816 -0.340114 0.782324
vn 0.595619 -0.236619 0.767626
vn 0.591629 -0.139725 0.79401
vn 0.520488 -0.161989 0.838363
vn 0.491955 -0.112998 0.863257
vn 0.335206 -0.186984 0.923404
vn 0.477569 -0.201068 0.855277
vn 0.602856 -0.076477 0.794176
vn 0.556853 -0.105788 0.823847
vn 0.627395 -0.233285 0.742936
vn 0.520612 -0.365842 0.771442
vn 0.401444 -0.299681 0.865468
vn 0.477694 -0.414328 0.774687
vn 0.492777 -0.154311 0.856364
vn 0.374895 -0.247643 0.893379
vn 0.502492 -0.338682 0.795485
vn 0.463604 -0.209719 0.860866
vn 0.378584 -0.13793 0.915232
vn 0.461954 -0.166017 0.871227
vn 0.458703 -0.123669 0.879942
vn 0.605391 -0.226215 0.763105
vn 0.524534 -0.274374 0.805968
vn 0.503866 -0.290773 0.813369
vn 0.442487 -0.258722 0.858643
vn 0.475742 -0.357355 0.803721
vn 0.42469 -0.259005 0.867499
vn 0.517088 -0.0545587 0.854192
vn 0.44671 -0.0674139 0.892135
vn 0.492426 -0.343059 0.799892
vn 0.554364 -0.280152 0.783706
vn 0.414069 -0.0480913 0.908974
vn 0.339747 -0.177796 0.923558
vn 0.335645 -0.0655686 0.939704
vn 0.508651 -0.198792 0.837709
vn 0.459591 -0.197943 0.865791
vn 0.462296 -0.130239 0.877109
vn 0.477723 -0.450678 0.754102
vn 0.462105 -0.416816 0.782766
vn 0.451608 -0.129228 0.882808
vn 0.410571 -0.124215 0.903328
vn 0.513473 -0.159853 0.843085
vn 0.500186 -0.131582 0.855862
vn 0.632345 -0.292304 0.717425
vn 0.55007 -0.253247 0.795795
vn 0.492899 -0.288621 0.820822
vn 0.400548 -0.221876 0.889006
vn 0.504926 -0.416382 0.756092
vn 0.389324 -0.177488 0.903839
vn 0.422569 -0.172744 0.889717
vn 0.35153 -0.121273 0.928289
vn 0.49412 -0.216169 0.84209
vn 0.404184 -0.294584 0.865942
vn 0.250656 0.102704 0.962613
vn 0.531048 -0.196609 0.824216
vn 0.524657 -0.315833 0.79056
vn 0.421668 -0.24435 0.873206
vn 0.21777 0.0535075 0.974532
vn 0.524483 -0.34438 0.778665
vn 0.395168 -0.177387 0.901319
vn 0.446181 -0.314743 0.837771
vn 0.38521 -0.395802 0.833639
vn 0.623503 -0.110427 0.773983
vn 0.564995 -0.173217 0.806707
vn 0.503514 -0.265172 0.822288
vn 0.429683 -0.342036 0.835694
vn 0.579723 -0.321732 0.748606
vn 0.589939 -0.1971 0.783022
vn 0.507188 -0.193045 0.839937
vn 0.473504 -0.312353 0.823547
vn 0.566841 -0.166311 0.806866
vn 0.494922 -0.188009 0.848354
vn 0.46724 -0.290429 0.835068
vn 0.555982 -0.178492 0.811804
vn 0.450317 -0.279984 0.847835
vn 0.00297565 -0.0348754 0.999387
vn 0.403633 -0.370701 0.836457
vn 0.374804 -0.391971 0.840167
vn 0.388941 -0.37325 0.842264
vn 0.648052 -0.254487 0.71782
vn 0.42471 -0.302533 0.853285
vn 0.305457 -0.372499 0.876322
vn 0.646132 -0.197175 0.737316
vn 0.416036 -0.324593 0.849443
vn 0.438273 -0.405173 0.802342
vn 0.470689 -0.400729 0.786046
vn 0.380905 -0.430053 0.818514
vn 0.502166 -0.304377 0.809434
vn 0.592679 -0.171776 0.786908
vn 0.524959 -0.38418 0.759489
vn 0.513384 -0.278085 0.811853
vn 0.528417 -0.532724 0.661046
vn 0.602782 -0.440465 0.665316
vn 0.524924 0.00867217 0.851105
vn 0.298006 -0.451168 0.841213
vn 0.445268 -0.344408 0.82651
vn 0.558518 -0.147192 0.816329
vn 0.422813 -0.302348 0.854292
vn 0.413409 -0.276296 0.867614
vn 0.507943 -0.320833 0.799412
vn 0.468589 -0.433018 0.770013
vn 0.520335 -0.325896 0.789331
vn 0.271992 0.11148 0.95582
vn 0.335608 -0.0566387 0.940297
vn 0.467565 -0.410422 0.782903
vn 0.448616 -0.136845 0.883186
vn 0.501185 -0.29698 0.812783
vn 0.317778 0.0608041 0.946213
vn 0.734387 -0.149514 0.662058
vn 0.471899 -0.350894 0.808817
vn 0.600789 -0.178482 0.779228
vn 0.280514 0.178887 0.943033
vn 0.192677 0.122166 0.973628
vn 0.689941 -0.172483 0.703015
vn -0.287139 0.249949 0.924703
vn 0.12231 0.0106532 0.992435
vn 0.046447 0.00391965 0.998913
vn 0.169835 0.011908 0.985401
vn -0.0952832 0.454157 0.885812
vn 0.761769 -0.635123 0.127773
vn 0.81764 -0.315132 0.481827
vn 0.251179 0.241015 0.937455
vn -0.305738 0.347001 0.886631
vn -0.313663 0.339004 0.886957
vn -0.292269 0.231357 0.927929
vn -0.389784 0.260795 0.883207
vn 0.21378 0.0716601 0.97425
vn -0.222378 0.281121 0.933552
vn -0.749466 -0.177105 0.637914
vn -0.410867 0.326071 0.851391
vn -0.348124 0.165261 0.922767
vn -0.282258 0.205105 0.937156
vn -0.65183 -0.296413 0.698038
vn -0.650989 -0.460663 0.603326
vn -0.755097 -0.348762 0.555153
vn -0.453902 0.127417 0.881895
vn -0.252678 0.414601 0.87422
vn 0.139485 0.043787 0.989256
vn -0.277186 0.185188 0.942801
vn 0.136443 -0.0891214 0.986631
vn 0.113044 -0.0748902 0.990764
vn -0.253683 -0.329176 0.909554
vn 0.191796 0.0729407 0.978721
vn 0.171318 0.0563343 0.983604
vn 0.0595584 -0.0369936 0.997539
vn 0.00502418 -0.0724934 0.997356
vn -0.0594222 -0.0686759 0.995868
vn -0.286996 0.407183 0.867084
vn 0.0071038 -0.120297 0.992713
vn 0.0181351 -0.0908662 0.995698
vn 0.131574 -0.0667155 0.989059
vn -0.777241 -0.566956 0.272869
vn -0.123716 -0.0661716 0.990109
vn 0.244482 -0.0630265 0.967603
vn 0.110347 -0.180863 0.977298
vn 0.181517 -0.103332 0.977944
vn 0.154189 -0.0965126 0.983316
vn 0.0918896 -0.103189 0.990408
vn 0.754559 -0.237487 0.611752
vn 0.172866 -0.0570287 0.983293
vn 0.189492 -0.109567 0.97575
vn 0.0815483 -0.180421 0.980203
vn 0.0597887 -0.0977729 0.993411
vn 0.0980009 -0.0364981 0.994517
vn 0.240028 -0.117983 0.96357
vn 0.175736 -0.0857632 0.980694
vn 0.204564 -0.0781281 0.97573
vn 0.125071 -0.00950902 0.992102
vn 0.13434 -0.0652014 0.988788
vn 0.151948 -0.101322 0.983181
vn 0.188877 -0.0748306 0.979146
vn 0.193412 -0.0399661 0.980303
vn 0.0179964 -0.000799185 0.999838
vn 0.122399 -0.0286275 0.992068
vn -0.0343866 -0.00426914 0.999399
vn 0.0250821 -0.028982 0.999265
vn -0.0435034 -0.0320402 0.998539
vn 0.0376698 -0.057398 0.99764
vn 0.0370432 -0.0865814 0.995556
vn 0.137845 -0.0220917 0.990207
vn -0.472573 0.307524 0.825895
vn -0.29636 -0.158313 0.941864
vn 0.179452 -0.000714717 0.983767
vn -0.0134113 -0.163242 0.986495
vn 0.617787 -0.0923117 0.780908
vn 0.839653 -0.428113 0.334219
vn -0.367155 0.152928 0.917502
vn -0.878155 -0.287681 0.382209
vn 0.703716 -0.229572 0.672369
vn 0.656996 -0.0354592 0.753059
vn -0.746477 -0.328561 0.578637
vn -0.646854 0.441958 0.621492
vn -0.50462 0.625874 0.594677
vn 0.185126 0.0461334 0.981631
vn 0.200778 -0.202905 0.958393
vn 0.0881494 -0.262258 0.960963
vn 0.205555 -0.12567 0.970543
vn 0.138904 0.150624 0.978784
vn 0.121264 0.177176 0.97668
vn 0.192044 0.22361 0.955572
vn -0.0301867 0.105123 0.994001
vn 0.0405677 0.0918986 0.994942
vn 0.0354739 0.0353722 0.998744
vn -0.112608 0.000374388 0.99364
vn 0.15893 0.120207 0.979945
vn 0.115562 0.185349 0.975854
vn 0.113772 0.0334242 0.992945
vn 0.0801207 0.0949429 0.992253
vn 0.0452769 0.190701 0.980603
vn 0.110969 0.373412 0.921005
vn 0.300862 0.19048 0.934452
vn 0.300593 0.155229 0.941036
vn 0.248324 0.167478 0.954089
vn 0.143754 0.132507 0.980702
vn 0.212043 0.157543 0.964478
vn 0.153623 0.267588 0.951208
vn -0.104345 0.128596 0.986192
vn -0.071105 0.190279 0.979152
vn 0.198992 0.146871 0.968933
vn 0.131206 0.257211 0.957407
vn 0.0481511 -0.275393 0.960125
vn 0.0543197 -0.299585 0.952522
vn 0.0296903 -0.31252 0.949447
vn 0.0822929 -0.402596 0.911671
vn 0.0408062 0.245449 0.96855
vn 0.0935714 0.173157 0.980439
vn 0.0196883 0.170103 0.98523
vn 0.184131 0.141996 0.972591
vn 0.158101 0.105716 0.981748
vn 0.136087 0.135485 0.981389
vn 0.209819 -0.139448 0.967745
vn 0.159966 -0.164633 0.973297
vn 0.133585 -0.154472 0.978925
vn 0.149966 0.225371 0.962662
vn 0.257339 0.211725 0.942841
vn 0.192545 0.23817 0.951946
vn 0.249061 0.145778 0.957454
vn 0.0840972 0.172019 0.981497
vn 0.303654 0.12879 0.944038
vn 0.299417 0.151906 0.941952
vn -0.0139934 0.467826 0.88371
vn -0.0295307 0.383944 0.922884
vn -0.0790403 0.493638 0.866068
vn 0.335535 -0.0993688 0.936772
vn 0.204372 -0.364886 0.908345
vn 0.185426 0.153572 0.970584
vn 0.141503 0.19491 0.97056
vn 0.187149 0.26124 0.946958
vn 0.148007 0.273993 0.950275
vn 0.164333 0.0383751 0.985658
vn 0.285699 0.0482108 0.957106
vn -0.00836657 0.0573172 0.998321
vn 0.306845 0.158956 0.938392
vn 0.281172 0.169717 0.944531
vn 0.0458232 0.183183 0.98201
vn 0.0902747 0.125555 0.987971
vn 0.35532 0.152994 0.922139
vn 0.166502 -0.200128 0.965518
vn 0.239098 -0.0709297 0.968401
vn 0.216629 -0.351618 0.910734
vn 0.18735 -0.385018 0.903693
vn 0.114154 -0.326977 0.938112
vn 0.0892386 0.21675 0.97214
vn -0.142443 0.436803 0.888208
vn -0.0617909 0.484381 0.872672
vn -0.111973 0.321153 0.940384
vn 0.0580564 0.0301403 0.997858
vn 0.303027 0.149492 0.941184
vn -0.0140869 0.401725 0.915652
vn -0.0206597 0.186699 0.9822
vn 0.232125 0.162318 0.959047
vn 0.221369 0.135757 0.965695
vn 0.215109 0.191906 0.957549
vn -0.0997739 0.376206 0.921148
vn -0.00805797 0.510273 0.859975
vn 0.266207 0.230894 0.935854
vn 0.227802 0.191488 0.954693
vn 0.187628 -0.000591279 0.98224
vn 0.201432 0.190359 0.960827
vn -0.036402 0.286546 0.957375
vn 0.300886 0.11035 0.947254
vn -0.013648 -0.362915 0.931723
vn 0.00405004 -0.338484 0.940963
vn 0.124405 0.0702887 0.989739
vn 0.288623 0.0524985 0.956002
vn 0.298904 0.171559 0.938735
vn 0.132805 -0.369136 0.919838
vn 0.122602 -0.37938 0.917082
vn 0.00712412 -0.0827225 0.996547
vn 0.206455 0.176016 0.962494
vn 0.241244 0.161264 0.956972
vn 0.240492 0.20108 0.949595
vn -0.218978 0.313349 0.924046
vn -0.00986678 -0.135789 0.990689
vn -0.085139 -0.0666247 0.994139
vn -0.0727098 0.000865502 0.997353
vn 0.200663 -0.0899102 0.975526
vn 0.120936 0.032997 0.992112
vn 0.161796 0.248066 0.955136
vn 0.195829 0.291661 0.936261
vn 0.0379214 0.434537 0.899855
vn 0.0511414 0.411182 0.910117
vn 0.0390781 0.271827 0.961553
vn 0.0474164 -0.00917656 0.998833
vn -0.0203035 -0.275999 0.960944
vn 0.0624911 -0.229355 0.971335
vn 0.0339206 0.323182 0.945729
vn 0.289782 0.390918 0.873619
vn 0.0927436 0.353258 0.930917
vn 0.188874 0.504642 0.842415
vn 0.188273 0.0940848 0.9776
vn 0.0897106 0.0944226 0.991482
vn 0.0279506 0.276733 0.96054
vn -0.136711 0.350373 0.926579
vn -0.07917 0.250373 0.964907
vn -0.0623649 0.305356 0.950194
vn 0.0928063 0.307941 0.946868
vn 0.210761 0.456452 0.864426
vn 0.0234397 0.186136 0.982244
vn 0.21666 -0.0485706 0.975038
vn 0.0789845 0.317627 0.94492
vn -0.166945 0.348555 0.922301
vn 0.251153 0.197868 0.947508
vn 0.266015 0.250554 0.930838
vn 0.142212 0.113625 0.983293
vn 0.0566176 0.252233 0.966009
vn 0.230137 0.534224 0.813413
vn 0.211429 0.135128 0.968007
vn 0.10961 0.137988 0.98435
vn 0.0573247 0.091865 0.99412
vn 0.0938121 -0.0540096 0.994124
vn -0.157374 -0.0816852 0.984155
vn 0.123482 0.128122 0.984041
vn 0.183755 -0.042991 0.982031
vn 0.127541 0.105005 0.986259
vn 0.147599 0.428586 0.891363
vn -0.468763 -0.265749 0.842401
vn -0.16098 -0.115836 0.980136
vn -0.081342 -0.203457 0.975699
vn -0.00715454 0.395895 0.918268
vn -0.00625389 -0.404124 0.914683
vn -0.0455036 -0.282362 0.958228
vn -0.912072 -0.0183125 0.409621
vn -0.0642313 0.377977 0.923584
vn 0.107906 0.00714385 0.994135
vn 0.0979127 0.00297072 0.995191
vn 0.107833 0.0401352 0.993359
vn -0.605641 -0.458207 0.650574
vn -0.784624 -0.274502 0.55589
vn -0.662236 -0.445242 0.602663
vn -0.441742 -0.463603 0.768073
vn -0.879835 0.0691366 0.470224
vn -0.847932 -0.0379864 0.528742
vn -0.858516 0.225321 0.46063
vn -0.621497 0.2619 0.738342
vn -0.702911 0.25348 0.664578
vn -0.717661 0.310046 0.623566
vn -0.562578 -0.195669 0.803256
vn -0.370482 -0.380464 0.847343
vn -0.248374 0.0332271 0.968094
vn -0.437365 -0.525598 0.729698
vn -0.448437 -0.566799 0.691118
vn -0.393884 -0.575301 0.716858
vn -0.609682 0.160784 0.776168
vn -0.212661 -0.507002 0.835299
vn -0.507999 -0.468306 0.722929
vn -0.55103 -0.435419 0.711883
vn -0.0826598 0.273591 0.958288
vn -0.252663 0.525514 0.812402
vn -0.311123 0.407826 0.858418
vn -0.668504 0.427055 0.608873
vn -0.463175 0.243356 0.852202
vn -0.514459 0.299843 0.803384
vn -0.541635 -0.566787 0.620793
vn -0.752018 -0.267314 0.602505
vn -0.650638 -0.31461 0.691152
vn -0.741388 0.198258 0.641122
vn -0.727157 -0.241474 0.642598
vn -0.808471 0.174373 0.562111
vn -0.770775 0.412191 0.485803
vn -0.727903 -0.23477 0.644236
vn -0.56775 0.503706 0.651106
vn -0.810559 0.137333 0.569328
vn -0.842191 0.199323 0.500985
vn -0.786959 0.335047 0.51811
vn -0.757499 0.415271 0.503732
vn -0.675207 0.169331 0.717929
vn -0.762289 0.171605 0.624073
vn -0.832265 -0.0956553 0.546063
vn -0.418089 0.587917 0.692499
vn -0.338792 0.59211 0.731181
vn -0.474334 0.576565 0.665266
vn -0.631315 0.525986 0.569895
vn -0.302863 0.294032 0.906542
vn -0.389638 0.547704 0.740407
vn -0.517088 0.431408 0.739261
vn -0.43277 0.412589 0.801549
vn -0.44955 0.316822 0.835182
vn -0.494289 -0.29085 0.819198
vn -0.539967 -0.434461 0.720887
vn -0.476005 -0.530542 0.701387
vn -0.530332 -0.438594 0.725523
vn -0.594178 -0.468528 0.653784
vn -0.778316 -0.15532 0.608359
vn -0.877493 -0.0359249 0.478243
vn -0.651255 -0.340515 0.678171
vn -0.672701 -0.176417 0.718575
vn -0.233107 -0.243315 0.94152
vn -0.817059 -0.405781 0.409581
vn 0.625145 0.117483 0.771616
vn 0.674242 0.0874357 0.733317
vn 0.617195 0.0525293 0.785055
vn 0.644551 0.113446 0.756098
vn 0.660051 0.160796 0.73381
vn 0.582295 0.163319 0.796404
vn 0.585445 -0.0368718 0.809873
vn 0.578667 0.0162802 0.815401
vn 0.626636 0.0507804 0.777656
vn 0.679999 0.0205446 0.732925
vn 0.616494 0.0744851 0.783828
vn 0.688241 0.108824 0.717274
vn 0.555272 0.202023 0.806759
vn 0.617509 0.0776638 0.78272
vn 0.537932 0.0163637 0.842829
vn 0.469124 0.166529 0.867289
vn 0.612955 0.0963925 0.784216
vn 0.700535 0.163981 0.694522
vn 0.674144 0.110991 0.730213
vn 0.737056 0.124507 0.664264
vn 0.762981 0.0830339 0.641066
vn 0.743079 -0.0667345 0.665868
vn 0.829112 0.0208737 0.558693
vn 0.685398 -0.0547271 0.726109
vn 0.683612 -0.0878991 0.724533
vn 0.755923 -0.100428 0.646912
vn 0.617681 0.16544 0.76883
vn 0.668912 0.12235 0.733204
vn 0.601321 0.0888357 0.794053
vn 0.590762 0.11439 0.798696
vn 0.569527 0.234474 0.78782
vn 0.501722 0.181887 0.84569
vn 0.64903 -0.0626627 0.758177
vn 0.729819 -0.0400772 0.682465
vn 0.606885 0.0316254 0.794161
vn 0.751292 0.0566555 0.657533
vn 0.773718 -0.152118 0.614996
vn 0.780086 -0.0485749 0.623784
vn 0.659431 -0.0441477 0.750468
vn 0.708098 0.00487084 0.706097
vt 0.193867 0.998375
vt 0.189986 0.996156
vt 0.196413 0.995826
vt 0.439994 0.993622
vt 0.43822 0.996827
vt 0.434545 0.99263
vt 0.417197 5.65648e-05
vt 0.42255 0.000403166
vt 0.418062 0.000997782
vt 0.444354 0.99998
vt 0.43966 0.999978
vt 0.444368 0.996858
vt 0.433246 0.99757
vt 0.43075 0.999348
vt 0.430956 0.993272
vt 0.183913 0.999057
vt 0.183476 0.999835
vt 0.180926 0.999889
vt 0.189659 0.999785
vt 0.571207 0.952723
vt 0.577194 0.953687
vt 0.571283 0.956675
vt 0.565924 0.952663
vt 0.565663 0.95983
vt 0.428539 0.997042
vt 0.425069 0.997297
vt 0.427523 0.994445
vt 0.424497 0.992688
vt 0.421751 0.99642
vt 0.467215 0.978772
vt 0.473235 0.981208
vt 0.467834 0.988512
vt 0.459171 0.97983
vt 0.461595 0.987311
vt 0.443133 0.978998
vt 0.451005 0.979885
vt 0.443902 0.987743
vt 0.433406 0.976013
vt 0.432932 0.989722
vt 0.452429 0.988968
vt 0.687943 0.989944
vt 0.689869 0.987288
vt 0.692725 0.988774
vt 0.691966 0.983431
vt 0.6873 0.981602
vt 0.690599 0.980009
vt 0.687086 0.986298
vt 0.696678 0.983006
vt 0.695933 0.985381
vt 0.696579 0.989848
vt 0.548503 0.953348
vt 0.548134 0.95495
vt 0.546589 0.954012
vt 0.557158 0.958452
vt 0.561073 0.952937
vt 0.563368 0.957603
vt 0.552613 0.952662
vt 0.554299 0.954672
vt 0.548229 0.952211
vt 0.542589 0.956757
vt 0.547487 0.957044
vt 0.552353 0.959228
vt 0.544684 0.957394
vt 0.897639 0.561993
vt 0.885793 0.56169
vt 0.887236 0.537828
vt 0.527182 0.97505
vt 0.532128 0.97746
vt 0.52783 0.978194
vt 0.547328 0.970975
vt 0.555078 0.970486
vt 0.543672 0.981137
vt 0.52806 0.971729
vt 0.529369 0.970539
vt 0.532075 0.972916
vt 0.536903 0.972782
vt 0.541748 0.97059
vt 0.540568 0.975114
vt 0.527544 0.980236
vt 0.527947 0.982585
vt 0.524521 0.969972
vt 0.524863 0.971632
vt 0.53213 0.9811
vt 0.554103 0.977367
vt 0.343336 0.956805
vt 0.352555 0.955965
vt 0.349568 0.961911
vt 0.372291 0.959718
vt 0.367909 0.966739
vt 0.369148 0.95868
vt 0.395064 0.966739
vt 0.382987 0.964515
vt 0.390649 0.956207
vt 0.383898 0.955771
vt 0.378961 0.957401
vt 0.375155 0.958031
vt 0.375112 0.961864
vt 0.372316 0.964803
vt 0.377623 0.965973
vt 0.35622 0.966739
vt 0.362548 0.956855
vt 0.398888 0.956565
vt 0.374363 0.966739
vt 0.755981 0.0761865
vt 0.741123 0.0544647
vt 0.760574 0.0610887
vt 0.753864 0.0118017
vt 0.760574 0.039347
vt 0.723769 0.0367071
vt 0.654466 0.0290991
vt 0.671385 0.00967085
vt 0.688945 0.0329434
vt 0.704763 0.0149974
vt 0.639214 0.00641179
vt 0.406154 0.981254
vt 0.413293 0.982438
vt 0.407878 0.990608
vt 0.430679 0.985467
vt 0.429127 0.98537
vt 0.430026 0.982346
vt 0.423369 0.985602
vt 0.421245 0.986893
vt 0.421779 0.98423
vt 0.418008 0.988338
vt 0.39701 0.978477
vt 0.398665 0.991913
vt 0.389036 0.986571
vt 0.416471 0.980378
vt 0.418579 0.983291
vt 0.422727 0.981381
vt 0.425436 0.983001
vt 0.41983 0.992794
vt 0.415639 0.993413
vt 0.426 0.985413
vt 0.427642 0.982383
vt 0.424739 0.978121
vt 0.426011 0.978675
vt 0.421442 0.980203
vt 0.42611 0.979803
vt 0.425105 0.981122
vt 0.319436 0.987984
vt 0.310894 0.990483
vt 0.312204 0.983875
vt 0.323836 0.97994
vt 0.33254 0.987073
vt 0.296376 0.982993
vt 0.298156 0.985143
vt 0.295155 0.985385
vt 0.30095 0.983217
vt 0.29995 0.990843
vt 0.290131 0.982309
vt 0.293513 0.980079
vt 0.292927 0.984148
vt 0.347191 0.976486
vt 0.305543 0.987328
vt 0.322713 0.990853
vt 0.120826 0.0428272
vt 0.137603 0.0388271
vt 0.120826 0.069363
vt 0.238303 0.0540673
vt 0.224248 0.053221
vt 0.235096 0.0430907
vt 0.209483 0.0520832
vt 0.224871 0.0395251
vt 0.135897 0.0696155
vt 0.25261 0.0519896
vt 0.237151 0.0743806
vt 0.21505 0.0351904
vt 0.247922 0.0380913
vt 0.235544 0.0212681
vt 0.213087 0.0173105
vt 0.238512 0.00663567
vt 0.182996 0.00855058
vt 0.194144 0.0171178
vt 0.177967 0.0307818
vt 0.2117 0.0674548
vt 0.199357 0.0688939
vt 0.225417 0.0281323
vt 0.175739 0.073806
vt 0.151298 0.074389
vt 0.169561 0.0498056
vt 0.204023 0.0403806
vt 0.196783 0.0467635
vt 0.190596 0.0395151
vt 0.185559 0.0517088
vt 0.18884 0.0652096
vt 0.159319 0.037408
vt 0.257786 0.0622224
vt 0.27559 0.0711589
vt 0.256178 0.075316
vt 0.238879 0.0303257
vt 0.226413 0.0646736
vt 0.21523 0.0752863
vt 0.0118505 0.790414
vt 0.0145447 0.793696
vt 0.0124339 0.795611
vt 0.0112981 0.80065
vt 0.0172138 0.797045
vt 0.0168026 0.804156
vt 0.00921982 0.807985
vt 0.00523607 0.802809
vt 0.00448972 0.838846
vt 0.00408494 0.832488
vt 0.00977444 0.841838
vt 0.0255904 0.79572
vt 0.0226482 0.789747
vt 0.0278171 0.791231
vt 0.0219983 0.795423
vt 0.0200359 0.7933
vt 0.0463466 0.820441
vt 0.0395505 0.812912
vt 0.0465048 0.809025
vt 0.0182339 0.813092
vt 0.0212667 0.81781
vt 0.0126622 0.818162
vt 0.00266797 0.825033
vt 0.0106308 0.831137
vt 0.022796 0.801641
vt 0.0221655 0.810219
vt 0.0350141 0.821756
vt 0.041046 0.829354
vt 0.026941 0.800973
vt 0.0416793 0.804651
vt 0.0444894 0.799754
vt 0.0163065 0.809669
vt 0.052163 0.819053
vt 0.0502207 0.800758
vt 0.0551546 0.81131
vt 0.0069505 0.796473
vt 0.0406204 0.797438
vt 0.0364717 0.802612
vt 0.0176081 0.792049
vt 0.0164233 0.841362
vt 0.0184019 0.828461
vt 0.0210602 0.837684
vt 0.0296722 0.796408
vt 0.0334571 0.796102
vt 0.031142 0.802451
vt 0.0364762 0.842107
vt 0.0281359 0.819849
vt 0.033218 0.811318
vt 0.0276129 0.8076
vt 0.0249956 0.833745
vt 0.0317243 0.791755
vt 0.0453158 0.838843
vt 0.0236245 0.824792
vt 0.00230446 0.815155
vt 0.0372331 0.795013
vt 0.0214547 0.84416
vt 0.00478036 0.844412
vt 0.965255 0.785597
vt 0.97444 0.798543
vt 0.960171 0.79078
vt 0.933912 0.788121
vt 0.93835 0.799527
vt 0.930966 0.798033
vt 0.936922 0.808866
vt 0.948458 0.796682
vt 0.967451 0.800367
vt 0.964355 0.803238
vt 0.945081 0.804533
vt 0.955632 0.809271
vt 0.946155 0.814716
vt 0.919142 0.789956
vt 0.954476 0.778734
vt 0.963806 0.776235
vt 0.837806 0.100934
vt 0.824445 0.126849
vt 0.818256 0.0997469
vt 0.825026 0.0741472
vt 0.833183 0.0654269
vt 0.0611374 0.276546
vt 0.0810061 0.281302
vt 0.0790976 0.293912
vt 0.0636428 0.38611
vt 0.0583966 0.379721
vt 0.0700709 0.376299
vt 0.060787 0.414662
vt 0.0529229 0.410635
vt 0.0674539 0.40583
vt 0.0593993 0.350563
vt 0.0542289 0.352528
vt 0.055078 0.346319
vt 0.0364179 0.3759
vt 0.0508178 0.37466
vt 0.0461465 0.383982
vt 0.0634594 0.343532
vt 0.058253 0.33951
vt 0.0682954 0.340169
vt 0.0465942 0.296207
vt 0.0724012 0.305667
vt 0.0531099 0.317449
vt 0.0686308 0.317114
vt 0.069416 0.325084
vt 0.0809076 0.265852
vt 0.0644781 0.263526
vt 0.0666501 0.345383
vt 0.0615425 0.346256
vt 0.0810061 0.240583
vt 0.0810061 0.253805
vt 0.055098 0.240583
vt 0.0648547 0.36144
vt 0.06177 0.356669
vt 0.0750216 0.356517
vt 0.0311174 0.305461
vt 0.0602513 0.363786
vt 0.060926 0.37133
vt 0.051236 0.367113
vt 0.0616615 0.397245
vt 0.0717646 0.387504
vt 0.0417672 0.33568
vt 0.0489741 0.330936
vt 0.0491197 0.340247
vt 0.0632785 0.33657
vt 0.0721838 0.335749
vt 0.0669174 0.351139
vt 0.0704391 0.365046
vt 0.0313784 0.326256
vt 0.0485512 0.354768
vt 0.053541 0.359232
vt 0.0550042 0.388599
vt 0.0606663 0.330385
vt 0.0359203 0.340573
vt 0.0563383 0.286585
vt 0.0354166 0.270084
vt 0.0443738 0.396635
vt 0.0773217 0.403899
vt 0.0753764 0.412481
vt 0.080869 0.318205
vt 0.0809156 0.379478
vt 0.0425081 0.344006
vt 0.0514261 0.403141
vt 0.0408564 0.259653
vt 0.0450475 0.36202
vt 0.0484993 0.348353
vt 0.0775285 0.397714
vt 0.0307493 0.284111
vt 0.0810061 0.330928
vt 0.0425218 0.240807
vt 0.0362911 0.348718
vt 0.0809405 0.370168
vt 0.0801633 0.362513
vt 0.0406866 0.353541
vt 0.0355672 0.36148
vt 0.0810061 0.38839
vt 0.0778371 0.347838
vt 0.911981 0.588909
vt 0.909855 0.600104
vt 0.906139 0.591141
vt 0.914948 0.60986
vt 0.922144 0.608524
vt 0.921232 0.617341
vt 0.912367 0.622229
vt 0.916443 0.634659
vt 0.906596 0.634434
vt 0.92157 0.626186
vt 0.931343 0.623834
vt 0.888939 0.668758
vt 0.910272 0.669899
vt 0.895928 0.682124
vt 0.928514 0.616616
vt 0.942924 0.619252
vt 0.89381 0.638349
vt 0.90063 0.623627
vt 0.907285 0.612049
vt 0.917776 0.650573
vt 0.908852 0.643426
vt 0.902399 0.60523
vt 0.897465 0.612689
vt 0.930859 0.636001
vt 0.935408 0.687138
vt 0.930019 0.689382
vt 0.928391 0.684747
vt 0.901445 0.653391
vt 0.902511 0.641808
vt 0.937405 0.678051
vt 0.934364 0.682984
vt 0.929632 0.678348
vt 0.941202 0.710519
vt 0.942206 0.722614
vt 0.929741 0.719619
vt 0.920748 0.687393
vt 0.914618 0.69206
vt 0.913081 0.68638
vt 0.892318 0.629321
vt 0.927693 0.669526
vt 0.88521 0.60902
vt 0.892003 0.601146
vt 0.89491 0.696538
vt 0.892655 0.692085
vt 0.897032 0.69031
vt 0.94301 0.630859
vt 0.907404 0.685418
vt 0.905476 0.697724
vt 0.900918 0.691138
vt 0.899678 0.696249
vt 0.91439 0.682097
vt 0.926874 0.602624
vt 0.933561 0.60453
vt 0.932067 0.611744
vt 0.943168 0.642162
vt 0.92968 0.597816
vt 0.922631 0.594978
vt 0.921349 0.678955
vt 0.882483 0.651442
vt 0.90588 0.73845
vt 0.899148 0.720745
vt 0.911602 0.720911
vt 0.897413 0.701147
vt 0.907217 0.708652
vt 0.897735 0.707779
vt 0.916019 0.699987
vt 0.925744 0.695718
vt 0.927026 0.707761
vt 0.920988 0.718108
vt 0.916025 0.709599
vt 0.891539 0.738408
vt 0.881401 0.713463
vt 0.921117 0.601332
vt 0.888772 0.621885
vt 0.877348 0.73845
vt 0.93893 0.699004
vt 0.901856 0.598153
vt 0.926917 0.657669
vt 0.934477 0.661712
vt 0.937194 0.650543
vt 0.943421 0.660114
vt 0.916686 0.593702
vt 0.943207 0.671894
vt 0.924118 0.73845
vt 0.888876 0.700998
vt 0.920051 0.661958
vt 0.916705 0.602158
vt 0.942315 0.73845
vt 0.934745 0.692574
vt 0.89533 0.591585
vt 0.936082 0.690416
vt 0.502698 0.0513569
vt 0.497759 0.0637646
vt 0.496231 0.0459781
vt 0.487289 0.0395547
vt 0.489261 0.0314072
vt 0.489675 0.0424439
vt 0.487601 0.0484348
vt 0.485797 0.0480375
vt 0.488432 0.0436956
vt 0.496071 0.028547
vt 0.493709 0.0323011
vt 0.49242 0.0265822
vt 0.480862 0.0548535
vt 0.484752 0.052432
vt 0.484784 0.056443
vt 0.495551 0.0635098
vt 0.492816 0.0661862
vt 0.505106 0.0382614
vt 0.506634 0.0283685
vt 0.510901 0.0336726
vt 0.483407 0.0463891
vt 0.483903 0.048729
vt 0.481221 0.0493084
vt 0.511644 0.0471255
vt 0.487306 0.0547113
vt 0.490991 0.0651356
vt 0.484679 0.0649445
vt 0.48278 0.0602744
vt 0.49302 0.0403017
vt 0.49238 0.0335143
vt 0.499637 0.0384728
vt 0.527962 0.0335557
vt 0.538315 0.0278373
vt 0.531924 0.0575455
vt 0.502481 0.065449
vt 0.520404 0.0544263
vt 0.518755 0.0363449
vt 0.501731 0.0288765
vt 0.470264 0.0412577
vt 0.470442 0.030905
vt 0.473392 0.0420818
vt 0.552026 0.0258573
vt 0.562559 0.0629721
vt 0.545676 0.0596323
vt 0.508541 0.091222
vt 0.500144 0.0800291
vt 0.509324 0.0666454
vt 0.548527 0.0940726
vt 0.532409 0.0862324
vt 0.48173 0.0432003
vt 0.477527 0.0484607
vt 0.477106 0.0419447
vt 0.492624 0.0585241
vt 0.474353 0.0471705
vt 0.471018 0.0460118
vt 0.487267 0.069275
vt 0.487237 0.0834446
vt 0.494619 0.0416224
vt 0.520909 0.0238235
vt 0.512843 0.0271489
vt 0.490454 0.0449153
vt 0.467791 0.0490698
vt 0.465523 0.0451789
vt 0.568858 0.0258594
vt 0.572429 0.0987141
vt 0.583456 0.0648826
vt 0.48847 0.06187
vt 0.490026 0.0523622
vt 0.489202 0.0521548
vt 0.47797 0.051765
vt 0.471441 0.0515625
vt 0.48262 0.075189
vt 0.519324 0.0807157
vt 0.491855 0.0486473
vt 0.493757 0.0517657
vt 0.4794 0.0373902
vt 0.483792 0.0392484
vt 0.480981 0.0405443
vt 0.501168 0.0884978
vt 0.469973 0.0923612
vt 0.490983 0.0443619
vt 0.491 0.0510434
vt 0.475956 0.0631763
vt 0.472746 0.0622823
vt 0.475643 0.060012
vt 0.486516 0.0423279
vt 0.477483 0.0578136
vt 0.480086 0.0582951
vt 0.484424 0.0238235
vt 0.489376 0.0250119
vt 0.477132 0.0539222
vt 0.473447 0.0546296
vt 0.47889 0.0609426
vt 0.484664 0.0327957
vt 0.476382 0.0571728
vt 0.605642 0.100056
vt 0.477539 0.0654123
vt 0.480242 0.0641205
vt 0.483381 0.0645019
vt 0.473525 0.0579535
vt 0.605642 0.0618678
vt 0.588202 0.0256224
vt 0.484638 0.042203
vt 0.477655 0.0710918
vt 0.475359 0.0781854
vt 0.491087 0.059538
vt 0.479521 0.0668696
vt 0.605642 0.0242107
vt 0.147544 0.0934221
vt 0.145381 0.100182
vt 0.141479 0.0914121
vt 0.151097 0.100287
vt 0.147164 0.11876
vt 0.148029 0.126709
vt 0.140573 0.12187
vt 0.144631 0.106926
vt 0.140909 0.106885
vt 0.138463 0.101464
vt 0.157314 0.127198
vt 0.159928 0.133037
vt 0.154157 0.132931
vt 0.111479 0.173542
vt 0.125383 0.165145
vt 0.128465 0.186098
vt 0.128674 0.102942
vt 0.121746 0.107367
vt 0.118734 0.100432
vt 0.156097 0.163512
vt 0.163977 0.177301
vt 0.154422 0.179567
vt 0.177701 0.114649
vt 0.174399 0.121534
vt 0.173128 0.116248
vt 0.0307876 0.0812623
vt 0.0463769 0.0831759
vt 0.031061 0.110065
vt 0.159221 0.118253
vt 0.153956 0.116945
vt 0.158917 0.109826
vt 0.160829 0.150522
vt 0.169527 0.157828
vt 0.1368 0.108011
vt 0.156268 0.100938
vt 0.151751 0.106286
vt 0.162392 0.120405
vt 0.164319 0.116257
vt 0.160678 0.123186
vt 0.144339 0.1119
vt 0.118886 0.115184
vt 0.13047 0.119421
vt 0.122393 0.125344
vt 0.150225 0.111046
vt 0.112001 0.0933578
vt 0.113778 0.104737
vt 0.105244 0.0962961
vt 0.148224 0.106716
vt 0.0807436 0.105056
vt 0.0824514 0.0814574
vt 0.0959555 0.101426
vt 0.163787 0.0985203
vt 0.169886 0.089322
vt 0.170391 0.097967
vt 0.104037 0.125263
vt 0.137206 0.0927997
vt 0.175307 0.132686
vt 0.169919 0.127583
vt 0.179174 0.126294
vt 0.121734 0.135243
vt 0.113645 0.149565
vt 0.131764 0.146151
vt 0.148048 0.15735
vt 0.154798 0.152136
vt 0.149149 0.115603
vt 0.166919 0.120984
vt 0.205375 0.125874
vt 0.185671 0.130784
vt 0.192635 0.121101
vt 0.152599 0.089443
vt 0.14939 0.0812623
vt 0.158049 0.0835922
vt 0.176825 0.137278
vt 0.169205 0.133977
vt 0.166268 0.137661
vt 0.166168 0.14263
vt 0.162397 0.140014
vt 0.187879 0.141063
vt 0.167982 0.107422
vt 0.144379 0.0826877
vt 0.14609 0.0865133
vt 0.122778 0.0953359
vt 0.125059 0.0906958
vt 0.130819 0.0949039
vt 0.16478 0.133174
vt 0.0880583 0.155812
vt 0.080874 0.1254
vt 0.119432 0.0872592
vt 0.116227 0.0929124
vt 0.169819 0.114504
vt 0.177923 0.102203
vt 0.155129 0.122306
vt 0.184835 0.157385
vt 0.175965 0.174038
vt 0.163227 0.127674
vt 0.182591 0.119208
vt 0.150046 0.147216
vt 0.142848 0.149244
vt 0.164554 0.0872928
vt 0.0637354 0.131668
vt 0.0491023 0.136119
vt 0.135113 0.174939
vt 0.137914 0.159861
vt 0.107823 0.109832
vt 0.138035 0.114817
vt 0.129497 0.111578
vt 0.134567 0.0812623
vt 0.130584 0.086719
vt 0.205375 0.177555
vt 0.187702 0.177977
vt 0.134842 0.129613
vt 0.146489 0.138357
vt 0.14102 0.0828722
vt 0.142466 0.0877901
vt 0.155445 0.141418
vt 0.164898 0.146866
vt 0.168508 0.147577
vt 0.173073 0.148051
vt 0.168522 0.143879
vt 0.170028 0.140429
vt 0.182844 0.111414
vt 0.196156 0.153474
vt 0.197399 0.142724
vt 0.205375 0.142592
vt 0.144677 0.171276
vt 0.178657 0.144587
vt 0.065022 0.0818266
vt 0.148758 0.190246
vt 0.0965794 0.081496
vt 0.205369 0.153711
vt 0.0598951 0.107957
vt 0.158676 0.0928906
vt 0.153101 0.0962343
vt 0.106574 0.0812758
vt 0.191221 0.113907
vt 0.149276 0.205855
vt 0.0380911 0.933351
vt 0.0376771 0.924409
vt 0.0434983 0.927948
vt 0.11472 0.971256
vt 0.127736 0.974809
vt 0.119275 0.984894
vt 0.101494 0.966459
vt 0.103442 0.956625
vt 0.111043 0.960742
vt 0.031657 0.901288
vt 0.025151 0.899945
vt 0.030461 0.894776
vt 0.0342417 0.9468
vt 0.0332687 0.952857
vt 0.0275523 0.949402
vt 0.0374379 0.965227
vt 0.0402843 0.978294
vt 0.0304281 0.98014
vt 0.021249 0.907091
vt 0.0164366 0.90379
vt 0.0596688 0.911257
vt 0.0594022 0.91407
vt 0.0547202 0.913355
vt 0.0582914 0.917874
vt 0.0547489 0.921147
vt 0.0596986 0.906564
vt 0.0270097 0.964303
vt 0.0316497 0.963565
vt 0.0264728 0.921579
vt 0.0208019 0.926625
vt 0.0225582 0.918345
vt 0.0267215 0.90584
vt 0.0226894 0.91176
vt 0.0451802 0.945633
vt 0.0458688 0.960112
vt 0.0400043 0.950912
vt 0.0167842 0.950973
vt 0.0129703 0.944276
vt 0.017336 0.942079
vt 0.0374678 0.957013
vt 0.0551188 0.925971
vt 0.0612031 0.922441
vt 0.054348 0.931609
vt 0.0579182 0.927807
vt 0.0623693 0.911886
vt 0.061444 0.916482
vt 0.0489391 0.894202
vt 0.0539386 0.889824
vt 0.0555893 0.898587
vt 0.10187 0.999867
vt 0.0781446 0.966412
vt 0.085515 0.964309
vt 0.0818298 0.979101
vt 0.0514308 0.949479
vt 0.0610573 0.93011
vt 0.0595243 0.934533
vt 0.0654338 0.914589
vt 0.066004 0.907037
vt 0.0632821 0.897763
vt 0.0594955 0.887882
vt 0.0661505 0.935512
vt 0.0730887 0.959948
vt 0.0796558 0.956164
vt 0.0636139 0.999847
vt 0.0617794 0.971093
vt 0.0705129 0.971528
vt 0.0680768 0.927333
vt 0.135745 0.965265
vt 0.0265584 0.943351
vt 0.0353091 0.940684
vt 0.072869 0.901016
vt 0.068012 0.888037
vt 0.0954869 0.954835
vt 0.0926297 0.962673
vt 0.01229 0.925126
vt 0.0176287 0.919241
vt 0.0698966 0.918778
vt 0.0704656 0.910531
vt 0.0387807 0.917328
vt 0.0323054 0.920052
vt 0.0341055 0.913621
vt 0.0923162 0.977084
vt 0.0805883 0.999228
vt 0.124667 0.959515
vt 0.0369431 0.898273
vt 0.035285 0.904092
vt 0.0760267 0.924152
vt 0.0775001 0.912201
vt 0.0869923 0.95427
vt 0.0544331 0.974149
vt 0.075413 0.892378
vt 0.100242 0.947918
vt 0.110958 0.953251
vt 0.0755286 0.992104
vt 0.0800316 0.929837
vt 0.0812161 0.925621
vt 0.0870213 0.928475
vt 0.076235 0.975534
vt 0.055372 0.936416
vt 0.0542169 0.941875
vt 0.0518177 0.936907
vt 0.0897916 0.946235
vt 0.0841991 0.919707
vt 0.0736902 0.941012
vt 0.0804686 0.946827
vt 0.0712655 0.949925
vt 0.0828586 0.937466
vt 0.074334 0.932729
vt 0.0604341 0.948167
vt 0.0563224 0.95902
vt 0.0828502 0.903936
vt 0.0839502 0.895332
vt 0.0446629 0.89158
vt 0.0435216 0.89826
vt 0.0400261 0.891833
vt 0.0884282 0.910912
vt 0.046426 0.977903
vt 0.0425401 0.968653
vt 0.0312438 0.95837
vt 0.0815903 0.886465
vt 0.0953285 0.920115
vt 0.00806613 0.937503
vt 0.00952794 0.930727
vt 0.0187484 0.935512
vt 0.0449783 0.919034
vt 0.0426733 0.91199
vt 0.0484134 0.906993
vt 0.090615 0.902218
vt 0.0949973 0.895483
vt 0.0899816 0.885215
vt 0.0282789 0.934356
vt 0.0961974 0.92814
vt 0.0955366 0.936912
vt 0.102976 0.907463
vt 0.111117 0.942
vt 0.0414679 0.939877
vt 0.0285913 0.903572
vt 0.0303872 0.927233
vt 0.054532 0.905786
vt 0.108154 0.927789
vt 0.10454 0.918526
vt 0.113039 0.918572
vt 0.0662528 0.942777
vt 0.105022 0.894217
vt 0.114224 0.897224
vt 0.0652598 0.959664
vt 0.0512647 0.987396
vt 0.120363 0.949982
vt 0.141644 0.955323
vt 0.0120325 0.911
vt 0.0200992 0.915729
vt 0.0466891 0.935529
vt 0.049689 0.941486
vt 0.121421 0.911805
vt 0.0397662 0.944956
vt 0.0407448 0.905681
vt 0.0491086 0.914849
vt 0.0505234 0.918853
vt 0.0307568 0.908093
vt 0.0276174 0.915566
vt 0.0596181 0.939891
vt 0.0189738 0.961809
vt 0.0226585 0.957627
vt 0.0386122 0.911366
vt 0.0499363 0.925986
vt 0.0344788 0.891414
vt 0.130616 0.923709
vt 0.128454 0.935747
vt 0.127508 0.945192
vt 0.022239 0.892014
vt 0.0262547 0.892168
vt 0.0237815 0.886506
vt 0.0288991 0.887053
vt 0.0199328 0.896845
vt 0.025885 0.958109
vt 0.0203829 0.971748
vt 0.0263327 0.954337
vt 0.133888 0.906021
vt 0.0123531 0.957088
vt 0.0125837 0.96529
vt 0.0359975 0.908602
vt 0.0110627 0.919621
vt 0.0737617 0.888358
vt 0.0996315 0.887101
vt 0.74448 0.151322
vt 0.75355 0.150645
vt 0.751687 0.160475
vt 0.757925 0.157581
vt 0.763723 0.15942
vt 0.763891 0.14782
vt 0.772188 0.152592
vt 0.742761 0.165042
vt 0.758897 0.165829
vt 0.768731 0.167949
vt 0.753898 0.1727
vt 0.777664 0.161602
vt 0.783795 0.170361
vt 0.776709 0.174844
vt 0.750601 0.177355
vt 0.742354 0.182444
vt 0.762201 0.176544
vt 0.781509 0.180829
vt 0.770504 0.180442
vt 0.778956 0.185981
vt 0.78166 0.151012
vt 0.786604 0.158412
vt 0.779436 0.141572
vt 0.786858 0.140883
vt 0.788033 0.149571
vt 0.793324 0.142238
vt 0.801513 0.138896
vt 0.798376 0.145189
vt 0.794699 0.154466
vt 0.799401 0.133502
vt 0.801884 0.125462
vt 0.805023 0.123665
vt 0.803238 0.127904
vt 0.797502 0.127612
vt 0.800986 0.122493
vt 0.793323 0.134646
vt 0.793189 0.129035
vt 0.795368 0.123668
vt 0.795894 0.169466
vt 0.789562 0.127701
vt 0.789224 0.133587
vt 0.784497 0.136122
vt 0.786037 0.131906
vt 0.783615 0.125911
vt 0.781069 0.134718
vt 0.777039 0.132542
vt 0.773829 0.127072
vt 0.773565 0.140151
vt 0.768138 0.135251
vt 0.766403 0.129845
vt 0.757427 0.128453
vt 0.761238 0.122404
vt 0.766214 0.124527
vt 0.762806 0.132752
vt 0.757729 0.139513
vt 0.748986 0.134495
vt 0.743565 0.122751
vt 0.749065 0.142765
vt 0.739323 0.137504
vt 0.707707 0.156205
vt 0.716231 0.148874
vt 0.715004 0.159383
vt 0.696615 0.139136
vt 0.698693 0.144827
vt 0.692462 0.142189
vt 0.704577 0.149903
vt 0.700105 0.156014
vt 0.694554 0.152229
vt 0.713786 0.139296
vt 0.707419 0.142745
vt 0.707771 0.135929
vt 0.716788 0.132941
vt 0.698797 0.13266
vt 0.702049 0.138853
vt 0.732925 0.126925
vt 0.689323 0.137661
vt 0.691837 0.14688
vt 0.684455 0.144994
vt 0.736107 0.171459
vt 0.699014 0.162489
vt 0.727005 0.169384
vt 0.717795 0.168724
vt 0.725836 0.160417
vt 0.72233 0.123845
vt 0.727027 0.134373
vt 0.730772 0.175336
vt 0.731284 0.147696
vt 0.693388 0.158253
vt 0.720811 0.140437
vt 0.709559 0.126428
vt 0.710257 0.181774
vt 0.72019 0.181924
vt 0.707146 0.167474
vt 0.697316 0.173203
vt 0.701411 0.179989
vt 0.687406 0.151532
vt 0.683266 0.160268
vt 0.692629 0.167798
vt 0.690188 0.162754
vt 0.680628 0.152841
vt 0.677947 0.136759
vt 0.668489 0.15113
vt 0.670078 0.138683
vt 0.665352 0.134279
vt 0.933794 0.198996
vt 0.933224 0.20242
vt 0.929919 0.200101
vt 0.923681 0.218013
vt 0.919631 0.214221
vt 0.923223 0.213777
vt 0.917095 0.236386
vt 0.914149 0.231858
vt 0.917991 0.232599
vt 0.910066 0.260105
vt 0.912546 0.257976
vt 0.911462 0.260184
vt 0.92056 0.248931
vt 0.917401 0.251497
vt 0.916935 0.248951
vt 0.918064 0.240981
vt 0.915397 0.241204
vt 0.917908 0.247102
vt 0.915062 0.225683
vt 0.920815 0.226508
vt 0.917588 0.229289
vt 0.920101 0.221246
vt 0.920664 0.217949
vt 0.927777 0.216518
vt 0.925162 0.208976
vt 0.919031 0.234372
vt 0.923707 0.252522
vt 0.919541 0.237758
vt 0.920509 0.24658
vt 0.920219 0.230661
vt 0.931309 0.210701
vt 0.925174 0.22309
vt 0.952315 0.221345
vt 0.954047 0.217599
vt 0.955365 0.221576
vt 0.924372 0.247069
vt 0.921176 0.242879
vt 0.957123 0.225373
vt 0.952114 0.22888
vt 0.924622 0.227957
vt 0.932457 0.206039
vt 0.934366 0.207958
vt 0.929284 0.223425
vt 0.921259 0.23453
vt 0.92971 0.248439
vt 0.929341 0.237428
vt 0.926565 0.241146
vt 0.926404 0.236316
vt 0.923042 0.237848
vt 0.927336 0.22584
vt 0.932632 0.220037
vt 0.92884 0.254746
vt 0.924212 0.244149
vt 0.924121 0.232019
vt 0.926612 0.244625
vt 0.930423 0.242793
vt 0.914646 0.260609
vt 0.917554 0.255406
vt 0.928562 0.229473
vt 0.930442 0.226811
vt 0.934085 0.226476
vt 0.935341 0.251779
vt 0.934314 0.257714
vt 0.941975 0.217942
vt 0.938335 0.221695
vt 0.936515 0.216433
vt 0.931356 0.228887
vt 0.935673 0.244109
vt 0.941395 0.248641
vt 0.934269 0.23807
vt 0.928698 0.233074
vt 0.940564 0.211868
vt 0.943524 0.222535
vt 0.932599 0.232518
vt 0.942464 0.256049
vt 0.942191 0.240619
vt 0.937905 0.238306
vt 0.93072 0.23086
vt 0.944989 0.214862
vt 0.946193 0.219648
vt 0.942076 0.228653
vt 0.937215 0.23297
vt 0.948542 0.224445
vt 0.955882 0.216202
vt 0.941097 0.234973
vt 0.949844 0.216497
vt 0.947086 0.230839
vt 0.944728 0.234478
vt 0.946454 0.210925
vt 0.914911 0.245173
vt 0.918131 0.244447
vt 0.935128 0.19663
vt 0.936058 0.193986
vt 0.939181 0.196202
vt 0.956925 0.211798
vt 0.952697 0.21318
vt 0.920292 0.209664
vt 0.921307 0.205613
vt 0.956637 0.239629
vt 0.957682 0.231701
vt 0.963558 0.238597
vt 0.960291 0.215219
vt 0.95835 0.219604
vt 0.973392 0.256934
vt 0.963537 0.250008
vt 0.969169 0.251442
vt 0.953423 0.234568
vt 0.91149 0.253046
vt 0.914311 0.249318
vt 0.911424 0.247554
vt 0.962202 0.218913
vt 0.958837 0.222795
vt 0.915688 0.209043
vt 0.914112 0.214235
vt 0.910996 0.208149
vt 0.960033 0.196682
vt 0.960065 0.204979
vt 0.955253 0.202799
vt 0.969894 0.24475
vt 0.954623 0.208534
vt 0.952671 0.206867
vt 0.907156 0.257474
vt 0.95497 0.1942
vt 0.949213 0.200713
vt 0.950068 0.195029
vt 0.952837 0.199771
vt 0.960258 0.224723
vt 0.964728 0.228506
vt 0.964863 0.22045
vt 0.973656 0.228667
vt 0.976865 0.236787
vt 0.970371 0.236511
vt 0.935155 0.184487
vt 0.932698 0.188751
vt 0.929097 0.185451
vt 0.919488 0.194742
vt 0.922966 0.191574
vt 0.927493 0.191934
vt 0.965056 0.214623
vt 0.972373 0.21582
vt 0.975857 0.243246
vt 0.91231 0.238085
vt 0.909508 0.232971
vt 0.944738 0.191836
vt 0.941612 0.187157
vt 0.948502 0.188413
vt 0.981614 0.256246
vt 0.974358 0.249651
vt 0.979632 0.248239
vt 0.91721 0.206162
vt 0.926866 0.18515
vt 0.925922 0.189349
vt 0.966323 0.207741
vt 0.926999 0.257781
vt 0.92842 0.260291
vt 0.981853 0.242542
vt 0.967263 0.197637
vt 0.913714 0.204832
vt 0.967634 0.257443
vt 0.959493 0.190022
vt 0.954333 0.186655
vt 0.927809 0.195407
vt 0.923328 0.198651
vt 0.918563 0.203813
vt 0.950792 0.205111
vt 0.949057 0.249804
vt 0.948578 0.183492
vt 0.932729 0.262424
vt 0.938099 0.207001
vt 0.937732 0.200487
vt 0.942129 0.204422
vt 0.946751 0.196865
vt 0.945949 0.202536
vt 0.929223 0.205069
vt 0.92498 0.20331
vt 0.932364 0.215358
vt 0.943714 0.209399
vt 0.961649 0.210339
vt 0.94518 0.205523
vt 0.942247 0.197459
vt 0.918774 0.200292
vt 0.921373 0.202077
vt 0.947518 0.206195
vt 0.946368 0.207505
vt 0.909626 0.226485
vt 0.911687 0.229283
vt 0.949584 0.237971
vt 0.955523 0.247011
vt 0.935737 0.204694
vt 0.950544 0.209908
vt 0.935959 0.211157
vt 0.932283 0.195653
vt 0.920216 0.190891
vt 0.912034 0.219151
vt 0.915498 0.220842
vt 0.913643 0.222448
vt 0.9343 0.213797
vt 0.939644 0.192961
vt 0.92571 0.259134
vt 0.922019 0.260405
vt 0.925353 0.257043
vt 0.910969 0.223275
vt 0.960494 0.257495
vt 0.951506 0.261178
vt 0.910645 0.24238
vt 0.908786 0.244865
vt 0.934125 0.192019
vt 0.939215 0.260465
vt 0.907668 0.25387
vt 0.907074 0.249303
vt 0.917649 0.217859
vt 0.938803 0.189709
vt 0.90481 0.253944
vt 0.941422 0.183016
vt 0.913831 0.199534
vt 0.907745 0.229817
vt 0.908471 0.237122
vt 0.604267 0.1264
vt 0.607887 0.130906
vt 0.60399 0.129799
vt 0.598517 0.132716
vt 0.601289 0.130923
vt 0.603783 0.137842
vt 0.574705 0.141247
vt 0.57712 0.146373
vt 0.573189 0.146913
vt 0.547621 0.143311
vt 0.551835 0.152039
vt 0.541655 0.152685
vt 0.505511 0.140745
vt 0.500144 0.138242
vt 0.509281 0.127406
vt 0.562185 0.14031
vt 0.563006 0.132177
vt 0.567243 0.136388
vt 0.521952 0.0922995
vt 0.516543 0.111454
vt 0.504844 0.102341
vt 0.568899 0.142929
vt 0.569076 0.150317
vt 0.587287 0.110593
vt 0.592 0.107455
vt 0.59493 0.1145
vt 0.56728 0.102977
vt 0.571606 0.110191
vt 0.563031 0.109133
vt 0.579799 0.128388
vt 0.586651 0.126371
vt 0.58577 0.135604
vt 0.539706 0.106605
vt 0.547671 0.100887
vt 0.546817 0.115409
vt 0.51176 0.146126
vt 0.507152 0.163953
vt 0.498742 0.15426
vt 0.527304 0.135154
vt 0.530287 0.119175
vt 0.557407 0.113044
vt 0.555915 0.103832
vt 0.556917 0.146251
vt 0.580651 0.140562
vt 0.584928 0.141764
vt 0.573521 0.125244
vt 0.574711 0.130634
vt 0.505608 0.115466
vt 0.573835 0.152951
vt 0.57795 0.134548
vt 0.588064 0.141792
vt 0.598749 0.123189
vt 0.601924 0.123253
vt 0.600561 0.126066
vt 0.587341 0.11838
vt 0.579846 0.121238
vt 0.579004 0.11271
vt 0.531074 0.159222
vt 0.52129 0.151251
vt 0.534697 0.145497
vt 0.568695 0.155343
vt 0.581792 0.146554
vt 0.555246 0.139549
vt 0.616878 0.1697
vt 0.621232 0.176189
vt 0.613353 0.174431
vt 0.556065 0.120683
vt 0.572595 0.118619
vt 0.577331 0.101556
vt 0.580805 0.163999
vt 0.587453 0.16645
vt 0.581285 0.170134
vt 0.550661 0.134311
vt 0.547929 0.126537
vt 0.556736 0.128629
vt 0.586965 0.147586
vt 0.592477 0.141748
vt 0.540727 0.134995
vt 0.572271 0.135842
vt 0.578765 0.151562
vt 0.568942 0.160847
vt 0.571662 0.161514
vt 0.573511 0.163428
vt 0.602324 0.115549
vt 0.599494 0.120017
vt 0.569177 0.130674
vt 0.59873 0.139256
vt 0.593053 0.133129
vt 0.595261 0.124767
vt 0.610815 0.115895
vt 0.604707 0.111231
vt 0.606886 0.105574
vt 0.573672 0.15896
vt 0.578118 0.155647
vt 0.575522 0.156655
vt 0.636167 0.177177
vt 0.645116 0.169988
vt 0.644065 0.175834
vt 0.618829 0.117983
vt 0.622365 0.113935
vt 0.626417 0.118589
vt 0.562153 0.10466
vt 0.604135 0.124023
vt 0.607118 0.125223
vt 0.605239 0.120776
vt 0.56421 0.116233
vt 0.60463 0.143772
vt 0.599579 0.147194
vt 0.61302 0.0966912
vt 0.621306 0.0968906
vt 0.617368 0.105875
vt 0.582345 0.15133
vt 0.635173 0.157465
vt 0.637265 0.16259
vt 0.632727 0.161583
vt 0.557775 0.134461
vt 0.544041 0.174824
vt 0.541508 0.163524
vt 0.547442 0.168432
vt 0.528659 0.107554
vt 0.535057 0.0997332
vt 0.605479 0.134104
vt 0.538704 0.126303
vt 0.593262 0.152357
vt 0.601085 0.154477
vt 0.521237 0.164214
vt 0.584403 0.155865
vt 0.596414 0.106967
vt 0.60194 0.106743
vt 0.600048 0.110764
vt 0.608458 0.142687
vt 0.666782 0.159414
vt 0.657921 0.157109
vt 0.664049 0.15139
vt 0.656781 0.14905
vt 0.565108 0.124106
vt 0.621069 0.122104
vt 0.609343 0.138163
vt 0.62181 0.138396
vt 0.631431 0.13875
vt 0.628799 0.147278
vt 0.606109 0.150238
vt 0.593749 0.161991
vt 0.587793 0.160227
vt 0.583416 0.106453
vt 0.588234 0.102853
vt 0.578068 0.160025
vt 0.517369 0.139174
vt 0.652617 0.15642
vt 0.647351 0.1482
vt 0.643444 0.145961
vt 0.646272 0.142882
vt 0.637644 0.147427
vt 0.640468 0.155064
vt 0.645909 0.152241
vt 0.646885 0.159177
vt 0.631356 0.15306
vt 0.63492 0.152246
vt 0.651304 0.151034
vt 0.650214 0.13737
vt 0.641857 0.13772
vt 0.641946 0.16217
vt 0.652777 0.143462
vt 0.649972 0.146757
vt 0.628705 0.131715
vt 0.657306 0.162378
vt 0.633947 0.132127
vt 0.636125 0.136012
vt 0.634333 0.126505
vt 0.639502 0.130821
vt 0.654335 0.169776
vt 0.661096 0.165565
vt 0.663812 0.171903
vt 0.638675 0.141065
vt 0.642644 0.142035
vt 0.64869 0.177937
vt 0.651065 0.163835
vt 0.645891 0.16452
vt 0.641736 0.16747
vt 0.666152 0.166936
vt 0.627324 0.155149
vt 0.648598 0.127704
vt 0.612508 0.122187
vt 0.609855 0.122379
vt 0.588086 0.172442
vt 0.584832 0.171174
vt 0.616116 0.123722
vt 0.611699 0.126798
vt 0.610461 0.102597
vt 0.632659 0.17384
vt 0.637102 0.167748
vt 0.638134 0.171693
vt 0.574336 0.17033
vt 0.616903 0.112749
vt 0.612799 0.108679
vt 0.601774 0.166431
vt 0.597207 0.167151
vt 0.599755 0.161871
vt 0.527046 0.167316
vt 0.513693 0.177068
vt 0.505334 0.175464
vt 0.516895 0.16974
vt 0.627195 0.169652
vt 0.623499 0.167829
vt 0.620889 0.146305
vt 0.619975 0.15099
vt 0.614174 0.145473
vt 0.564454 0.157064
vt 0.563486 0.160963
vt 0.556904 0.160274
vt 0.559578 0.154416
vt 0.523065 0.175463
vt 0.626688 0.161908
vt 0.628699 0.165333
vt 0.531853 0.168935
vt 0.533268 0.179491
vt 0.594922 0.173848
vt 0.599679 0.169943
vt 0.624148 0.108731
vt 0.629772 0.110087
vt 0.629012 0.114282
vt 0.53731 0.170985
vt 0.610513 0.148118
vt 0.609669 0.177485
vt 0.607424 0.173475
vt 0.633391 0.116527
vt 0.629708 0.121383
vt 0.548723 0.157885
vt 0.553129 0.174738
vt 0.551153 0.164802
vt 0.629878 0.124436
vt 0.636205 0.120692
vt 0.606076 0.156753
vt 0.611325 0.170403
vt 0.564283 0.149581
vt 0.559227 0.168869
vt 0.577861 0.174462
vt 0.590687 0.174649
vt 0.591048 0.172123
vt 0.563251 0.166117
vt 0.604781 0.161868
vt 0.607846 0.16636
vt 0.632559 0.166533
vt 0.567769 0.173797
vt 0.626398 0.124679
vt 0.606519 0.17999
vt 0.603327 0.177174
vt 0.607058 0.177425
vt 0.56828 0.166072
vt 0.618132 0.134392
vt 0.615348 0.139665
vt 0.613015 0.133977
vt 0.628612 0.174104
vt 0.621367 0.125229
vt 0.622314 0.127716
vt 0.626965 0.127558
vt 0.622425 0.131331
vt 0.624879 0.122567
vt 0.61723 0.12957
vt 0.583751 0.174178
vt 0.601629 0.1723
vt 0.560766 0.175459
vt 0.592248 0.16877
vt 0.616292 0.151831
vt 0.611377 0.15403
vt 0.631051 0.176192
vt 0.621241 0.155816
vt 0.617228 0.15797
vt 0.610724 0.159827
vt 0.624061 0.159142
vt 0.621721 0.159116
vt 0.620085 0.163147
vt 0.612771 0.166975
vt 0.61362 0.162945
vt 0.608402 0.179089
vt 0.62622 0.102834
vt 0.599022 0.176486
vt 0.613534 0.180236
vt 0.239009 0.89941
vt 0.231516 0.901189
vt 0.233386 0.894327
vt 0.220567 0.883575
vt 0.216105 0.87798
vt 0.227484 0.877524
vt 0.239994 0.904876
vt 0.249415 0.898891
vt 0.247341 0.912963
vt 0.216047 0.890119
vt 0.222314 0.889884
vt 0.233596 0.888403
vt 0.22774 0.892051
vt 0.227967 0.885217
vt 0.226834 0.899713
vt 0.241275 0.889404
vt 0.245568 0.894115
vt 0.21445 0.884245
vt 0.218049 0.895028
vt 0.222546 0.895349
vt 0.2181 0.901411
vt 0.25729 0.903429
vt 0.850945 0.746028
vt 0.847298 0.742968
vt 0.854844 0.743682
vt 0.860641 0.744303
vt 0.86041 0.740942
vt 0.864146 0.742745
vt 0.806416 0.774193
vt 0.80377 0.767075
vt 0.813716 0.769886
vt 0.865753 0.770681
vt 0.870478 0.76908
vt 0.872076 0.773732
vt 0.849996 0.77002
vt 0.843121 0.765776
vt 0.852698 0.7665
vt 0.769021 0.82448
vt 0.776481 0.819474
vt 0.775381 0.835025
vt 0.857966 0.745773
vt 0.847915 0.747433
vt 0.852894 0.750869
vt 0.84702 0.751388
vt 0.847227 0.758977
vt 0.838111 0.761657
vt 0.83949 0.757434
vt 0.86525 0.7735
vt 0.886686 0.832225
vt 0.862931 0.830698
vt 0.87975 0.808779
vt 0.769376 0.783042
vt 0.772919 0.777847
vt 0.775639 0.783205
vt 0.839535 0.753328
vt 0.845746 0.755201
vt 0.83475 0.80397
vt 0.838863 0.790606
vt 0.848252 0.800378
vt 0.840026 0.728099
vt 0.844328 0.727371
vt 0.841651 0.731969
vt 0.852922 0.75543
vt 0.860776 0.755286
vt 0.855708 0.761441
vt 0.799998 0.747931
vt 0.799954 0.751588
vt 0.796246 0.750829
vt 0.782725 0.825723
vt 0.787146 0.75223
vt 0.78342 0.750241
vt 0.786334 0.750441
vt 0.842578 0.779048
vt 0.851991 0.787585
vt 0.772108 0.880158
vt 0.780421 0.884757
vt 0.770374 0.891095
vt 0.77121 0.869332
vt 0.768514 0.857921
vt 0.779049 0.855693
vt 0.865091 0.795213
vt 0.864453 0.782951
vt 0.888772 0.778246
vt 0.826062 0.729311
vt 0.82904 0.728246
vt 0.83226 0.73075
vt 0.864635 0.853929
vt 0.846505 0.8474
vt 0.867947 0.914869
vt 0.901636 0.949895
vt 0.862054 0.949895
vt 0.827707 0.816669
vt 0.840729 0.815576
vt 0.865149 0.745423
vt 0.845475 0.773483
vt 0.85196 0.77692
vt 0.811614 0.759376
vt 0.810527 0.760853
vt 0.808456 0.757777
vt 0.772784 0.848796
vt 0.76714 0.843226
vt 0.874188 0.764285
vt 0.879276 0.766229
vt 0.876796 0.771361
vt 0.83203 0.701222
vt 0.828196 0.70257
vt 0.828536 0.699479
vt 0.812927 0.928458
vt 0.787241 0.926316
vt 0.803703 0.909986
vt 0.761411 0.882519
vt 0.755622 0.870654
vt 0.759315 0.861399
vt 0.831592 0.759047
vt 0.831933 0.762143
vt 0.827594 0.757002
vt 0.759333 0.94878
vt 0.747507 0.927642
vt 0.769151 0.922777
vt 0.804576 0.762129
vt 0.805941 0.760556
vt 0.809134 0.762118
vt 0.767061 0.833493
vt 0.800606 0.762587
vt 0.799321 0.759041
vt 0.854818 0.749265
vt 0.856859 0.75105
vt 0.775562 0.806863
vt 0.771748 0.808631
vt 0.772658 0.79837
vt 0.828707 0.771563
vt 0.828532 0.783463
vt 0.815861 0.779264
vt 0.826352 0.712554
vt 0.822336 0.711816
vt 0.82551 0.708481
vt 0.868286 0.764198
vt 0.871806 0.761683
vt 0.869885 0.765793
vt 0.812695 0.85212
vt 0.829562 0.860459
vt 0.814841 0.870614
vt 0.763247 0.852666
vt 0.760369 0.847842
vt 0.780976 0.812254
vt 0.781415 0.800135
vt 0.805341 0.780522
vt 0.798013 0.77732
vt 0.75563 0.852055
vt 0.831581 0.711391
vt 0.835587 0.714492
vt 0.829431 0.713924
vt 0.812544 0.737409
vt 0.807272 0.737077
vt 0.807993 0.733736
vt 0.817196 0.8156
vt 0.824535 0.806918
vt 0.788672 0.817692
vt 0.894726 0.90035
vt 0.933652 0.925494
vt 0.868329 0.777185
vt 0.862378 0.774767
vt 0.828372 0.879113
vt 0.821557 0.898812
vt 0.810793 0.887618
vt 0.833149 0.753369
vt 0.834176 0.755937
vt 0.840413 0.889127
vt 0.840182 0.92262
vt 0.808771 0.764899
vt 0.83663 0.76633
vt 0.831804 0.765757
vt 0.804391 0.764336
vt 0.770373 0.789192
vt 0.788152 0.848582
vt 0.79343 0.860705
vt 0.886885 0.862965
vt 0.911179 0.836177
vt 0.909519 0.871482
vt 0.861173 0.748928
vt 0.857642 0.773267
vt 0.781467 0.763266
vt 0.785062 0.761481
vt 0.783012 0.764841
vt 0.849931 0.739178
vt 0.815097 0.764294
vt 0.843583 0.868538
vt 0.853881 0.780316
vt 0.859659 0.776921
vt 0.816964 0.741038
vt 0.81366 0.742099
vt 0.781781 0.844323
vt 0.78859 0.83979
vt 0.828851 0.710103
vt 0.828329 0.706079
vt 0.828643 0.696389
vt 0.831934 0.697763
vt 0.840515 0.713905
vt 0.839453 0.716748
vt 0.817371 0.761362
vt 0.839969 0.742736
vt 0.835489 0.739821
vt 0.841371 0.739323
vt 0.805709 0.866668
vt 0.790449 0.831058
vt 0.798511 0.822529
vt 0.799527 0.839848
vt 0.780873 0.775816
vt 0.819846 0.749338
vt 0.817081 0.753094
vt 0.814679 0.74898
vt 0.796752 0.761681
vt 0.795192 0.75999
vt 0.792452 0.745142
vt 0.792732 0.74152
vt 0.798823 0.741335
vt 0.778104 0.752354
vt 0.781889 0.754889
vt 0.794407 0.872618
vt 0.783049 0.834934
vt 0.856394 0.74747
vt 0.869423 0.752873
vt 0.866495 0.754597
vt 0.869212 0.75173
vt 0.829369 0.765996
vt 0.867133 0.766917
vt 0.86523 0.767425
vt 0.78863 0.764222
vt 0.85314 0.729972
vt 0.855385 0.727705
vt 0.858778 0.731254
vt 0.836598 0.744233
vt 0.842782 0.74557
vt 0.792006 0.75103
vt 0.790351 0.748491
vt 0.813399 0.731291
vt 0.811383 0.725088
vt 0.815618 0.728958
vt 0.825355 0.759363
vt 0.820564 0.758099
vt 0.822822 0.757931
vt 0.780265 0.769864
vt 0.774442 0.771949
vt 0.747812 0.880599
vt 0.816724 0.790997
vt 0.819448 0.826895
vt 0.830622 0.828624
vt 0.860666 0.769848
vt 0.858198 0.767951
vt 0.770348 0.905078
vt 0.782599 0.895071
vt 0.785847 0.909151
vt 0.779044 0.76659
vt 0.785633 0.769067
vt 0.835381 0.720993
vt 0.833826 0.718221
vt 0.835617 0.717928
vt 0.831396 0.756269
vt 0.828496 0.753063
vt 0.790733 0.773731
vt 0.869559 0.755042
vt 0.873603 0.756269
vt 0.866395 0.759557
vt 0.793452 0.768411
vt 0.853228 0.747794
vt 0.798893 0.771843
vt 0.846051 0.763342
vt 0.845089 0.723649
vt 0.842511 0.722598
vt 0.845807 0.721098
vt 0.880591 0.77099
vt 0.884197 0.768517
vt 0.866392 0.749302
vt 0.798084 0.809296
vt 0.797565 0.796565
vt 0.806858 0.799824
vt 0.864913 0.752464
vt 0.807487 0.812639
vt 0.816374 0.803375
vt 0.863012 0.766199
vt 0.789179 0.781292
vt 0.783939 0.874837
vt 0.832174 0.746249
vt 0.83181 0.742222
vt 0.82343 0.730474
vt 0.819025 0.72686
vt 0.831017 0.708194
vt 0.832185 0.705309
vt 0.833571 0.708372
vt 0.827636 0.94984
vt 0.834842 0.706493
vt 0.839485 0.708101
vt 0.933916 0.877209
vt 0.83421 0.75897
vt 0.856783 0.738686
vt 0.833672 0.750229
vt 0.840272 0.748449
vt 0.806348 0.788258
vt 0.866707 0.741502
vt 0.869145 0.74432
vt 0.821404 0.837826
vt 0.831077 0.84275
vt 0.802998 0.879017
vt 0.789972 0.883371
vt 0.826786 0.795676
vt 0.842116 0.711556
vt 0.838019 0.710822
vt 0.826421 0.715208
vt 0.778278 0.790848
vt 0.786387 0.949895
vt 0.754601 0.909144
vt 0.857284 0.813001
vt 0.912228 0.797928
vt 0.79978 0.743249
vt 0.806784 0.742322
vt 0.807013 0.744847
vt 0.844671 0.829888
vt 0.797016 0.893663
vt 0.829429 0.735869
vt 0.838368 0.720716
vt 0.847327 0.73039
vt 0.844402 0.732486
vt 0.933916 0.810796
vt 0.806262 0.721576
vt 0.804616 0.727176
vt 0.838706 0.7185
vt 0.841713 0.719771
vt 0.824303 0.746838
vt 0.823378 0.751097
vt 0.808507 0.825735
vt 0.826503 0.721717
vt 0.828133 0.718739
vt 0.830751 0.720043
vt 0.860491 0.764359
vt 0.828905 0.770114
vt 0.828384 0.76764
vt 0.829314 0.76782
vt 0.864592 0.879983
vt 0.812173 0.836814
vt 0.782403 0.784432
vt 0.787775 0.791895
vt 0.822827 0.738392
vt 0.825329 0.738812
vt 0.824198 0.74211
vt 0.852048 0.735831
vt 0.852869 0.732757
vt 0.858276 0.735172
vt 0.795266 0.746091
vt 0.826674 0.73706
vt 0.82635 0.733325
vt 0.825406 0.7177
vt 0.819634 0.739734
vt 0.825001 0.71489
vt 0.815826 0.736126
vt 0.837031 0.724531
vt 0.839681 0.724441
vt 0.844155 0.712491
vt 0.836953 0.734897
vt 0.840827 0.735013
vt 0.755552 0.895251
vt 0.844014 0.736161
vt 0.825109 0.765145
vt 0.809043 0.739775
vt 0.827426 0.767749
vt 0.849319 0.722862
vt 0.834053 0.724668
vt 0.83221 0.723888
vt 0.833334 0.721201
vt 0.848714 0.72745
vt 0.804829 0.751023
vt 0.795304 0.763501
vt 0.790405 0.757401
vt 0.740414 0.891198
vt 0.86629 0.763531
vt 0.76724 0.795431
vt 0.820033 0.735429
vt 0.846731 0.733284
vt 0.797255 0.785443
vt 0.829547 0.725783
vt 0.828907 0.739804
vt 0.849081 0.717615
vt 0.789376 0.804891
vt 0.823902 0.703104
vt 0.84459 0.717452
vt 0.848073 0.713698
vt 0.823932 0.735997
vt 0.822348 0.733429
vt 0.828206 0.71674
vt 0.816844 0.745407
vt 0.820628 0.744348
vt 0.933568 0.848971
vt 0.834522 0.703363
vt 0.837546 0.731503
vt 0.863462 0.737229
vt 0.826445 0.764836
vt 0.82645 0.762907
vt 0.828091 0.765089
vt 0.832968 0.71824
vt 0.837222 0.728372
vt 0.820129 0.731793
vt 0.802848 0.733881
vt 0.801526 0.74508
vt 0.823761 0.761504
vt 0.810534 0.754435
vt 0.808842 0.750016
vt 0.833806 0.716669
vt 0.831355 0.716471
vt 0.820064 0.719133
vt 0.821404 0.723786
vt 0.820076 0.714489
vt 0.8282 0.744325
vt 0.881652 0.767927
vt 0.825922 0.726528
vt 0.828216 0.748865
vt 0.800111 0.738591
vt 0.818418 0.759264
vt 0.779207 0.761696
vt 0.81619 0.72144
vt 0.793399 0.752745
vt 0.809918 0.719873
vt 0.823644 0.754764
vt 0.820629 0.753843
vt 0.787072 0.748042
vt 0.804952 0.747035
vt 0.818751 0.756305
vt 0.821757 0.756489
vt 0.784178 0.759164
vt 0.797896 0.729471
vt 0.812655 0.745446
vt 0.810245 0.747637
vt 0.776131 0.754675
vt 0.777 0.75813
vt 0.813035 0.75208
vt 0.78233 0.758082
vt 0.802314 0.740819
vt 0.815926 0.756255
vt 0.797259 0.735695
vt 0.805563 0.738878
vt 0.812047 0.749531
vt 0.828624 0.762239
vt 0.804 0.759196
vt 0.796301 0.755504
vt 0.793095 0.738421
vt 0.80678 0.759274
vt 0.794189 0.749489
vt 0.803087 0.755936
vt 0.810025 0.757137
vt 0.790818 0.741405
vt 0.808019 0.755816
vt 0.789721 0.738836
vt 0.809356 0.75731
vt 0.788447 0.742268
vt 6.48102e-05 0.658143
vt 4.80871e-05 0.648751
vt 0.00777818 0.649787
vt 0.0364839 0.76124
vt 0.0371581 0.756903
vt 0.0430689 0.761075
vt 0.0399388 0.764351
vt 0.035437 0.765353
vt 0.0436863 0.749274
vt 0.045625 0.754554
vt 0.0415247 0.754973
vt 0.0395602 0.7686
vt 0.034612 0.769465
vt 0.0486943 0.75829
vt 0.0460871 0.768149
vt 0.033139 0.652601
vt 0.0372696 0.65521
vt 0.0335931 0.657182
vt 0.0497204 0.763669
vt 0.108327 0.693627
vt 0.108532 0.686882
vt 0.113461 0.689594
vt 0.0455914 0.775477
vt 0.0302419 0.761444
vt 0.0184787 0.74045
vt 0.0223119 0.737724
vt 0.020689 0.740022
vt 0.0870502 0.65907
vt 0.0846648 0.662965
vt 0.0822202 0.657076
vt 0.0309816 0.655485
vt 0.0300499 0.653141
vt 0.0309258 0.766901
vt 0.0294804 0.772393
vt 0.0247086 0.766611
vt 0.0888424 0.728066
vt 0.0913791 0.72963
vt 0.087064 0.729808
vt 0.0103703 0.704996
vt 0.00296807 0.707183
vt 0.00539931 0.700419
vt 0.0113786 0.699207
vt 0.0366309 0.751473
vt 0.0328108 0.754148
vt 0.00543315 0.712653
vt 0.00990345 0.710886
vt 0.0967571 0.709463
vt 0.0951583 0.716574
vt 0.091273 0.711585
vt 0.00500248 0.695771
vt 0.0332289 0.758146
vt 0.0295027 0.755812
vt 0.0172065 0.704086
vt 0.0333458 0.745627
vt 0.0382218 0.746337
vt 0.0274966 0.663345
vt 0.0289581 0.660492
vt 0.0311445 0.660662
vt 0.0300805 0.74883
vt 0.0364733 0.742818
vt 0.0275925 0.658366
vt 0.0209709 0.659254
vt 0.0223451 0.6523
vt 0.017048 0.766305
vt 0.0191723 0.76244
vt 0.0235131 0.760109
vt 0.0754064 0.699552
vt 0.0793443 0.703446
vt 0.0725708 0.704853
vt 0.0258696 0.757285
vt 0.0278216 0.752264
vt 0.0677442 0.710575
vt 0.0641696 0.704817
vt 0.00102742 0.642917
vt 0.033494 0.742373
vt 0.100293 0.718465
vt 0.101698 0.72348
vt 0.0970415 0.722459
vt 0.0108732 0.765963
vt 0.0130857 0.760341
vt 0.0242277 0.753292
vt 0.0172231 0.758652
vt 0.0202169 0.755442
vt 0.0345001 0.714311
vt 0.0337697 0.710857
vt 0.0384105 0.712953
vt 0.0895803 0.693874
vt 0.0835999 0.69284
vt 0.092077 0.687973
vt 0.0493542 0.73328
vt 0.0460749 0.729429
vt 0.0507695 0.727992
vt 0.0398824 0.735845
vt 0.0400427 0.729756
vt 0.0444996 0.734202
vt 0.0336131 0.698707
vt 0.0318058 0.702295
vt 0.0286387 0.699728
vt 0.0911556 0.69664
vt 0.0914005 0.698713
vt 0.0874563 0.697931
vt 0.0252968 0.748317
vt 0.029172 0.742141
vt 0.0351519 0.733735
vt 0.0348561 0.738883
vt 0.0865492 0.725746
vt 0.0872715 0.721633
vt 0.0836841 0.723233
vt 0.0698878 0.689229
vt 0.0776303 0.687435
vt 0.075812 0.694109
vt 0.00629841 0.641772
vt 0.014106 0.641657
vt 0.00739955 0.761208
vt 0.101844 0.68379
vt 0.109239 0.68227
vt 0.0439271 0.722435
vt 0.03727 0.717622
vt 0.0385538 0.771984
vt 0.0217684 0.743022
vt 0.0341925 0.644168
vt 0.0303145 0.643404
vt 0.0356113 0.640962
vt 0.0592327 0.711209
vt 0.0314385 0.736507
vt 0.0160089 0.755468
vt 0.0635646 0.69285
vt 0.0571246 0.69092
vt 0.0622429 0.687008
vt 0.0112999 0.755743
vt 0.0195252 0.750797
vt 0.0285821 0.705849
vt 0.0265107 0.710765
vt 0.0231044 0.703567
vt 0.0305968 0.716478
vt 0.0307396 0.713022
vt 0.0518291 0.696423
vt 0.0479399 0.696188
vt 0.0510951 0.692594
vt 0.0212942 0.709638
vt 0.0342475 0.72306
vt 0.00536473 0.635355
vt 0.0298943 0.731807
vt 0.116741 0.685606
vt 0.112288 0.685015
vt 0.0332765 0.647633
vt 0.0887163 0.716821
vt 0.0186739 0.638077
vt 0.0222943 0.638589
vt 0.0231626 0.644446
vt 0.0331401 0.70653
vt 0.0300202 0.709489
vt 0.00593715 0.732185
vt 0.0114281 0.73127
vt 0.00815985 0.736368
vt 0.0264253 0.735034
vt 0.0096604 0.744112
vt 0.0133591 0.737321
vt 0.014385 0.743717
vt 0.0204329 0.746998
vt 0.0175979 0.74681
vt 0.068506 0.697786
vt 0.0239529 0.714565
vt 0.0252112 0.731217
vt 0.0250961 0.720423
vt 0.0845875 0.709675
vt 0.0781869 0.708316
vt 0.0338055 0.728905
vt 0.0120191 0.749561
vt 0.0149596 0.751996
vt 0.0144749 0.709256
vt 0.0180931 0.709338
vt 0.0183563 0.713743
vt 0.0235837 0.727109
vt 0.0427461 0.655898
vt 0.0457841 0.651601
vt 0.0473836 0.657
vt 0.0592371 0.735453
vt 0.0657077 0.739887
vt 0.0589648 0.742319
vt 0.0293538 0.72688
vt 0.0432664 0.715062
vt 0.0495613 0.716021
vt 0.089729 0.72527
vt 0.0127869 0.713974
vt 0.02174 0.73168
vt 0.0183233 0.734554
vt 0.0380437 0.707591
vt 0.0447489 0.709235
vt 0.0163672 0.71804
vt 0.0180044 0.722764
vt 0.0180221 0.731217
vt 0.017174 0.728275
vt 0.0391952 0.673744
vt 0.0430336 0.673467
vt 0.0417215 0.676164
vt 0.00838384 0.715657
vt 0.00696338 0.749711
vt 0.0601028 0.680989
vt 0.0579682 0.673636
vt 0.0636693 0.676719
vt 0.0156671 0.731892
vt 0.0690309 0.722101
vt 0.0626561 0.722817
vt 0.0642189 0.717027
vt 0.0924661 0.721689
vt 0.0122975 0.725279
vt 0.0109483 0.719291
vt 0.00858248 0.740844
vt 0.00912968 0.728712
vt 0.0515713 0.710231
vt 0.054024 0.713804
vt 0.0517129 0.722521
vt 0.0475345 0.743288
vt 0.0472287 0.737924
vt 0.0533705 0.738567
vt 0.00240441 0.638431
vt 0.0528324 0.745667
vt 0.0809552 0.727332
vt 0.0786546 0.72124
vt 0.0373785 0.645665
vt 0.0420523 0.641362
vt 0.0420336 0.648848
vt 0.0747267 0.728306
vt 0.0737751 0.720643
vt 0.0398582 0.660093
vt 0.0360699 0.660611
vt 0.0568855 0.705295
vt 0.0174241 0.679286
vt 0.0122198 0.67537
vt 0.0194631 0.67494
vt 0.088749 0.664833
vt 0.0279388 0.686137
vt 0.0349981 0.682313
vt 0.033964 0.692137
vt 0.037052 0.649887
vt 0.0470564 0.712549
vt 0.0572398 0.643559
vt 0.0545958 0.652592
vt 0.0516989 0.64757
vt 0.0391439 0.665108
vt 0.0379748 0.697162
vt 0.0431723 0.698599
vt 0.0370795 0.702599
vt 0.0122317 0.659681
vt 0.0508724 0.70424
vt 0.05474 0.699075
vt 0.0560017 0.702104
vt 0.0156584 0.652726
vt 0.0358235 0.705577
vt 0.0415217 0.686717
vt 0.0434982 0.693026
vt 0.0719553 0.742512
vt 0.0707269 0.735438
vt 0.0775539 0.738442
vt 0.0419383 0.743347
vt 0.0489627 0.642751
vt 0.0487979 0.650165
vt 0.100114 0.675104
vt 0.105682 0.669853
vt 0.111019 0.671997
vt 0.0320438 0.676819
vt 0.0297587 0.680062
vt 0.00474607 0.664417
vt 0.0123361 0.668013
vt 0.0605007 0.700353
vt 0.0700563 0.654777
vt 0.075206 0.657954
vt 0.0706527 0.661685
vt 0.0931321 0.734404
vt 0.0971222 0.732257
vt 0.0685043 0.677306
vt 0.0654371 0.668759
vt 0.0205679 0.667739
vt 0.0486869 0.668197
vt 0.0456787 0.672044
vt 0.0456848 0.668044
vt 0.0288195 0.649816
vt 0.016455 0.671662
vt 0.0452205 0.740894
vt 0.0429886 0.73867
vt 0.0281453 0.65407
vt 0.0368699 0.670431
vt 0.0419742 0.669642
vt 0.054871 0.695218
vt 0.035467 0.675959
vt 0.0388175 0.678597
vt 0.0817554 0.7338
vt 0.0843555 0.730586
vt 0.0941877 0.725916
vt 0.0985377 0.728277
vt 0.0280564 0.669543
vt 0.0239887 0.679762
vt 0.0243384 0.673377
vt 0.0290708 0.638227
vt 0.0262693 0.640174
vt 0.0441186 0.661999
vt 0.0488491 0.663291
vt 0.0668381 0.728563
vt 0.0645226 0.733127
vt 0.0583355 0.727604
vt 0.094445 0.694712
vt 0.032994 0.666025
vt 0.033 0.637293
vt 0.0303955 0.65868
vt 0.0323196 0.672105
vt 0.0284987 0.675348
vt 0.0538227 0.666456
vt 0.0508519 0.674019
vt 0.054381 0.73251
vt 0.10887 0.701527
vt 0.114277 0.707172
vt 0.107734 0.708577
vt 0.0900053 0.66979
vt 0.0857787 0.668233
vt 0.0462154 0.66575
vt 0.0435903 0.665958
vt 0.0800273 0.69807
vt 0.0621849 0.649328
vt 0.0581883 0.651263
vt 0.0797471 0.679449
vt 0.0726677 0.673914
vt 0.0778987 0.670602
vt 0.0595266 0.655711
vt 0.0546878 0.67904
vt 0.0393534 0.740107
vt 0.0405035 0.682006
vt 0.0419333 0.679315
vt 0.023046 0.693845
vt 0.0441913 0.681896
vt 0.0453429 0.677035
vt 0.0493686 0.681424
vt 0.0478429 0.653097
vt 0.0772773 0.652229
vt 0.0952316 0.699643
vt 0.0999517 0.699592
vt 0.0980135 0.703346
vt 0.0504664 0.653011
vt 0.0931467 0.697161
vt 0.0515388 0.658932
vt 0.0459927 0.684255
vt 0.0485007 0.68747
vt 0.052379 0.650714
vt 0.0529176 0.689268
vt 0.0557382 0.659866
vt 0.0549706 0.685175
vt 0.0488086 0.699505
vt 0.112353 0.678315
vt 0.113601 0.681931
vt 0.0592261 0.663201
vt 0.0591433 0.668172
vt 0.0437068 0.703642
vt 0.0741555 0.710873
vt 0.0786351 0.713563
vt 0.0648099 0.659212
vt 0.065308 0.653685
vt 0.0662732 0.682123
vt 0.0593042 0.69571
vt 0.0918584 0.674564
vt 0.0846939 0.673156
vt 0.11771 0.680658
vt 0.0631049 0.696679
vt 0.0726502 0.681806
vt 0.047113 0.751176
vt 0.0484128 0.748314
vt 0.0509944 0.752207
vt 0.0726635 0.667333
vt 0.0815978 0.665769
vt 0.0841304 0.685785
vt 0.0568697 0.718649
vt 0.0926007 0.662237
vt 0.0886884 0.680306
vt 0.0810124 0.749831
vt 0.0772462 0.755522
vt 0.0762168 0.750669
vt 0.0938845 0.66667
vt 0.0713321 0.715603
vt 0.0841676 0.701721
vt 0.0952509 0.680867
vt 0.0834229 0.697435
vt 0.0932513 0.677631
vt 0.0954752 0.670521
vt 0.0821394 0.754504
vt 0.0910546 0.704112
vt 0.100843 0.691928
vt 0.0750844 0.714089
vt 0.0757065 0.716411
vt 0.0670661 0.747834
vt 0.0640053 0.74435
vt 0.00416941 0.670255
vt 0.116313 0.696717
vt 0.0767284 0.663053
vt 0.0834693 0.717699
vt 0.100073 0.66539
vt 0.107068 0.677645
vt 0.0985127 0.697013
vt 0.0629089 0.751983
vt 0.0652818 0.758001
vt 0.104936 0.688793
vt 0.103341 0.697591
vt 0.102614 0.706058
vt 0.115924 0.675632
vt 0.102492 0.701888
vt 0.084386 0.727224
vt 0.0775407 0.74525
vt 0.0837702 0.740797
vt 0.0614037 0.747402
vt 0.0567399 0.748209
vt 0.0995248 0.714261
vt 0.102334 0.710554
vt 0.0879563 0.734758
vt 0.0804318 0.74221
vt 0.0728407 0.748194
vt 0.0583383 0.753641
vt 0.10519 0.714529
vt 0.119615 0.691065
vt 0.116208 0.702589
vt 0.0820876 0.745099
vt 0.0884497 0.741035
vt 0.0717253 0.753558
vt 0.104147 0.719889
vt 0.0539578 0.759022
vt 0.0862576 0.746074
vt 0.0923424 0.738879
vt 0.0590289 0.760826
vt 0.0613593 0.755864
vt 0.113295 0.712378
vt 0.0715856 0.760641
vt 0.103718 0.726917
vt 0.10675 0.721949
vt 0.110191 0.717851
vt 0.020471 0.702325
vt 0.0197576 0.700088
vt 0.0167031 0.697189
vt 0.0220828 0.686556
vt 0.0173344 0.688536
vt 0.0179086 0.683637
vt 0.0162742 0.692853
vt 0.0119432 0.689346
vt 0.0124104 0.684978
vt 0.0114319 0.693761
vt 0.00666127 0.690242
vt 0.00707979 0.685378
vt 0.000513352 0.689792
vt 0.0138693 0.680931
vt 0.00771324 0.680607
vt 0.00236935 0.685954
vt 0.00545611 0.675739
vt 0.00255171 0.682457
vt 0.000702515 0.674024
vt 0.00154601 0.678636
vt 0.02385 0.77661
vt 0.0275219 0.779821
vt 0.0256286 0.781738
vt 0.0201409 0.783432
vt 0.038435 0.774412
vt 0.0303656 0.778213
vt 0.0539216 0.764791
vt 0.0629815 0.766153
vt 0.0508589 0.769928
vt 0.0566929 0.769985
vt 0.0671664 0.764621
vt 0.0350696 0.774723
vt 0.0245902 0.771279
vt 0.0178254 0.777452
vt 0.0205664 0.771388
vt 0.0128259 0.777102
vt 0.00907034 0.778916
vt 0.00951718 0.774565
vt 0.0085686 0.783584
vt 0.0137555 0.782405
vt 0.0105667 0.787418
vt 0.0140709 0.771722
vt 0.00434748 0.774212
vt 0.0042354 0.786382
vt 0.00608706 0.780889
vt 0.00747189 0.768614
vt 0.00328866 0.766723
vt 0.00757964 0.754752
vt 0.396668 0.0158777
vt 0.399381 0.0233343
vt 0.389069 0.0178213
vt 0.390053 0.0527544
vt 0.392293 0.0590173
vt 0.386034 0.0571164
vt 0.399249 0.0425529
vt 0.405719 0.0345087
vt 0.407744 0.0449642
vt 0.403792 0.0516403
vt 0.432884 0.0481526
vt 0.437673 0.0424401
vt 0.440339 0.0489415
vt 0.39426 0.0471265
vt 0.396195 0.0536782
vt 0.454462 0.0101088
vt 0.453562 0.0144913
vt 0.449493 0.0122012
vt 0.364248 0.016239
vt 0.358344 0.0130225
vt 0.358637 0.00887042
vt 0.367731 0.0823668
vt 0.367558 0.0759597
vt 0.373589 0.0804121
vt 0.414585 0.0617015
vt 0.420123 0.0526451
vt 0.423605 0.0593684
vt 0.336822 0.0633377
vt 0.340753 0.0589933
vt 0.342859 0.0624002
vt 0.371702 0.028126
vt 0.367523 0.028311
vt 0.370267 0.0247437
vt 0.454984 0.0174094
vt 0.451901 0.0172619
vt 0.410933 0.0278389
vt 0.405277 0.0145044
vt 0.38195 0.0834581
vt 0.381829 0.0763627
vt 0.385101 0.0789045
vt 0.430109 0.0419316
vt 0.434871 0.035142
vt 0.444594 0.0555121
vt 0.450539 0.0530389
vt 0.450116 0.0566735
vt 0.361681 0.0813961
vt 0.364076 0.0851719
vt 0.427395 0.027432
vt 0.4268 0.0302517
vt 0.4233 0.0292118
vt 0.438095 0.0597216
vt 0.443991 0.0649374
vt 0.378209 0.0785912
vt 0.377896 0.0742661
vt 0.364155 0.071261
vt 0.359322 0.0746282
vt 0.392275 0.0909011
vt 0.394159 0.0843227
vt 0.396549 0.0955003
vt 0.363372 0.0777966
vt 0.432359 0.0896322
vt 0.423945 0.0884602
vt 0.42713 0.0821531
vt 0.358946 0.0855783
vt 0.463699 0.0519213
vt 0.467167 0.0570018
vt 0.4616 0.0586897
vt 0.456309 0.0757333
vt 0.447551 0.0792156
vt 0.447159 0.0728008
vt 0.424278 0.0710043
vt 0.430398 0.0616867
vt 0.432011 0.0702224
vt 0.394556 0.0655074
vt 0.387631 0.062914
vt 0.400932 0.0590206
vt 0.385273 0.0718734
vt 0.391691 0.0720138
vt 0.38948 0.0779676
vt 0.395943 0.0765914
vt 0.45443 0.0822779
vt 0.358328 0.0796621
vt 0.360821 0.0777732
vt 0.456403 0.043431
vt 0.458844 0.0389275
vt 0.461749 0.0439731
vt 0.388335 0.0680387
vt 0.422393 0.044797
vt 0.418074 0.0485601
vt 0.438015 0.0161847
vt 0.433898 0.0171949
vt 0.437503 0.0145639
vt 0.344297 0.0576521
vt 0.339849 0.0536106
vt 0.425306 0.0347939
vt 0.430549 0.0360308
vt 0.440606 0.0855511
vt 0.365969 0.0380113
vt 0.365126 0.044835
vt 0.36058 0.0430213
vt 0.456809 0.0520835
vt 0.454684 0.0590218
vt 0.43227 0.0211422
vt 0.438945 0.0196736
vt 0.414498 0.0101811
vt 0.415611 0.00330859
vt 0.422561 0.0111687
vt 0.346325 0.0663283
vt 0.340787 0.0684203
vt 0.452514 0.0465997
vt 0.35241 0.0630889
vt 0.348043 0.0598921
vt 0.352602 0.0578145
vt 0.385342 0.0963604
vt 0.379939 0.0916774
vt 0.385753 0.0886481
vt 0.448744 0.0349013
vt 0.454716 0.0351751
vt 0.452784 0.0401565
vt 0.449164 0.0854198
vt 0.416938 0.101651
vt 0.427872 0.0957531
vt 0.427405 0.104109
vt 0.438233 0.108742
vt 0.42305 0.112676
vt 0.439235 0.0264139
vt 0.444153 0.0267708
vt 0.440936 0.0316846
vt 0.360812 0.0598534
vt 0.357969 0.0655585
vt 0.356218 0.0598263
vt 0.446078 0.0334333
vt 0.450214 0.0307415
vt 0.36933 0.0704374
vt 0.374138 0.0747662
vt 0.421175 0.0213588
vt 0.427925 0.0166895
vt 0.377763 0.0846732
vt 0.371061 0.0663407
vt 0.367938 0.065739
vt 0.369677 0.062848
vt 0.446853 0.0482943
vt 0.357161 0.0702388
vt 0.351878 0.0713865
vt 0.34402 0.0742428
vt 0.430832 0.0299565
vt 0.439059 0.0540597
vt 0.434642 0.0544356
vt 0.445621 0.0425701
vt 0.35963 0.0699769
vt 0.456656 0.0188168
vt 0.458043 0.0241228
vt 0.454221 0.0222563
vt 0.373282 0.0886338
vt 0.447903 0.0905986
vt 0.362179 0.0680671
vt 0.389952 0.0879748
vt 0.388989 0.0922319
vt 0.375054 0.0693594
vt 0.428172 0.0244378
vt 0.379954 0.0715796
vt 0.405917 0.101106
vt 0.403224 0.0966011
vt 0.407838 0.093766
vt 0.448263 0.0195304
vt 0.452729 0.0192884
vt 0.348756 0.0540854
vt 0.435263 0.0308778
vt 0.445248 0.0294651
vt 0.43872 0.0989471
vt 0.439397 0.0923777
vt 0.336394 0.058665
vt 0.332008 0.0598463
vt 0.400471 0.102437
vt 0.357837 0.0483978
vt 0.352154 0.0491414
vt 0.354994 0.0440757
vt 0.407114 0.0624157
vt 0.406814 0.0688285
vt 0.366351 0.0614497
vt 0.368601 0.0592483
vt 0.450648 0.0964808
vt 0.420475 0.106941
vt 0.430025 0.0543534
vt 0.436237 0.023831
vt 0.431081 0.0256411
vt 0.433799 0.0228263
vt 0.365491 0.0680549
vt 0.390831 0.0964814
vt 0.378949 0.0653425
vt 0.37252 0.0619354
vt 0.375392 0.0567899
vt 0.41952 0.0332701
vt 0.418886 0.038246
vt 0.443992 0.0118324
vt 0.44725 0.0140773
vt 0.387863 0.0838327
vt 0.370709 0.051437
vt 0.374319 0.0487017
vt 0.368301 0.041435
vt 0.393647 0.104642
vt 0.426733 0.050355
vt 0.438983 0.0731923
vt 0.437005 0.0668715
vt 0.44085 0.0787218
vt 0.443106 0.0760874
vt 0.452088 0.00474423
vt 0.449388 0.00893813
vt 0.446869 0.00819206
vt 0.444545 0.00544393
vt 0.447425 0.00659865
vt 0.357077 0.0543537
vt 0.363483 0.0645441
vt 0.449497 0.0608572
vt 0.369357 0.0462092
vt 0.364111 0.0560252
vt 0.332281 0.0629741
vt 0.427501 0.0121982
vt 0.428254 0.00939566
vt 0.432271 0.0117003
vt 0.327841 0.0621023
vt 0.328228 0.0589179
vt 0.409399 0.0769333
vt 0.4184 0.077016
vt 0.416259 0.0845591
vt 0.361291 0.0511457
vt 0.36959 0.0556521
vt 0.413657 0.0358716
vt 0.415057 0.043819
vt 0.401398 0.0652879
vt 0.411069 0.101518
vt 0.402381 0.0746274
vt 0.398709 0.0704722
vt 0.365785 0.0502398
vt 0.412068 0.109834
vt 0.414691 0.0190737
vt 0.333045 0.0549775
vt 0.361975 0.047605
vt 0.45108 0.0651023
vt 0.456385 0.0644735
vt 0.454911 0.0703154
vt 0.328637 0.0565799
vt 0.434683 0.0273431
vt 0.449927 0.0161505
vt 0.442052 0.0151653
vt 0.36381 0.0603974
vt 0.441316 0.0365939
vt 0.413343 0.0518229
vt 0.460155 0.0625871
vt 0.460492 0.0694149
vt 0.405702 0.10715
vt 0.401299 0.0808327
vt 0.434134 0.0779235
vt 0.416369 0.0325137
vt 0.462097 0.0484954
vt 0.41682 0.0920169
vt 0.410081 0.0882255
vt 0.41288 0.0972595
vt 0.453943 0.0273323
vt 0.449188 0.0250013
vt 0.427364 0.0566903
vt 0.417724 0.115599
vt 0.372459 0.042019
vt 0.323906 0.0573977
vt 0.414479 0.0710521
vt 0.446165 0.0181956
vt 0.366877 0.0894253
vt 0.457645 0.0308037
vt 0.460336 0.0330557
vt 0.457729 0.0267512
vt 0.402522 0.088539
vt 0.455097 0.0176302
vt 0.457633 0.0463062
vt 0.430782 0.0329433
vt 0.408038 0.0574418
vt 0.417739 0.0274585
vt 0.442556 0.021948
vt 0.329389 0.0258043
vt 0.325593 0.0305262
vt 0.322042 0.0224497
vt 0.378437 0.0105894
vt 0.380787 0.00644428
vt 0.385314 0.0097875
vt 0.344447 0.0419041
vt 0.344613 0.047241
vt 0.340328 0.0422085
vt 0.395678 0.0307192
vt 0.39706 0.0359845
vt 0.392995 0.0344551
vt 0.339007 0.0471388
vt 0.35565 0.00346476
vt 0.36278 0.00343174
vt 0.349925 0.0161758
vt 0.353954 0.0123815
vt 0.356831 0.0188384
vt 0.380034 0.0467898
vt 0.376086 0.0433687
vt 0.378829 0.0420368
vt 0.349085 0.0435233
vt 0.342313 0.0223933
vt 0.34725 0.0245108
vt 0.345746 0.0298367
vt 0.378929 0.0398019
vt 0.382388 0.0414028
vt 0.328083 0.0533009
vt 0.384091 0.0660764
vt 0.319862 0.0285831
vt 0.320318 0.0363307
vt 0.357502 0.0390509
vt 0.365742 0.00983113
vt 0.333726 0.0184653
vt 0.337067 0.0204473
vt 0.334799 0.0221741
vt 0.350226 0.0350249
vt 0.352383 0.0393552
vt 0.346515 0.0378563
vt 0.332599 0.0320904
vt 0.33502 0.0402024
vt 0.328276 0.0385199
vt 0.350404 0.0266163
vt 0.353329 0.0307136
vt 0.407537 0.0833614
vt 0.346037 0.00790781
vt 0.351465 0.00636113
vt 0.349688 0.0109759
vt 0.347015 0.0204645
vt 0.344861 0.0166603
vt 0.372509 0.0364258
vt 0.368998 0.0321317
vt 0.399924 0.112735
vt 0.339696 0.035018
vt 0.336755 0.0262179
vt 0.37587 0.0396324
vt 0.379989 0.0365586
vt 0.451236 0.0217476
vt 0.373829 0.0306924
vt 0.354276 0.0358357
vt 0.357968 0.0332386
vt 0.323422 0.0501078
vt 0.375887 0.096936
vt 0.380773 0.0985543
vt 0.346606 0.0124846
vt 0.342546 0.011888
vt 0.338325 0.011928
vt 0.339707 0.0164043
vt 0.335451 0.0140531
vt 0.316868 0.0454397
vt 0.314294 0.0550638
vt 0.309962 0.0485253
vt 0.4069 0.114145
vt 0.389558 0.0316611
vt 0.391791 0.0256708
vt 0.385338 0.0250149
vt 0.382358 0.0312665
vt 0.380281 0.025591
vt 0.384151 0.102645
vt 0.364583 0.0242052
vt 0.372537 0.0192763
vt 0.331886 0.0470508
vt 0.324085 0.0431849
vt 0.388729 0.101595
vt 0.35395 0.0259199
vt 0.355262 0.0239156
vt 0.358027 0.0267649
vt 0.384218 0.0518751
vt 0.380341 0.0541459
vt 0.342489 0.0388973
vt 0.336669 0.0440884
vt 0.332507 0.0225133
vt 0.361232 0.0370196
vt 0.380409 0.0211435
vt 0.380122 0.0150034
vt 0.375144 0.00749087
vt 0.351574 0.0223777
vt 0.328273 0.0193971
vt 0.329048 0.065223
vt 0.363571 0.0320705
vt 0.394519 0.0089069
vt 0.381918 0.0605734
vt 0.389281 0.0383005
vt 0.406314 0.00110978
vt 0.314144 0.0384433
vt 0.37759 0.028361
vt 0.377051 0.03238
vt 0.324019 0.0176985
vt 0.437866 0.00782621
vt 0.332457 0.0667228
vt 0.385934 0.00530738
vt 0.312016 0.0426096
vt 0.388932 0.00561476
vt 0.330383 0.0135214
vt 0.333639 0.00930524
vt 0.432493 0.00729579
vt 0.390336 0.00232303
vt 0.33968 0.00582987
vt 0.372562 0.0121011
vt 0.386625 0.0470716
vt 0.375267 0.0248023
vt 0.374493 0.0277267
vt 0.369804 0.00712746
vt 0.354088 0.0778659
vt 0.462774 0.0655417
vt 0.335011 0.0700276
vt 0.463647 0.0625705
vt 0.467355 0.061976
vt 0.196385 0.35425
vt 0.196526 0.35075
vt 0.199618 0.352554
vt 0.221996 0.328904
vt 0.224524 0.33441
vt 0.220167 0.332065
vt 0.243648 0.312573
vt 0.248727 0.310422
vt 0.248705 0.31708
vt 0.170486 0.27278
vt 0.175234 0.275225
vt 0.170236 0.277488
vt 0.270957 0.305677
vt 0.277031 0.269171
vt 0.299039 0.274076
vt 0.206855 0.320729
vt 0.203863 0.319765
vt 0.20652 0.316725
vt 0.237623 0.300248
vt 0.239034 0.29687
vt 0.241336 0.300484
vt 0.219096 0.326129
vt 0.221464 0.320771
vt 0.222154 0.324713
vt 0.212463 0.359018
vt 0.216535 0.36109
vt 0.212979 0.362963
vt 0.258311 0.307941
vt 0.252045 0.307621
vt 0.230213 0.322392
vt 0.235094 0.323102
vt 0.231812 0.32593
vt 0.245706 0.304053
vt 0.248828 0.305029
vt 0.248179 0.30691
vt 0.161336 0.271945
vt 0.165484 0.273318
vt 0.164287 0.276215
vt 0.240077 0.314223
vt 0.243248 0.317122
vt 0.240328 0.316425
vt 0.165922 0.307945
vt 0.167808 0.312808
vt 0.16443 0.314747
vt 0.174199 0.303095
vt 0.173013 0.29646
vt 0.17689 0.300899
vt 0.178413 0.296459
vt 0.25067 0.303373
vt 0.256865 0.30588
vt 0.211974 0.324955
vt 0.215036 0.321676
vt 0.215546 0.326184
vt 0.230604 0.298045
vt 0.234552 0.30287
vt 0.241073 0.302221
vt 0.297118 0.248206
vt 0.18328 0.282947
vt 0.177925 0.282685
vt 0.179913 0.276775
vt 0.170612 0.30185
vt 0.173513 0.307349
vt 0.170085 0.310204
vt 0.240806 0.305096
vt 0.236467 0.305833
vt 0.234184 0.307103
vt 0.169189 0.28699
vt 0.172549 0.281678
vt 0.1754 0.288723
vt 0.240185 0.308493
vt 0.26287 0.263781
vt 0.26184 0.281376
vt 0.25366 0.27201
vt 0.146259 0.282673
vt 0.143398 0.293548
vt 0.133856 0.28295
vt 0.157994 0.28788
vt 0.15786 0.282194
vt 0.162824 0.285741
vt 0.156671 0.261834
vt 0.16007 0.258373
vt 0.157606 0.264284
vt 0.209126 0.309446
vt 0.211461 0.314487
vt 0.206603 0.313028
vt 0.154366 0.300743
vt 0.150451 0.295135
vt 0.155229 0.295295
vt 0.167309 0.280294
vt 0.270804 0.240314
vt 0.231583 0.312821
vt 0.229999 0.311321
vt 0.232396 0.310814
vt 0.185249 0.379294
vt 0.18452 0.370968
vt 0.191458 0.376002
vt 0.237889 0.293323
vt 0.243029 0.29041
vt 0.246865 0.29503
vt 0.249411 0.283013
vt 0.2554 0.291434
vt 0.22555 0.311114
vt 0.229199 0.313524
vt 0.22626 0.315535
vt 0.1681 0.353279
vt 0.171138 0.351493
vt 0.17319 0.354057
vt 0.256305 0.298224
vt 0.225241 0.323761
vt 0.223655 0.322153
vt 0.248442 0.29932
vt 0.204497 0.364053
vt 0.206033 0.366948
vt 0.202634 0.370001
vt 0.22882 0.331652
vt 0.229081 0.336454
vt 0.203989 0.348184
vt 0.2066 0.345672
vt 0.206623 0.349347
vt 0.177706 0.3076
vt 0.258123 0.303324
vt 0.245895 0.301795
vt 0.165928 0.300922
vt 0.204109 0.352614
vt 0.203944 0.355986
vt 0.201923 0.355483
vt 0.176612 0.220742
vt 0.178496 0.236115
vt 0.169096 0.232007
vt 0.255956 0.221733
vt 0.24554 0.204249
vt 0.252413 0.179432
vt 0.259379 0.305145
vt 0.139954 0.2761
vt 0.150474 0.279556
vt 0.214215 0.260822
vt 0.209929 0.269996
vt 0.204894 0.261214
vt 0.244501 0.273639
vt 0.16791 0.274863
vt 0.167279 0.270215
vt 0.288195 0.216311
vt 0.269861 0.208218
vt 0.276954 0.180223
vt 0.238422 0.283876
vt 0.172361 0.244381
vt 0.165377 0.283047
vt 0.163308 0.28035
vt 0.192873 0.314162
vt 0.192968 0.309066
vt 0.198878 0.30924
vt 0.206503 0.334393
vt 0.202734 0.337171
vt 0.199632 0.333584
vt 0.20633 0.245424
vt 0.21483 0.24854
vt 0.235773 0.309757
vt 0.152181 0.274081
vt 0.140206 0.267458
vt 0.170963 0.349773
vt 0.174511 0.351549
vt 0.209634 0.345946
vt 0.20859 0.342079
vt 0.211553 0.343071
vt 0.216878 0.331215
vt 0.180821 0.302063
vt 0.179947 0.318289
vt 0.173038 0.316712
vt 0.175508 0.313532
vt 0.234771 0.275522
vt 0.182152 0.204656
vt 0.196027 0.215724
vt 0.184577 0.215945
vt 0.229497 0.292983
vt 0.231993 0.289258
vt 0.184268 0.296724
vt 0.188261 0.291709
vt 0.180632 0.290628
vt 0.152989 0.349106
vt 0.156339 0.353757
vt 0.149457 0.358629
vt 0.162896 0.308214
vt 0.162493 0.303157
vt 0.158846 0.357534
vt 0.163546 0.355211
vt 0.163823 0.360452
vt 0.204932 0.31115
vt 0.202501 0.309893
vt 0.239849 0.264721
vt 0.227061 0.302791
vt 0.223874 0.299166
vt 0.219905 0.22567
vt 0.233513 0.216359
vt 0.231526 0.236678
vt 0.225808 0.242728
vt 0.225515 0.255176
vt 0.219555 0.243894
vt 0.216097 0.274524
vt 0.222786 0.295303
vt 0.158757 0.305359
vt 0.231233 0.264179
vt 0.222383 0.26756
vt 0.183216 0.307432
vt 0.239658 0.311224
vt 0.179994 0.315463
vt 0.178673 0.312663
vt 0.181208 0.3139
vt 0.20436 0.270477
vt 0.167377 0.294258
vt 0.162495 0.293504
vt 0.246035 0.306196
vt 0.226204 0.306374
vt 0.230598 0.305225
vt 0.203523 0.305523
vt 0.196125 0.305634
vt 0.250972 0.253894
vt 0.315228 0.232372
vt 0.183536 0.289132
vt 0.195695 0.357985
vt 0.241176 0.31789
vt 0.248601 0.220763
vt 0.244229 0.218554
vt 0.247476 0.217724
vt 0.195623 0.300317
vt 0.191094 0.297727
vt 0.198055 0.29804
vt 0.20585 0.339438
vt 0.239864 0.322104
vt 0.238358 0.317842
vt 0.242524 0.320166
vt 0.19925 0.337221
vt 0.161972 0.260604
vt 0.160059 0.265639
vt 0.186635 0.302065
vt 0.189466 0.306304
vt 0.222407 0.340588
vt 0.219779 0.336649
vt 0.228207 0.282934
vt 0.221225 0.313877
vt 0.159602 0.247417
vt 0.15706 0.256018
vt 0.15481 0.249868
vt 0.177362 0.321105
vt 0.218192 0.308382
vt 0.22019 0.304476
vt 0.185585 0.31516
vt 0.2571 0.311729
vt 0.254448 0.316339
vt 0.227731 0.27466
vt 0.179839 0.310867
vt 0.19292 0.302416
vt 0.157133 0.270203
vt 0.156896 0.267951
vt 0.218248 0.190284
vt 0.23877 0.210792
vt 0.159155 0.278256
vt 0.201523 0.312673
vt 0.198875 0.31209
vt 0.240724 0.333873
vt 0.235265 0.335466
vt 0.233551 0.332527
vt 0.152707 0.289416
vt 0.154655 0.281532
vt 0.187163 0.231175
vt 0.202607 0.314539
vt 0.203493 0.312861
vt 0.204212 0.314476
vt 0.243924 0.232989
vt 0.305439 0.196668
vt 0.192713 0.18481
vt 0.161817 0.297692
vt 0.158639 0.299129
vt 0.158322 0.293809
vt 0.155346 0.275759
vt 0.197959 0.293511
vt 0.20237 0.297098
vt 0.195913 0.265866
vt 0.187739 0.318391
vt 0.241436 0.210893
vt 0.156917 0.275071
vt 0.219439 0.255609
vt 0.211729 0.232256
vt 0.204983 0.215118
vt 0.222081 0.278267
vt 0.233708 0.329548
vt 0.239154 0.326681
vt 0.147132 0.301354
vt 0.217867 0.321189
vt 0.184093 0.252829
vt 0.186727 0.310938
vt 0.201363 0.362071
vt 0.201588 0.330352
vt 0.204481 0.331343
vt 0.236163 0.340371
vt 0.232762 0.338461
vt 0.197828 0.252798
vt 0.207104 0.357004
vt 0.195351 0.240113
vt 0.155301 0.357183
vt 0.155142 0.361911
vt 0.170985 0.319654
vt 0.185206 0.321905
vt 0.21316 0.350135
vt 0.209947 0.34967
vt 0.211575 0.347832
vt 0.161588 0.252332
vt 0.210324 0.33684
vt 0.212086 0.331259
vt 0.233116 0.315304
vt 0.207392 0.325577
vt 0.209876 0.322181
vt 0.234694 0.319013
vt 0.236287 0.315003
vt 0.234875 0.312739
vt 0.237233 0.311759
vt 0.209254 0.277744
vt 0.153473 0.258625
vt 0.191464 0.37946
vt 0.230026 0.3171
vt 0.198452 0.314833
vt 0.215578 0.311883
vt 0.155391 0.264582
vt 0.16926 0.213826
vt 0.159049 0.232331
vt 0.208541 0.330879
vt 0.207083 0.32915
vt 0.169479 0.316381
vt 0.228233 0.327618
vt 0.176305 0.209001
vt 0.206914 0.362489
vt 0.216272 0.336913
vt 0.216204 0.334459
vt 0.217785 0.334446
vt 0.191782 0.369042
vt 0.189978 0.366613
vt 0.191529 0.364471
vt 0.237569 0.321741
vt 0.197418 0.372061
vt 0.195705 0.363581
vt 0.210269 0.353266
vt 0.207838 0.352323
vt 0.203646 0.328387
vt 0.206138 0.353084
vt 0.162433 0.24286
vt 0.334157 0.213249
vt 0.166221 0.251436
vt 0.165246 0.333377
vt 0.16938 0.338567
vt 0.16317 0.338546
vt 0.156222 0.333252
vt 0.161724 0.343417
vt 0.166639 0.341913
vt 0.169931 0.34416
vt 0.175173 0.337448
vt 0.210441 0.356529
vt 0.193948 0.321677
vt 0.193059 0.327626
vt 0.190585 0.328336
vt 0.177954 0.328475
vt 0.183797 0.330381
vt 0.180696 0.334055
vt 0.1743 0.348826
vt 0.194257 0.330412
vt 0.214102 0.299222
vt 0.211601 0.301587
vt 0.208472 0.299005
vt 0.170069 0.357538
vt 0.185987 0.326788
vt 0.187583 0.33066
vt 0.186795 0.334042
vt 0.173546 0.332346
vt 0.191673 0.332901
vt 0.184851 0.336616
vt 0.201378 0.316596
vt 0.195575 0.335746
vt 0.181529 0.338239
vt 0.188268 0.350036
vt 0.190827 0.345813
vt 0.19334 0.349911
vt 0.194489 0.338491
vt 0.201768 0.378459
vt 0.189888 0.337095
vt 0.187012 0.336982
vt 0.197615 0.343886
vt 0.196351 0.348326
vt 0.184752 0.346076
vt 0.18626 0.340801
vt 0.198964 0.358283
vt 0.201842 0.345024
vt 0.200125 0.348322
vt 0.191678 0.34129
vt 0.179708 0.34215
vt 0.214109 0.304012
vt 0.206633 0.303122
vt 0.161984 0.346432
vt 0.156791 0.345416
vt 0.196777 0.326694
vt 0.191373 0.352943
vt 0.184843 0.353542
vt 0.173564 0.341367
vt 0.179637 0.34741
vt 0.162859 0.351569
vt 0.159746 0.350202
vt 0.212681 0.319822
vt 0.216582 0.316817
vt 0.14576 0.260715
vt 0.174436 0.343767
vt 0.211034 0.366279
vt 0.209369 0.369951
vt 0.208367 0.3678
vt 0.169205 0.341352
vt 0.199077 0.301486
vt 0.219539 0.345203
vt 0.21392 0.345149
vt 0.217419 0.340888
vt 0.214384 0.335226
vt 0.20156 0.341309
vt 0.213342 0.35454
vt 0.206065 0.296506
vt 0.204772 0.29989
vt 0.192127 0.361721
vt 0.207137 0.300827
vt 0.17858 0.375336
vt 0.225154 0.328458
vt 0.204174 0.375243
vt 0.207028 0.371592
vt 0.231301 0.334555
vt 0.161147 0.319785
vt 0.160574 0.324502
vt 0.159318 0.325074
vt 0.162245 0.327619
vt 0.158132 0.328989
vt 0.219967 0.318217
vt 0.226636 0.319298
vt 0.147011 0.346508
vt 0.158194 0.312601
vt 0.153988 0.307106
vt 0.15461 0.314642
vt 0.146922 0.311396
vt 0.213083 0.339892
vt 0.174772 0.323814
vt 0.170134 0.325669
vt 0.157391 0.321172
vt 0.176007 0.366678
vt 0.173892 0.372737
vt 0.167924 0.369235
vt 0.210753 0.296919
vt 0.170694 0.362947
vt 0.145519 0.320982
vt 0.141995 0.316004
vt 0.161368 0.311367
vt 0.151018 0.318461
vt 0.154115 0.326379
vt 0.150798 0.344428
vt 0.144963 0.339627
vt 0.152397 0.341168
vt 0.166981 0.322012
vt 0.14416 0.350014
vt 0.167431 0.34996
vt 0.166803 0.347396
vt 0.163848 0.324979
vt 0.168897 0.328868
vt 0.197531 0.318566
vt 0.197178 0.321869
vt 0.200039 0.320976
vt 0.191157 0.359375
vt 0.208295 0.319358
vt 0.222248 0.317067
vt 0.167837 0.317429
vt 0.180745 0.324197
vt 0.210989 0.30584
vt 0.238245 0.251312
vt 0.231019 0.25148
vt 0.232426 0.342242
vt 0.182403 0.358997
vt 0.186151 0.356939
vt 0.18801 0.358647
vt 0.133732 0.304919
vt 0.133423 0.292814
vt 0.14263 0.326504
vt 0.149004 0.326617
vt 0.144876 0.333273
vt 0.153925 0.337119
vt 0.157322 0.339805
vt 0.151277 0.331122
vt 0.219961 0.301269
vt 0.220056 0.29821
vt 0.216168 0.294827
vt 0.206833 0.293247
vt 0.216736 0.287223
vt 0.211178 0.294133
vt 0.21033 0.292145
vt 0.20523 0.290886
vt 0.210193 0.328222
vt 0.229973 0.308876
vt 0.176511 0.263542
vt 0.173166 0.260788
vt 0.166768 0.262266
vt 0.171808 0.254446
vt 0.187551 0.28643
vt 0.193975 0.289311
vt 0.168787 0.264635
vt 0.171528 0.266478
vt 0.17935 0.268887
vt 0.184614 0.275637
vt 0.173527 0.268853
vt 0.154888 0.238721
vt 0.188289 0.280768
vt 0.196307 0.283922
vt 0.191852 0.274884
vt 0.200639 0.27689
vt 0.187061 0.267526
vt 0.164663 0.267091
vt 0.198137 0.291298
vt 0.200437 0.288692
vt 0.205642 0.282989
vt 0.204916 0.287467
vt 0.229681 0.346681
vt 0.224774 0.345703
vt 0.227549 0.340888
vt 0.242467 0.325861
vt 0.218132 0.354122
vt 0.215835 0.357924
vt 0.215583 0.353485
vt 0.211153 0.363252
vt 0.212505 0.365557
vt 0.201735 0.324521
vt 0.208281 0.369706
vt 0.209139 0.359925
vt 0.2091 0.363663
vt 0.217582 0.350052
vt 0.204639 0.343582
vt 0.161903 0.365815
vt 0.221802 0.348941
vt 0.226181 0.352074
vt 0.221113 0.353193
vt 0.230496 0.339265
vt 0.194116 0.354575
vt 0.188685 0.355179
vt 0.18603 0.363596
vt 0.178958 0.361504
vt 0.19812 0.386725
vt 0.184966 0.355554
vt 0.178993 0.352029
vt 0.247367 0.320147
vt 0.245065 0.320658
vt 0.183348 0.356687
vt 0.243936 0.32318
vt 0.178133 0.354348
vt 0.176201 0.357284
vt 0.174585 0.360259
vt 0.16137 0.348429
vt 0.205941 0.375663
vt 0.479493 0.623768
vt 0.472131 0.620293
vt 0.473508 0.616493
vt 0.466205 0.622779
vt 0.467324 0.616779
vt 0.472655 0.624031
vt 0.476183 0.627998
vt 0.483394 0.633418
vt 0.474381 0.632319
vt 0.466059 0.610466
vt 0.474669 0.611805
vt 0.471023 0.627593
vt 0.467096 0.632532
vt 0.477787 0.636859
vt 0.472844 0.637455
vt 0.477362 0.640793
vt 0.507688 0.663221
vt 0.511312 0.659558
vt 0.511943 0.666987
vt 0.482827 0.641064
vt 0.480116 0.645551
vt 0.507694 0.669004
vt 0.492773 0.64227
vt 0.50001 0.649431
vt 0.493798 0.650528
vt 0.468446 0.640768
vt 0.503681 0.662234
vt 0.505274 0.659322
vt 0.506011 0.664533
vt 0.487296 0.648378
vt 0.459255 0.614583
vt 0.463008 0.638345
vt 0.474069 0.643422
vt 0.503645 0.666585
vt 0.462335 0.644505
vt 0.469299 0.648156
vt 0.505341 0.693705
vt 0.511132 0.69098
vt 0.509679 0.705398
vt 0.505375 0.676696
vt 0.482494 0.650492
vt 0.477095 0.650406
vt 0.486101 0.654465
vt 0.491138 0.655319
vt 0.498759 0.659199
vt 0.48841 0.658984
vt 0.498187 0.691365
vt 0.492218 0.698832
vt 0.486878 0.691621
vt 0.503453 0.697152
vt 0.474337 0.667603
vt 0.472169 0.659629
vt 0.480204 0.662151
vt 0.487778 0.671551
vt 0.481749 0.671449
vt 0.487551 0.665148
vt 0.500209 0.669412
vt 0.494333 0.667762
vt 0.4921 0.661233
vt 0.481638 0.617295
vt 0.505718 0.654018
vt 0.504194 0.689438
vt 0.502528 0.686849
vt 0.504629 0.685082
vt 0.485036 0.684117
vt 0.491933 0.682868
vt 0.472916 0.653472
vt 0.468284 0.672116
vt 0.467095 0.664467
vt 0.500046 0.68365
vt 0.46819 0.653886
vt 0.476696 0.655827
vt 0.481515 0.655404
vt 0.496947 0.675803
vt 0.490702 0.66935
vt 0.462318 0.65266
vt 0.500165 0.70071
vt 0.496432 0.702984
vt 0.484926 0.659149
vt 0.469298 0.678528
vt 0.473022 0.683056
vt 0.465405 0.682563
vt 0.46635 0.657882
vt 0.491423 0.674253
vt 0.478727 0.687672
vt 0.480358 0.680426
vt 0.460827 0.659969
vt 0.486446 0.677649
vt 0.493652 0.704531
vt 0.489355 0.707117
vt 0.470579 0.689383
vt 0.474703 0.676013
vt 0.461164 0.668566
vt 0.463318 0.675965
vt 0.332448 0.812114
vt 0.335293 0.803441
vt 0.340655 0.799541
vt 0.297479 0.756626
vt 0.304099 0.752309
vt 0.302184 0.760951
vt 0.511677 0.637467
vt 0.511694 0.643935
vt 0.504369 0.638752
vt 0.534644 0.648589
vt 0.531437 0.65338
vt 0.522804 0.648081
vt 0.507045 0.58113
vt 0.505018 0.575948
vt 0.508038 0.578286
vt 0.506849 0.628905
vt 0.512194 0.627965
vt 0.511358 0.632449
vt 0.306379 0.731684
vt 0.311046 0.74315
vt 0.298435 0.741043
vt 0.51967 0.535872
vt 0.525938 0.532328
vt 0.522663 0.539026
vt 0.526307 0.576159
vt 0.526191 0.572605
vt 0.531036 0.576074
vt 0.533987 0.593732
vt 0.531611 0.596488
vt 0.529352 0.590966
vt 0.542143 0.504619
vt 0.536436 0.516977
vt 0.526585 0.508606
vt 0.320758 0.739881
vt 0.319262 0.746928
vt 0.317655 0.741901
vt 0.31554 0.734976
vt 0.505486 0.543891
vt 0.508241 0.541133
vt 0.511434 0.54372
vt 0.509443 0.549192
vt 0.31365 0.75179
vt 0.321013 0.754655
vt 0.311903 0.7592
vt 0.510996 0.53854
vt 0.516925 0.541118
vt 0.515461 0.536155
vt 0.504707 0.571188
vt 0.509925 0.574044
vt 0.292719 0.761114
vt 0.504354 0.632737
vt 0.495335 0.628632
vt 0.501545 0.627234
vt 0.312795 0.76564
vt 0.32149 0.763535
vt 0.529004 0.539433
vt 0.535827 0.536976
vt 0.535062 0.543223
vt 0.320108 0.771878
vt 0.315542 0.768669
vt 0.305971 0.765547
vt 0.294255 0.770579
vt 0.330073 0.77654
vt 0.328071 0.770706
vt 0.332661 0.768077
vt 0.308888 0.772574
vt 0.522601 0.612016
vt 0.526714 0.617602
vt 0.518466 0.618164
vt 0.502038 0.64333
vt 0.367648 0.762018
vt 0.37154 0.76711
vt 0.364766 0.767688
vt 0.320784 0.778162
vt 0.313217 0.781778
vt 0.314686 0.775598
vt 0.336554 0.769785
vt 0.340756 0.775664
vt 0.328019 0.783291
vt 0.325663 0.76865
vt 0.319001 0.787278
vt 0.336777 0.781701
vt 0.371415 0.774889
vt 0.364861 0.773924
vt 0.366002 0.778638
vt 0.359615 0.768351
vt 0.360293 0.781186
vt 0.350765 0.771978
vt 0.343062 0.782693
vt 0.327872 0.790241
vt 0.309472 0.791356
vt 0.369411 0.784156
vt 0.350952 0.779559
vt 0.33676 0.78618
vt 0.524444 0.655115
vt 0.537019 0.597714
vt 0.538898 0.594728
vt 0.54284 0.597124
vt 0.342095 0.791034
vt 0.322545 0.794998
vt 0.31637 0.796505
vt 0.306409 0.797128
vt 0.500329 0.580687
vt 0.352152 0.78555
vt 0.322967 0.8023
vt 0.518138 0.528984
vt 0.359943 0.804649
vt 0.349651 0.792341
vt 0.332646 0.797374
vt 0.311285 0.808996
vt 0.322188 0.809922
vt 0.315826 0.813855
vt 0.319806 0.418687
vt 0.323133 0.425203
vt 0.317836 0.424949
vt 0.330824 0.429912
vt 0.327627 0.419311
vt 0.341016 0.42326
vt 0.298523 0.781432
vt 0.28931 0.790105
vt 0.331183 0.506933
vt 0.334416 0.509394
vt 0.329301 0.511667
vt 0.396049 0.465768
vt 0.39343 0.473392
vt 0.388707 0.467499
vt 0.346757 0.440956
vt 0.348714 0.432954
vt 0.355459 0.436062
vt 0.34805 0.522671
vt 0.341568 0.525163
vt 0.340346 0.520485
vt 0.394806 0.4013
vt 0.401152 0.398478
vt 0.400478 0.405532
vt 0.363422 0.40871
vt 0.35722 0.412025
vt 0.357086 0.401299
vt 0.378461 0.39742
vt 0.376153 0.406881
vt 0.370955 0.40175
vt 0.453464 0.423648
vt 0.46088 0.415542
vt 0.463581 0.431425
vt 0.325528 0.438741
vt 0.320357 0.431643
vt 0.334865 0.496872
vt 0.337748 0.501107
vt 0.332309 0.502978
vt 0.344386 0.463593
vt 0.343243 0.453945
vt 0.351421 0.45837
vt 0.391312 0.390997
vt 0.398631 0.385505
vt 0.397768 0.393405
vt 0.328268 0.472013
vt 0.324615 0.465895
vt 0.331906 0.465713
vt 0.323359 0.818561
vt 0.34084 0.433534
vt 0.359775 0.501531
vt 0.361726 0.50884
vt 0.354764 0.506509
vt 0.526448 0.521104
vt 0.510503 0.520858
vt 0.503297 0.52708
vt 0.502759 0.51723
vt 0.322967 0.477245
vt 0.331189 0.479242
vt 0.326986 0.483549
vt 0.360619 0.429323
vt 0.352918 0.426822
vt 0.360342 0.419336
vt 0.343555 0.807866
vt 0.400232 0.37771
vt 0.407286 0.380166
vt 0.477721 0.472883
vt 0.487927 0.478826
vt 0.477368 0.481728
vt 0.363949 0.436219
vt 0.357912 0.442381
vt 0.416814 0.419615
vt 0.412234 0.424446
vt 0.410814 0.414793
vt 0.332031 0.819561
vt 0.34694 0.797014
vt 0.381684 0.463516
vt 0.383987 0.45563
vt 0.390952 0.4611
vt 0.330859 0.443491
vt 0.335393 0.438722
vt 0.361469 0.451485
vt 0.357982 0.464282
vt 0.41872 0.426693
vt 0.42932 0.423418
vt 0.422243 0.435234
vt 0.368082 0.430157
vt 0.332237 0.517209
vt 0.327563 0.517074
vt 0.32367 0.452383
vt 0.320719 0.44811
vt 0.325471 0.445907
vt 0.497191 0.492581
vt 0.483855 0.489676
vt 0.45696 0.447509
vt 0.459401 0.458097
vt 0.450827 0.451523
vt 0.512643 0.533642
vt 0.374572 0.41529
vt 0.369111 0.412486
vt 0.359281 0.472516
vt 0.362457 0.467885
vt 0.339296 0.81425
vt 0.337101 0.460347
vt 0.387696 0.374932
vt 0.396221 0.370359
vt 0.395033 0.380057
vt 0.381238 0.411907
vt 0.3501 0.465923
vt 0.512842 0.491732
vt 0.526917 0.49732
vt 0.520658 0.500624
vt 0.362429 0.763005
vt 0.371006 0.48359
vt 0.375989 0.484681
vt 0.372534 0.487025
vt 0.410834 0.431476
vt 0.444808 0.423928
vt 0.447897 0.432801
vt 0.498623 0.571896
vt 0.315082 0.439582
vt 0.321135 0.443325
vt 0.317708 0.446009
vt 0.453714 0.401073
vt 0.360959 0.524803
vt 0.359831 0.529305
vt 0.354214 0.526941
vt 0.372868 0.466956
vt 0.375757 0.458801
vt 0.35129 0.418947
vt 0.336889 0.517704
vt 0.333949 0.520893
vt 0.368109 0.487194
vt 0.373086 0.490803
vt 0.338893 0.468383
vt 0.376455 0.45336
vt 0.516258 0.68223
vt 0.516959 0.675879
vt 0.522034 0.677567
vt 0.408651 0.421818
vt 0.406663 0.417327
vt 0.364443 0.480447
vt 0.340549 0.509481
vt 0.341156 0.515301
vt 0.335819 0.513459
vt 0.377916 0.77929
vt 0.36065 0.488712
vt 0.357996 0.494605
vt 0.352091 0.490499
vt 0.388629 0.409035
vt 0.389708 0.400238
vt 0.369432 0.460884
vt 0.365701 0.464907
vt 0.515839 0.504912
vt 0.338406 0.446948
vt 0.344883 0.447893
vt 0.538604 0.581646
vt 0.532148 0.580545
vt 0.53698 0.578351
vt 0.404091 0.364192
vt 0.40471 0.372287
vt 0.351233 0.449451
vt 0.391563 0.417004
vt 0.385741 0.417534
vt 0.428978 0.437244
vt 0.424144 0.441281
vt 0.498131 0.634674
vt 0.356584 0.517828
vt 0.355524 0.521667
vt 0.351932 0.519486
vt 0.487452 0.628207
vt 0.488124 0.623253
vt 0.483659 0.482879
vt 0.344998 0.473886
vt 0.339428 0.474086
vt 0.48825 0.501087
vt 0.370145 0.454431
vt 0.335575 0.453677
vt 0.329906 0.457428
vt 0.329952 0.449627
vt 0.4035 0.389894
vt 0.419491 0.444825
vt 0.424866 0.447635
vt 0.424296 0.45422
vt 0.480996 0.612203
vt 0.390984 0.424257
vt 0.369177 0.422047
vt 0.477886 0.60752
vt 0.483638 0.609609
vt 0.464807 0.503374
vt 0.45994 0.498651
vt 0.469403 0.498983
vt 0.349344 0.411211
vt 0.321246 0.459203
vt 0.327576 0.461972
vt 0.363652 0.495815
vt 0.50649 0.501948
vt 0.454361 0.468279
vt 0.447095 0.460094
vt 0.336719 0.505643
vt 0.342116 0.498319
vt 0.340827 0.491206
vt 0.316346 0.452117
vt 0.354374 0.431854
vt 0.385074 0.36711
vt 0.379205 0.367516
vt 0.386769 0.358419
vt 0.356127 0.514753
vt 0.351526 0.512534
vt 0.357592 0.511345
vt 0.321466 0.471041
vt 0.514281 0.652238
vt 0.506778 0.648356
vt 0.442354 0.451932
vt 0.446584 0.443139
vt 0.437774 0.477899
vt 0.445822 0.471673
vt 0.445589 0.480339
vt 0.328438 0.533234
vt 0.330198 0.536955
vt 0.326262 0.537449
vt 0.493944 0.518312
vt 0.487545 0.510016
vt 0.498037 0.507271
vt 0.367706 0.394028
vt 0.364841 0.401305
vt 0.34606 0.484781
vt 0.338854 0.480561
vt 0.301962 0.80373
vt 0.342147 0.503468
vt 0.348268 0.506661
vt 0.46856 0.517748
vt 0.462521 0.511955
vt 0.465836 0.509046
vt 0.347599 0.501218
vt 0.380495 0.379273
vt 0.45888 0.505956
vt 0.383309 0.388216
vt 0.407029 0.426512
vt 0.352483 0.501327
vt 0.323979 0.532967
vt 0.319672 0.532953
vt 0.322029 0.527696
vt 0.382573 0.480453
vt 0.373604 0.477169
vt 0.381137 0.471963
vt 0.335682 0.525461
vt 0.330331 0.524246
vt 0.347189 0.517122
vt 0.345874 0.512096
vt 0.469016 0.475012
vt 0.470832 0.464502
vt 0.404428 0.422993
vt 0.398973 0.422075
vt 0.396296 0.412269
vt 0.415363 0.406872
vt 0.417698 0.412521
vt 0.440675 0.457667
vt 0.434039 0.455158
vt 0.36123 0.514442
vt 0.46974 0.448283
vt 0.457015 0.438175
vt 0.470908 0.489867
vt 0.46314 0.49427
vt 0.42238 0.403085
vt 0.369092 0.505455
vt 0.460311 0.489003
vt 0.466695 0.482758
vt 0.378542 0.421132
vt 0.497986 0.639467
vt 0.347024 0.490368
vt 0.325993 0.522383
vt 0.326642 0.528309
vt 0.321925 0.537723
vt 0.324794 0.541027
vt 0.364677 0.459148
vt 0.329732 0.520608
vt 0.347957 0.495562
vt 0.507683 0.570876
vt 0.510106 0.570299
vt 0.482663 0.463934
vt 0.366181 0.471773
vt 0.438004 0.464785
vt 0.361947 0.519723
vt 0.367143 0.523123
vt 0.372471 0.378591
vt 0.364687 0.365504
vt 0.334701 0.473451
vt 0.432736 0.439648
vt 0.430539 0.443301
vt 0.365739 0.531009
vt 0.360337 0.533691
vt 0.540828 0.591443
vt 0.542867 0.593131
vt 0.384238 0.400822
vt 0.334644 0.491794
vt 0.352949 0.471756
vt 0.314521 0.46632
vt 0.316136 0.473714
vt 0.375742 0.389407
vt 0.384635 0.423929
vt 0.333953 0.486664
vt 0.353849 0.496723
vt 0.427285 0.443897
vt 0.354005 0.480173
vt 0.366834 0.512071
vt 0.362823 0.389197
vt 0.51773 0.516004
vt 0.534926 0.49157
vt 0.508286 0.587126
vt 0.511988 0.584905
vt 0.345849 0.532922
vt 0.340486 0.529316
vt 0.346738 0.527925
vt 0.503204 0.537719
vt 0.3574 0.531153
vt 0.47382 0.511097
vt 0.424266 0.412565
vt 0.433739 0.40138
vt 0.487419 0.522898
vt 0.494238 0.527025
vt 0.389547 0.484024
vt 0.381467 0.488891
vt 0.396056 0.360551
vt 0.407766 0.403678
vt 0.406608 0.394983
vt 0.413515 0.394797
vt 0.508073 0.533809
vt 0.318776 0.52579
vt 0.321655 0.523224
vt 0.40353 0.412846
vt 0.488804 0.531064
vt 0.482888 0.53278
vt 0.481785 0.526604
vt 0.508654 0.511623
vt 0.386814 0.474613
vt 0.389564 0.478988
vt 0.35157 0.504545
vt 0.350188 0.503436
vt 0.39178 0.464392
vt 0.416389 0.400803
vt 0.367206 0.492302
vt 0.429416 0.462166
vt 0.430333 0.470541
vt 0.429391 0.448771
vt 0.436132 0.445127
vt 0.37005 0.495662
vt 0.446511 0.411755
vt 0.439824 0.412773
vt 0.367564 0.499808
vt 0.374564 0.498191
vt 0.470534 0.505244
vt 0.368342 0.516408
vt 0.415086 0.436974
vt 0.411752 0.386906
vt 0.326589 0.505119
vt 0.43752 0.433093
vt 0.352888 0.532413
vt 0.477747 0.496115
vt 0.475164 0.524194
vt 0.472113 0.523611
vt 0.482592 0.497706
vt 0.478917 0.503702
vt 0.450801 0.481451
vt 0.45133 0.475191
vt 0.458468 0.478522
vt 0.331402 0.529127
vt 0.335618 0.530154
vt 0.44826 0.477473
vt 0.35263 0.516612
vt 0.33003 0.540993
vt 0.478598 0.51851
vt 0.485738 0.516112
vt 0.340535 0.534232
vt 0.480962 0.51194
vt 0.333991 0.534232
vt 0.356919 0.533624
vt 0.356915 0.53727
vt 0.317709 0.522614
vt 0.321875 0.519753
vt 0.317783 0.529188
vt 0.314683 0.526965
vt 0.462542 0.468225
vt 0.470361 0.527234
vt 0.477475 0.530508
vt 0.480113 0.536726
vt 0.474627 0.535467
vt 0.5123 0.673519
vt 0.527876 0.600707
vt 0.526706 0.597853
vt 0.531235 0.60021
vt 0.494822 0.565736
vt 0.492741 0.566633
vt 0.490085 0.565728
vt 0.495095 0.568699
vt 0.490213 0.568637
vt 0.500491 0.568122
vt 0.491992 0.572633
vt 0.497152 0.576099
vt 0.492026 0.576576
vt 0.494731 0.579194
vt 0.490382 0.580892
vt 0.500422 0.585227
vt 0.504059 0.584592
vt 0.496038 0.583166
vt 0.496862 0.588471
vt 0.50423 0.590063
vt 0.492216 0.585071
vt 0.507269 0.597043
vt 0.500034 0.594781
vt 0.482982 0.5802
vt 0.48678 0.576516
vt 0.486411 0.580053
vt 0.48682 0.584148
vt 0.501966 0.600564
vt 0.481907 0.576072
vt 0.49145 0.588967
vt 0.494203 0.600915
vt 0.477449 0.718193
vt 0.471435 0.715209
vt 0.476243 0.712862
vt 0.493875 0.593453
vt 0.48855 0.592511
vt 0.488866 0.59672
vt 0.477393 0.579144
vt 0.481301 0.584722
vt 0.474747 0.585411
vt 0.454809 0.648269
vt 0.4883 0.606443
vt 0.487929 0.602008
vt 0.471758 0.708813
vt 0.460837 0.596347
vt 0.461127 0.59024
vt 0.468107 0.595041
vt 0.485241 0.589075
vt 0.482147 0.594379
vt 0.479683 0.589056
vt 0.460916 0.627757
vt 0.483138 0.599937
vt 0.456208 0.699519
vt 0.452379 0.691252
vt 0.458934 0.687678
vt 0.474294 0.591501
vt 0.443833 0.610661
vt 0.447256 0.607651
vt 0.450452 0.614053
vt 0.468888 0.696039
vt 0.463413 0.697953
vt 0.467027 0.587224
vt 0.483466 0.604897
vt 0.456049 0.621598
vt 0.478313 0.599182
vt 0.479424 0.602913
vt 0.47376 0.601516
vt 0.475112 0.596449
vt 0.454507 0.66219
vt 0.449569 0.666479
vt 0.449289 0.660095
vt 0.466894 0.711248
vt 0.471686 0.606326
vt 0.466237 0.601555
vt 0.455696 0.589576
vt 0.462275 0.600216
vt 0.466821 0.606194
vt 0.470079 0.609164
vt 0.460142 0.602704
vt 0.456279 0.655394
vt 0.483913 0.700138
vt 0.477293 0.694765
vt 0.455181 0.668645
vt 0.449512 0.603721
vt 0.451287 0.595419
vt 0.457321 0.607979
vt 0.45612 0.628465
vt 0.451337 0.625208
vt 0.438404 0.616758
vt 0.445266 0.616085
vt 0.452819 0.609395
vt 0.449555 0.619434
vt 0.445336 0.622922
vt 0.458579 0.678261
vt 0.448451 0.63041
vt 0.443444 0.62848
vt 0.452309 0.629579
vt 0.476038 0.702297
vt 0.443571 0.633755
vt 0.453616 0.63396
vt 0.459966 0.633634
vt 0.456228 0.640311
vt 0.451243 0.644097
vt 0.464036 0.704806
vt 0.45232 0.676275
vt 0.444024 0.67289
vt 0.451783 0.685274
vt 0.450342 0.655181
vt 0.444141 0.656385
vt 0.446787 0.647893
vt 0.470806 0.720743
vt 0.450806 0.680428
vt 0.447113 0.680967
vt 0.454572 0.672965
vt 0.458254 0.672971
vt 0.488761 0.715449
vt 0.483959 0.711162
vt 0.468783 0.70207
vt 0.478291 0.708895
vt 0.541661 0.483926
vt 0.529901 0.480044
vt 0.535567 0.473365
vt 0.491941 0.633231
vt 0.484093 0.717409
vt 0.461059 0.710103
vt 0.458687 0.704661
vt 0.448142 0.63871
vt 0.482619 0.705795
vt 0.465871 0.716317
vt 0.480292 0.713952
vt 0.447609 0.686177
vt 0.350395 0.673302
vt 0.349045 0.667046
vt 0.354208 0.6687
vt 0.336206 0.755546
vt 0.330156 0.751889
vt 0.337263 0.750842
vt 0.3636 0.630735
vt 0.363431 0.625011
vt 0.368582 0.629687
vt 0.341364 0.591876
vt 0.345517 0.591976
vt 0.343531 0.595793
vt 0.364311 0.583327
vt 0.364599 0.590487
vt 0.359937 0.587411
vt 0.348464 0.59656
vt 0.390384 0.635392
vt 0.395211 0.63601
vt 0.391293 0.638999
vt 0.35799 0.592653
vt 0.371754 0.585777
vt 0.37027 0.59445
vt 0.377012 0.591592
vt 0.351275 0.592997
vt 0.346275 0.598955
vt 0.395766 0.641348
vt 0.389787 0.644952
vt 0.363861 0.597122
vt 0.376419 0.5981
vt 0.349728 0.601524
vt 0.343761 0.601049
vt 0.385654 0.638405
vt 0.387588 0.628189
vt 0.391817 0.625368
vt 0.393269 0.631173
vt 0.370448 0.603173
vt 0.342295 0.605117
vt 0.341008 0.608998
vt 0.33734 0.606201
vt 0.346842 0.606618
vt 0.359237 0.601174
vt 0.354717 0.597997
vt 0.358944 0.597675
vt 0.380413 0.646772
vt 0.381466 0.630528
vt 0.386729 0.632157
vt 0.383499 0.622379
vt 0.355144 0.602335
vt 0.35256 0.606215
vt 0.379022 0.637347
vt 0.383229 0.634515
vt 0.349877 0.609076
vt 0.372938 0.64029
vt 0.376104 0.627064
vt 0.352197 0.612147
vt 0.374395 0.632815
vt 0.369814 0.634912
vt 0.363684 0.60266
vt 0.365169 0.608292
vt 0.358588 0.606997
vt 0.345612 0.612312
vt 0.365973 0.634134
vt 0.372588 0.622534
vt 0.344994 0.620291
vt 0.367367 0.637235
vt 0.36577 0.616697
vt 0.358484 0.614233
vt 0.369463 0.644813
vt 0.367083 0.641199
vt 0.363534 0.645165
vt 0.357495 0.632897
vt 0.355449 0.623513
vt 0.349524 0.622142
vt 0.347171 0.627508
vt 0.35222 0.618031
vt 0.358398 0.64051
vt 0.363304 0.63622
vt 0.350148 0.633915
vt 0.357725 0.645159
vt 0.353196 0.641358
vt 0.342985 0.636367
vt 0.346798 0.640441
vt 0.353751 0.649853
vt 0.371768 0.659234
vt 0.364942 0.662217
vt 0.364312 0.653951
vt 0.376093 0.666092
vt 0.373282 0.670616
vt 0.369718 0.666458
vt 0.323979 0.648741
vt 0.330239 0.655231
vt 0.322168 0.656897
vt 0.358662 0.653891
vt 0.359542 0.649745
vt 0.347961 0.645942
vt 0.359309 0.658992
vt 0.374839 0.676446
vt 0.369902 0.674524
vt 0.37009 0.671706
vt 0.341526 0.6461
vt 0.336103 0.650054
vt 0.334148 0.64234
vt 0.346513 0.653559
vt 0.354026 0.657033
vt 0.366254 0.66807
vt 0.359963 0.664491
vt 0.368566 0.677975
vt 0.366639 0.672591
vt 0.338386 0.654542
vt 0.354959 0.663462
vt 0.356808 0.666528
vt 0.400752 0.692316
vt 0.402166 0.698082
vt 0.397228 0.695969
vt 0.362704 0.667121
vt 0.431893 0.645852
vt 0.428095 0.648931
vt 0.42703 0.643005
vt 0.35833 0.669845
vt 0.348573 0.660671
vt 0.36463 0.679875
vt 0.367612 0.683402
vt 0.362111 0.683975
vt 0.363762 0.676653
vt 0.345144 0.658655
vt 0.355155 0.672314
vt 0.397589 0.6469
vt 0.385702 0.69283
vt 0.385956 0.698164
vt 0.380361 0.697192
vt 0.361367 0.680927
vt 0.362305 0.672196
vt 0.357429 0.674704
vt 0.333892 0.661228
vt 0.329273 0.662498
vt 0.340951 0.755349
vt 0.340649 0.75187
vt 0.34476 0.665367
vt 0.34407 0.661623
vt 0.341323 0.659839
vt 0.343754 0.696281
vt 0.341783 0.701034
vt 0.338699 0.695008
vt 0.359655 0.677999
vt 0.330217 0.668288
vt 0.338413 0.666739
vt 0.432817 0.690879
vt 0.43837 0.693791
vt 0.433193 0.696709
vt 0.342853 0.672454
vt 0.352356 0.763611
vt 0.345966 0.760771
vt 0.349885 0.757316
vt 0.352271 0.733619
vt 0.356615 0.731312
vt 0.355389 0.737648
vt 0.355435 0.678288
vt 0.354599 0.675302
vt 0.348204 0.696757
vt 0.355603 0.697783
vt 0.349257 0.703302
vt 0.389717 0.556315
vt 0.387902 0.560612
vt 0.383916 0.556369
vt 0.33509 0.672405
vt 0.427857 0.702809
vt 0.43321 0.702598
vt 0.428812 0.707846
vt 0.347383 0.678301
vt 0.356397 0.684013
vt 0.351726 0.678731
vt 0.388542 0.747539
vt 0.384516 0.741478
vt 0.391161 0.745271
vt 0.371523 0.693923
vt 0.376161 0.697755
vt 0.350448 0.690271
vt 0.348237 0.683675
vt 0.335095 0.686211
vt 0.335076 0.679157
vt 0.342394 0.680791
vt 0.342591 0.688271
vt 0.334311 0.745521
vt 0.326387 0.746337
vt 0.388348 0.722604
vt 0.389697 0.726819
vt 0.383177 0.723688
vt 0.376018 0.702107
vt 0.372913 0.699058
vt 0.379738 0.701762
vt 0.51432 0.581624
vt 0.509632 0.578683
vt 0.510589 0.576976
vt 0.522023 0.590952
vt 0.526711 0.593589
vt 0.523698 0.593496
vt 0.522705 0.640527
vt 0.516598 0.635623
vt 0.494672 0.609149
vt 0.500357 0.620064
vt 0.496123 0.622417
vt 0.496203 0.615845
vt 0.532075 0.533501
vt 0.53673 0.531473
vt 0.531345 0.603331
vt 0.513147 0.577552
vt 0.513671 0.572623
vt 0.513738 0.569944
vt 0.515544 0.551625
vt 0.518186 0.557141
vt 0.511773 0.55476
vt 0.541645 0.525386
vt 0.542106 0.534452
vt 0.521792 0.634658
vt 0.499765 0.604767
vt 0.364069 0.717917
vt 0.366996 0.717096
vt 0.367568 0.722587
vt 0.366382 0.697136
vt 0.328974 0.682315
vt 0.364866 0.728359
vt 0.365575 0.73402
vt 0.361602 0.731006
vt 0.344666 0.693371
vt 0.372571 0.704522
vt 0.380347 0.708947
vt 0.411213 0.754691
vt 0.407566 0.75435
vt 0.407446 0.74969
vt 0.423158 0.724519
vt 0.424359 0.719814
vt 0.427782 0.724863
vt 0.42429 0.676555
vt 0.427076 0.670333
vt 0.431716 0.675617
vt 0.432974 0.746097
vt 0.429495 0.748953
vt 0.428456 0.743999
vt 0.385125 0.686822
vt 0.391522 0.688041
vt 0.440762 0.650252
vt 0.437785 0.650476
vt 0.438518 0.643049
vt 0.416689 0.668402
vt 0.418377 0.673815
vt 0.411705 0.673664
vt 0.32998 0.578954
vt 0.33495 0.576965
vt 0.335089 0.584325
vt 0.430366 0.710995
vt 0.429461 0.709678
vt 0.504316 0.565458
vt 0.506171 0.568498
vt 0.492357 0.563577
vt 0.498884 0.563978
vt 0.509721 0.566329
vt 0.488578 0.564012
vt 0.505982 0.562181
vt 0.503115 0.563488
vt 0.494851 0.560669
vt 0.487151 0.562036
vt 0.502084 0.548335
vt 0.505011 0.555527
vt 0.500886 0.560651
vt 0.499555 0.556552
vt 0.497968 0.559269
vt 0.495411 0.557354
vt 0.473945 0.558258
vt 0.467318 0.564754
vt 0.465433 0.556349
vt 0.475985 0.553797
vt 0.479313 0.555135
vt 0.466822 0.546237
vt 0.466958 0.550625
vt 0.463295 0.548417
vt 0.471838 0.553187
vt 0.487386 0.557437
vt 0.491412 0.558195
vt 0.492026 0.554239
vt 0.496935 0.555227
vt 0.471483 0.547444
vt 0.475014 0.550224
vt 0.479834 0.550561
vt 0.496686 0.533477
vt 0.481604 0.559109
vt 0.485008 0.553395
vt 0.47289 0.541059
vt 0.468544 0.534309
vt 0.497179 0.551854
vt 0.468629 0.541897
vt 0.497534 0.538039
vt 0.49811 0.543222
vt 0.492768 0.5377
vt 0.476431 0.546278
vt 0.482152 0.541552
vt 0.486419 0.538224
vt 0.485874 0.544507
vt 0.497597 0.548053
vt 0.478016 0.541406
vt 0.481067 0.54568
vt 0.484489 0.548598
vt 0.475656 0.563991
vt 0.494809 0.546708
vt 0.490187 0.548784
vt 0.491368 0.542979
vt 0.462104 0.552076
vt 0.511977 0.561161
vt 0.371087 0.568415
vt 0.361856 0.568193
vt 0.368527 0.561158
vt 0.513498 0.623082
vt 0.518792 0.627282
vt 0.502559 0.610843
vt 0.505079 0.623725
vt 0.506435 0.617715
vt 0.409474 0.71374
vt 0.403107 0.713427
vt 0.406389 0.709499
vt 0.46115 0.581769
vt 0.469348 0.580692
vt 0.484995 0.571485
vt 0.463701 0.578094
vt 0.486418 0.567587
vt 0.46812 0.575841
vt 0.479272 0.573558
vt 0.474323 0.57358
vt 0.46171 0.574627
vt 0.483422 0.568006
vt 0.486275 0.565839
vt 0.47941 0.569815
vt 0.47121 0.571786
vt 0.460132 0.568559
vt 0.466692 0.572075
vt 0.481041 0.566127
vt 0.47452 0.568769
vt 0.469993 0.569368
vt 0.384288 0.70083
vt 0.38748 0.700057
vt 0.392527 0.676004
vt 0.394473 0.68093
vt 0.390932 0.679491
vt 0.365414 0.544254
vt 0.361701 0.540462
vt 0.366994 0.538645
vt 0.404281 0.557789
vt 0.398597 0.56439
vt 0.39648 0.557215
vt 0.407719 0.679105
vt 0.40655 0.674907
vt 0.411932 0.594417
vt 0.410675 0.601889
vt 0.407413 0.594418
vt 0.433329 0.516289
vt 0.43148 0.521726
vt 0.42625 0.517872
vt 0.375466 0.688941
vt 0.372791 0.687218
vt 0.376962 0.686912
vt 0.41541 0.71897
vt 0.409239 0.719603
vt 0.409577 0.717137
vt 0.404114 0.674834
vt 0.40061 0.678361
vt 0.401316 0.672252
vt 0.517122 0.589748
vt 0.516816 0.593863
vt 0.51286 0.589659
vt 0.40841 0.683597
vt 0.404068 0.68222
vt 0.409508 0.535
vt 0.40023 0.530231
vt 0.41047 0.528286
vt 0.311983 0.589027
vt 0.307076 0.594659
vt 0.302943 0.589
vt 0.39864 0.639181
vt 0.389343 0.70143
vt 0.373047 0.555323
vt 0.376814 0.559892
vt 0.433674 0.749961
vt 0.428137 0.754403
vt 0.380415 0.661252
vt 0.405518 0.663215
vt 0.402236 0.66585
vt 0.403887 0.659128
vt 0.345608 0.577366
vt 0.346333 0.572664
vt 0.351114 0.574753
vt 0.398677 0.686174
vt 0.396043 0.691347
vt 0.292461 0.585051
vt 0.297911 0.587137
vt 0.295343 0.591839
vt 0.372141 0.574662
vt 0.364956 0.575916
vt 0.429531 0.73509
vt 0.428308 0.738634
vt 0.425004 0.734709
vt 0.322036 0.607557
vt 0.321174 0.601256
vt 0.329597 0.60625
vt 0.418516 0.728139
vt 0.416295 0.733484
vt 0.409961 0.729535
vt 0.389247 0.69784
vt 0.392421 0.694482
vt 0.394785 0.700129
vt 0.396005 0.604082
vt 0.398246 0.597923
vt 0.40306 0.602966
vt 0.383522 0.605231
vt 0.386589 0.600372
vt 0.389743 0.605617
vt 0.429104 0.556642
vt 0.432943 0.55226
vt 0.436651 0.556725
vt 0.405842 0.67075
vt 0.388511 0.682917
vt 0.368978 0.688468
vt 0.376349 0.691104
vt 0.398285 0.729
vt 0.398462 0.734107
vt 0.393421 0.730216
vt 0.412588 0.589349
vt 0.416198 0.595404
vt 0.418085 0.562821
vt 0.417854 0.570786
vt 0.410746 0.567762
vt 0.429202 0.623367
vt 0.434786 0.62269
vt 0.432288 0.626533
vt 0.408658 0.664962
vt 0.327223 0.612004
vt 0.316315 0.613175
vt 0.417891 0.73695
vt 0.415915 0.737197
vt 0.37613 0.653888
vt 0.307717 0.5731
vt 0.310711 0.568672
vt 0.314899 0.573704
vt 0.381097 0.683237
vt 0.380812 0.686046
vt 0.37364 0.682523
vt 0.392221 0.704224
vt 0.403744 0.705737
vt 0.410655 0.704426
vt 0.34076 0.573003
vt 0.393793 0.727297
vt 0.3971 0.726679
vt 0.397637 0.704837
vt 0.398525 0.710489
vt 0.390715 0.708308
vt 0.432372 0.618906
vt 0.432626 0.686611
vt 0.437393 0.687332
vt 0.387638 0.551184
vt 0.376865 0.52652
vt 0.381207 0.534466
vt 0.374346 0.533964
vt 0.418061 0.516612
vt 0.422309 0.524866
vt 0.417519 0.590562
vt 0.428367 0.54285
vt 0.42462 0.546231
vt 0.424404 0.541313
vt 0.412578 0.668303
vt 0.413185 0.664427
vt 0.398369 0.698835
vt 0.313307 0.597044
vt 0.419843 0.654211
vt 0.42294 0.65878
vt 0.417711 0.658043
vt 0.381058 0.700568
vt 0.412656 0.741425
vt 0.415131 0.749574
vt 0.412139 0.641861
vt 0.403262 0.641888
vt 0.407694 0.631974
vt 0.415625 0.556123
vt 0.422688 0.557883
vt 0.422674 0.665912
vt 0.421935 0.671288
vt 0.364028 0.68705
vt 0.412649 0.735584
vt 0.330687 0.574119
vt 0.3339 0.569829
vt 0.386183 0.677729
vt 0.450466 0.525224
vt 0.444215 0.528443
vt 0.445045 0.521393
vt 0.3977 0.746987
vt 0.402395 0.754692
vt 0.394878 0.754043
vt 0.377498 0.619884
vt 0.412867 0.65567
vt 0.416255 0.649479
vt 0.387762 0.67158
vt 0.436558 0.711312
vt 0.434398 0.707834
vt 0.438823 0.703009
vt 0.391741 0.529787
vt 0.38702 0.52846
vt 0.390245 0.52279
vt 0.386121 0.704626
vt 0.394649 0.598154
vt 0.411023 0.698591
vt 0.410794 0.692548
vt 0.417174 0.695276
vt 0.439445 0.549917
vt 0.431241 0.547132
vt 0.388028 0.652054
vt 0.433399 0.650225
vt 0.395176 0.669647
vt 0.396986 0.675202
vt 0.372614 0.61182
vt 0.378914 0.615956
vt 0.373698 0.617167
vt 0.3428 0.588781
vt 0.405176 0.485162
vt 0.405172 0.479469
vt 0.41124 0.482247
vt 0.427708 0.611767
vt 0.422933 0.61245
vt 0.424584 0.605412
vt 0.405899 0.758497
vt 0.425475 0.560796
vt 0.363951 0.6916
vt 0.406179 0.546206
vt 0.398198 0.542161
vt 0.405125 0.539145
vt 0.405379 0.570695
vt 0.404805 0.56535
vt 0.410213 0.560972
vt 0.380816 0.677792
vt 0.400091 0.652491
vt 0.394234 0.656125
vt 0.393505 0.650988
vt 0.419738 0.682
vt 0.422822 0.679742
vt 0.427153 0.682725
vt 0.441712 0.658571
vt 0.439327 0.655584
vt 0.349746 0.588661
vt 0.354484 0.585856
vt 0.353428 0.590293
vt 0.409874 0.555826
vt 0.305786 0.611188
vt 0.296133 0.611242
vt 0.300545 0.607346
vt 0.39398 0.619274
vt 0.402454 0.620757
vt 0.398544 0.627366
vt 0.387652 0.665582
vt 0.382705 0.667428
vt 0.382903 0.594799
vt 0.387127 0.58984
vt 0.390315 0.594519
vt 0.434544 0.660261
vt 0.433736 0.667334
vt 0.428942 0.661732
vt 0.380445 0.672879
vt 0.405277 0.688155
vt 0.412252 0.543092
vt 0.418314 0.545328
vt 0.41694 0.549641
vt 0.395813 0.72457
vt 0.400453 0.724628
vt 0.389867 0.544856
vt 0.380706 0.548209
vt 0.340546 0.596704
vt 0.339562 0.594318
vt 0.41788 0.689032
vt 0.421478 0.650511
vt 0.420983 0.647972
vt 0.383806 0.509032
vt 0.38286 0.516684
vt 0.375839 0.513717
vt 0.394335 0.662139
vt 0.38659 0.660451
vt 0.33684 0.597101
vt 0.331805 0.594824
vt 0.335627 0.59186
vt 0.430356 0.700447
vt 0.382638 0.655618
vt 0.40473 0.693689
vt 0.418076 0.705746
vt 0.415311 0.712133
vt 0.41162 0.708826
vt 0.372244 0.549443
vt 0.377925 0.577665
vt 0.370203 0.579799
vt 0.319055 0.562508
vt 0.317375 0.567719
vt 0.314205 0.564068
vt 0.30946 0.562536
vt 0.315674 0.558302
vt 0.311326 0.555301
vt 0.321574 0.558339
vt 0.319885 0.553958
vt 0.323552 0.549132
vt 0.325045 0.553921
vt 0.30912 0.545475
vt 0.310493 0.542875
vt 0.311814 0.546607
vt 0.31519 0.543637
vt 0.316748 0.550394
vt 0.314207 0.547061
vt 0.32086 0.543702
vt 0.317538 0.537772
vt 0.312519 0.537622
vt 0.315587 0.532689
vt 0.311382 0.531354
vt 0.324647 0.513717
vt 0.32398 0.510403
vt 0.315838 0.513958
vt 0.320751 0.515756
vt 0.316874 0.518318
vt 0.310285 0.526851
vt 0.324692 0.517705
vt 0.311575 0.522161
vt 0.318924 0.484005
vt 0.320084 0.490721
vt 0.314167 0.489098
vt 0.320577 0.511574
vt 0.32118 0.508187
vt 0.324668 0.508024
vt 0.327619 0.491446
vt 0.323105 0.505746
vt 0.327974 0.499415
vt 0.320769 0.505157
vt 0.322338 0.502454
vt 0.317161 0.508902
vt 0.319216 0.506049
vt 0.317077 0.478494
vt 0.317543 0.502558
vt 0.322662 0.49703
vt 0.313388 0.511657
vt 0.31174 0.549676
vt 0.312294 0.51384
vt 0.312858 0.50694
vt 0.316328 0.495158
vt 0.356206 0.559359
vt 0.356804 0.554264
vt 0.361857 0.553705
vt 0.330661 0.553528
vt 0.327397 0.557026
vt 0.330755 0.559631
vt 0.337441 0.560096
vt 0.338212 0.554049
vt 0.32428 0.558282
vt 0.326253 0.559677
vt 0.324203 0.563393
vt 0.342088 0.556753
vt 0.342884 0.560507
vt 0.351277 0.539978
vt 0.350879 0.535998
vt 0.352784 0.553264
vt 0.347358 0.557612
vt 0.347313 0.552388
vt 0.33615 0.549558
vt 0.333339 0.545405
vt 0.339923 0.545594
vt 0.358286 0.549725
vt 0.352422 0.557153
vt 0.360779 0.544729
vt 0.329448 0.565768
vt 0.367146 0.549619
vt 0.367763 0.555255
vt 0.344258 0.541704
vt 0.345969 0.53731
vt 0.36226 0.560356
vt 0.327935 0.570338
vt 0.347988 0.547805
vt 0.346158 0.544997
vt 0.350956 0.544376
vt 0.356408 0.542336
vt 0.34308 0.548724
vt 0.325971 0.567303
vt 0.339766 0.565563
vt 0.334017 0.564121
vt 0.352833 0.548807
vt 0.327037 0.545135
vt 0.329247 0.549582
vt 0.363127 0.548484
vt 0.348018 0.562808
vt 0.345626 0.568582
vt 0.33709 0.541684
vt 0.353807 0.564758
vt 0.351172 0.569357
vt 0.349173 0.566563
vt 0.334029 0.538242
vt 0.342457 0.537814
vt 0.338729 0.537966
vt 0.356175 0.546019
vt 0.358203 0.563664
vt 0.356294 0.567418
vt 0.355431 0.571467
vt 0.38941 0.713937
vt 0.383418 0.713553
vt 0.38161 0.688583
vt 0.430733 0.679647
vt 0.435222 0.682313
vt 0.423087 0.693353
vt 0.312719 0.581049
vt 0.318839 0.585751
vt 0.4293 0.687404
vt 0.428474 0.691848
vt 0.382203 0.686148
vt 0.407013 0.696932
vt 0.428464 0.710752
vt 0.422999 0.710578
vt 0.399161 0.700906
vt 0.369679 0.650913
vt 0.373842 0.647204
vt 0.304357 0.600949
vt 0.401093 0.55055
vt 0.406635 0.551958
vt 0.409376 0.64754
vt 0.411441 0.651267
vt 0.400074 0.634523
vt 0.395421 0.497742
vt 0.390964 0.494197
vt 0.397337 0.488985
vt 0.420839 0.492311
vt 0.419627 0.498136
vt 0.416741 0.492317
vt 0.399883 0.764618
vt 0.404358 0.677928
vt 0.418636 0.613671
vt 0.420639 0.618616
vt 0.425499 0.749241
vt 0.426295 0.69774
vt 0.42192 0.696593
vt 0.30636 0.606463
vt 0.313266 0.605597
vt 0.439137 0.660993
vt 0.433427 0.612287
vt 0.431995 0.615416
vt 0.399631 0.571839
vt 0.392238 0.569976
vt 0.401997 0.702386
vt 0.30717 0.566029
vt 0.423176 0.637116
vt 0.420857 0.631036
vt 0.425439 0.633654
vt 0.439322 0.678946
vt 0.437066 0.676277
vt 0.38664 0.500926
vt 0.391 0.505386
vt 0.32297 0.560958
vt 0.306871 0.584268
vt 0.402594 0.609832
vt 0.399315 0.613645
vt 0.399584 0.607924
vt 0.403816 0.727353
vt 0.411948 0.686428
vt 0.443152 0.663474
vt 0.417048 0.503482
vt 0.414229 0.508386
vt 0.410243 0.499966
vt 0.390248 0.740488
vt 0.396264 0.741566
vt 0.359072 0.582709
vt 0.379443 0.713671
vt 0.37493 0.708795
vt 0.406036 0.701384
vt 0.410392 0.661047
vt 0.414337 0.659916
vt 0.441522 0.630679
vt 0.440084 0.634778
vt 0.387511 0.582761
vt 0.395152 0.578684
vt 0.392838 0.587223
vt 0.405149 0.717358
vt 0.396523 0.71704
vt 0.390076 0.71859
vt 0.391445 0.716907
vt 0.432329 0.640682
vt 0.419951 0.608181
vt 0.417898 0.602425
vt 0.310271 0.576706
vt 0.4168 0.635894
vt 0.417887 0.662323
vt 0.408163 0.606058
vt 0.407241 0.611892
vt 0.363042 0.536221
vt 0.384474 0.717656
vt 0.427985 0.715054
vt 0.433606 0.71375
vt 0.43429 0.655483
vt 0.420856 0.715251
vt 0.403791 0.730788
vt 0.388379 0.65732
vt 0.397061 0.504147
vt 0.396057 0.510433
vt 0.397401 0.609448
vt 0.393987 0.610731
vt 0.322265 0.570386
vt 0.368808 0.701365
vt 0.353307 0.677214
vt 0.327537 0.691143
vt 0.36091 0.738703
vt 0.422673 0.701739
vt 0.424041 0.705725
vt 0.403562 0.648682
vt 0.402113 0.50787
vt 0.409395 0.51359
vt 0.402789 0.514994
vt 0.417254 0.684124
vt 0.413355 0.68068
vt 0.435927 0.626623
vt 0.415665 0.700821
vt 0.43384 0.679064
vt 0.439806 0.66618
vt 0.436905 0.672175
vt 0.339237 0.589726
vt 0.393966 0.737361
vt 0.389338 0.731514
vt 0.422837 0.745113
vt 0.420302 0.739867
vt 0.424415 0.739719
vt 0.383753 0.579125
vt 0.380059 0.584292
vt 0.38297 0.52442
vt 0.418475 0.677925
vt 0.40311 0.741632
vt 0.407377 0.735197
vt 0.30535 0.578131
vt 0.440645 0.682929
vt 0.398495 0.481829
vt 0.402211 0.477792
vt 0.395033 0.485909
vt 0.417025 0.740132
vt 0.418136 0.744081
vt 0.319016 0.579965
vt 0.32336 0.583825
vt 0.377676 0.505527
vt 0.383673 0.495605
vt 0.414931 0.497094
vt 0.393479 0.72162
vt 0.329181 0.586497
vt 0.421171 0.685555
vt 0.424528 0.688717
vt 0.420742 0.753016
vt 0.415472 0.754122
vt 0.427736 0.729929
vt 0.432541 0.728033
vt 0.420818 0.698603
vt 0.401447 0.719698
vt 0.404993 0.722417
vt 0.420725 0.735577
vt 0.398522 0.721585
vt 0.411698 0.723842
vt 0.4399 0.62524
vt 0.391664 0.724822
vt 0.321015 0.575976
vt 0.42711 0.618562
vt 0.42686 0.629329
vt 0.428579 0.632879
vt 0.3013 0.59492
vt 0.295579 0.598397
vt 0.419386 0.701718
vt 0.420547 0.643955
vt 0.378104 0.603388
vt 0.381227 0.6004
vt 0.325998 0.574984
vt 0.403823 0.614252
vt 0.405564 0.617613
vt 0.401631 0.5933
vt 0.378547 0.608814
vt 0.406955 0.652507
vt 0.412042 0.49152
vt 0.435482 0.635904
vt 0.390105 0.489234
vt 0.333431 0.603225
vt 0.327807 0.598094
vt 0.33419 0.599666
vt 0.409783 0.574582
vt 0.341272 0.585655
vt 0.345841 0.587123
vt 0.334747 0.610093
vt 0.387196 0.565263
vt 0.390742 0.563822
vt 0.389935 0.513899
vt 0.37524 0.542252
vt 0.386337 0.612616
vt 0.415652 0.583322
vt 0.408505 0.582945
vt 0.336256 0.602028
vt 0.339268 0.599827
vt 0.326017 0.590275
vt 0.319829 0.59352
vt 0.376557 0.571514
vt 0.418038 0.485232
vt 0.429141 0.655182
vt 0.418917 0.586616
vt 0.406017 0.521944
vt 0.41073 0.518705
vt 0.414654 0.52312
vt 0.424485 0.652497
vt 0.415402 0.608607
vt 0.414406 0.616321
vt 0.411136 0.609069
vt 0.424947 0.646628
vt 0.423672 0.648542
vt 0.403004 0.500534
vt 0.403322 0.493235
vt 0.38353 0.570501
vt 0.383783 0.575714
vt 0.402935 0.57836
vt 0.394228 0.550088
vt 0.442331 0.687795
vt 0.349065 0.5846
vt 0.350365 0.580248
vt 0.4334 0.721709
vt 0.524078 0.626881
vt 0.523595 0.6304
vt 0.521561 0.623603
vt 0.414553 0.627984
vt 0.413569 0.622859
vt 0.417221 0.623301
vt 0.411265 0.55031
vt 0.437818 0.630774
vt 0.432925 0.630477
vt 0.388632 0.533559
vt 0.386945 0.539363
vt 0.325242 0.580318
vt 0.392063 0.761228
vt 0.388521 0.752234
vt 0.375621 0.772436
vt 0.378148 0.765915
vt 0.376147 0.761766
vt 0.376466 0.758097
vt 0.381712 0.759695
vt 0.380554 0.77145
vt 0.373001 0.761016
vt 0.534579 0.573549
vt 0.534162 0.576301
vt 0.515697 0.575993
vt 0.521102 0.579382
vt 0.516752 0.579774
vt 0.520486 0.584161
vt 0.39617 0.592846
vt 0.41874 0.62739
vt 0.422446 0.625192
vt 0.337757 0.603042
vt 0.360409 0.687577
vt 0.357643 0.690555
vt 0.360819 0.695451
vt 0.361851 0.700897
vt 0.519459 0.573177
vt 0.515724 0.567146
vt 0.518315 0.563489
vt 0.540609 0.540437
vt 0.533139 0.58325
vt 0.529006 0.582646
vt 0.541546 0.579013
vt 0.544961 0.58141
vt 0.513357 0.601184
vt 0.513822 0.597146
vt 0.519739 0.600172
vt 0.370063 0.543719
vt 0.415788 0.538361
vt 0.405508 0.762997
vt 0.393034 0.536309
vt 0.370167 0.534325
vt 0.431919 0.658471
vt 0.422516 0.536944
vt 0.416749 0.531495
vt 0.409176 0.621179
vt 0.425168 0.565511
vt 0.433182 0.733298
vt 0.421925 0.553767
vt 0.421593 0.549308
vt 0.340452 0.603166
vt 0.440365 0.516213
vt 0.43779 0.522375
vt 0.420397 0.748851
vt 0.42275 0.74929
vt 0.3909 0.576534
vt 0.38737 0.575259
vt 0.432521 0.73847
vt 0.371512 0.538873
vt 0.427803 0.637403
vt 0.528864 0.546564
vt 0.51667 0.585734
vt 0.507908 0.605014
vt 0.53496 0.602606
vt 0.512548 0.611566
vt 0.425159 0.615382
vt 0.361244 0.580353
vt 0.357042 0.577415
vt 0.421139 0.510376
vt 0.431373 0.635529
vt 0.345178 0.582681
vt 0.340138 0.580274
vt 0.426899 0.551697
vt 0.378018 0.566391
vt 0.391579 0.600379
vt 0.412942 0.759632
vt 0.435919 0.530652
vt 0.431644 0.525769
vt 0.371073 0.510721
vt 0.4001 0.475654
vt 0.40843 0.473677
vt 0.397146 0.518571
vt 0.38467 0.756182
vt 0.394281 0.563175
vt 0.408754 0.588494
vt 0.405004 0.58981
vt 0.330501 0.590597
vt 0.434983 0.741968
vt 0.438267 0.74603
vt 0.394199 0.765664
vt 0.391983 0.560426
vt 0.391112 0.768054
vt 0.400163 0.586377
vt 0.427862 0.528672
vt 0.423326 0.531325
vt 0.435127 0.510529
vt 0.416206 0.541968
vt 0.304303 0.567973
vt 0.329896 0.582792
vt 0.437208 0.543652
vt 0.43222 0.541034
vt 0.53798 0.606207
vt 0.538533 0.601059
vt 0.530291 0.635193
vt 0.540053 0.635588
vt 0.538491 0.640397
vt 0.549298 0.645357
vt 0.541244 0.64625
vt 0.522136 0.568116
vt 0.542113 0.629479
vt 0.535116 0.630482
vt 0.522709 0.543973
vt 0.522008 0.550494
vt 0.548614 0.516411
vt 0.528697 0.552823
vt 0.526525 0.586563
vt 0.52401 0.589117
vt 0.541506 0.545839
vt 0.382769 0.588424
vt 0.525975 0.602461
vt 0.524183 0.606171
vt 0.520782 0.592752
vt 0.522282 0.595911
vt 0.54705 0.63539
vt 0.415402 0.577833
vt 0.427918 0.539616
vt 0.426073 0.538577
vt 0.428778 0.534814
vt 0.524239 0.598849
vt 0.5332 0.526734
vt 0.524962 0.621615
vt 0.42829 0.510672
vt 0.373084 0.521005
vt 0.371491 0.52785
vt 0.525005 0.582086
vt 0.52833 0.626941
vt 0.529976 0.622275
vt 0.534442 0.619651
vt 0.527443 0.580019
vt 0.533156 0.641499
vt 0.510583 0.592528
vt 0.524386 0.556327
vt 0.528626 0.557801
vt 0.528318 0.596803
vt 0.524301 0.562409
vt 0.534803 0.549517
vt 0.517112 0.606144
vt 0.466396 0.424131
vt 0.472864 0.4218
vt 0.478871 0.435737
vt 0.499437 0.444855
vt 0.507965 0.452271
vt 0.501523 0.454671
vt 0.489435 0.43596
vt 0.496717 0.432983
vt 0.498624 0.480152
vt 0.382658 0.563227
vt 0.501788 0.477312
vt 0.498476 0.467861
vt 0.507766 0.476797
vt 0.502782 0.483766
vt 0.487466 0.450431
vt 0.484223 0.428877
vt 0.510833 0.456302
vt 0.509744 0.463007
vt 0.506333 0.439408
vt 0.489095 0.441513
vt 0.518713 0.4756
vt 0.511847 0.44713
vt 0.513504 0.455474
vt 0.521263 0.462903
vt 0.401852 0.468648
vt 0.29795 0.617538
vt 0.372595 0.741963
vt 0.376712 0.746638
vt 0.370862 0.74772
vt 0.334634 0.692061
vt 0.366659 0.747617
vt 0.363317 0.743685
vt 0.368265 0.74387
vt 0.3305 0.697366
vt 0.34309 0.75146
vt 0.363585 0.724567
vt 0.350866 0.707408
vt 0.348654 0.707331
vt 0.356497 0.706397
vt 0.337825 0.719404
vt 0.328494 0.711387
vt 0.33491 0.708733
vt 0.379539 0.717867
vt 0.324333 0.741576
vt 0.369884 0.71007
vt 0.366939 0.705613
vt 0.354032 0.756833
vt 0.342637 0.735175
vt 0.341327 0.740365
vt 0.335129 0.738635
vt 0.333392 0.701989
vt 0.328627 0.701211
vt 0.374907 0.713442
vt 0.366897 0.708668
vt 0.363536 0.707144
vt 0.322603 0.701225
vt 0.343725 0.708783
vt 0.325683 0.734079
vt 0.370007 0.733893
vt 0.37475 0.733047
vt 0.373303 0.737226
vt 0.376556 0.720026
vt 0.347706 0.732917
vt 0.352943 0.728987
vt 0.383521 0.729037
vt 0.380063 0.729534
vt 0.379323 0.725148
vt 0.370351 0.716822
vt 0.331061 0.759858
vt 0.338257 0.765163
vt 0.362009 0.7117
vt 0.366342 0.712451
vt 0.350887 0.752578
vt 0.386497 0.73449
vt 0.329419 0.704719
vt 0.371439 0.728764
vt 0.358633 0.761046
vt 0.358379 0.756213
vt 0.374649 0.724251
vt 0.379273 0.732702
vt 0.376335 0.729313
vt 0.353238 0.710919
vt 0.358597 0.71356
vt 0.352775 0.715235
vt 0.37209 0.757204
vt 0.37796 0.753271
vt 0.357675 0.718538
vt 0.360311 0.718224
vt 0.346982 0.717111
vt 0.348928 0.710681
vt 0.329374 0.741266
vt 0.362445 0.748804
vt 0.367327 0.75067
vt 0.346798 0.739441
vt 0.34619 0.744853
vt 0.362153 0.720867
vt 0.359618 0.720956
vt 0.383574 0.736349
vt 0.342638 0.729052
vt 0.345955 0.72828
vt 0.419439 0.541419
vt 0.359923 0.727787
vt 0.357579 0.727013
vt 0.360273 0.724031
vt 0.413968 0.518393
vt 0.374274 0.750932
vt 0.381485 0.736873
vt 0.378607 0.737117
vt 0.384517 0.746748
vt 0.320361 0.715436
vt 0.328666 0.722432
vt 0.35616 0.723605
vt 0.351438 0.747584
vt 0.346522 0.74974
vt 0.340207 0.724997
vt 0.344124 0.72366
vt 0.345422 0.754984
vt 0.332683 0.731618
vt 0.352192 0.720095
vt 0.349139 0.725219
vt 0.3366 0.727807
vt 0.34182 0.759406
vt 0.394913 0.479988
vt 0.362417 0.758346
vt 0.380118 0.74781
vt 0.382687 0.74974
vt 0.35959 0.729817
vt 0.380006 0.742822
vt 0.38151 0.746378
vt 0.320154 0.725507
vt 0.351812 0.74258
vt 0.341997 0.769854
vt 0.365301 0.753331
vt 0.366543 0.75703
vt 0.362135 0.753821
vt 0.367974 0.728618
vt 0.369393 0.739101
vt 0.356297 0.750756
vt 0.341268 0.744581
vt 0.342697 0.747897
vt 0.331095 0.674887
vt 0.380581 0.75077
vt 0.354093 0.746354
vt 0.338067 0.733747
vt 0.381803 0.755377
vt 0.382028 0.752756
vt 0.365378 0.739141
vt 0.370881 0.752717
vt 0.359262 0.74484
vt 0.436706 0.537595
vt 0.377931 0.519664
vt 0.34625 0.766493
vt 0.350492 0.737793
vt 0.375779 0.741335
vt 0.407372 0.51743
vt 0.31184 0.720319
vt 0.355425 0.742493
vt 0.337239 0.760229
vt 0.407969 0.506299
vt 0.440965 0.534483
vt 0.295392 0.607645
vt 0.518881 0.65977
vt 0.451121 0.70283
vt 0.454471 0.704564
vt 0.451456 0.706277
vt 0.511095 0.529102
vt 0.299729 0.573064
vt 0.297035 0.578568
vt 0.546837 0.494447
vt 0.441913 0.540458
vt 0.49498 0.636298
vt 0.494707 0.638959
vt 0.534311 0.625414
vt 0.526343 0.661721
vt 0.534918 0.659709
vt 0.53241 0.665026
vt 0.427873 0.523809
vt 0.524308 0.487291
vt 0.51995 0.587947
vt 0.491525 0.637066
vt 0.522174 0.667977
vt 0.515991 0.66454
vt 0.530491 0.614185
vt 0.528465 0.609915
vt 0.534054 0.610455
vt 0.528135 0.667251
vt 0.533639 0.67019
vt 0.526274 0.471205
vt 0.454691 0.702279
vt 0.516863 0.670899
vt 0.530195 0.675415
vt 0.447797 0.699127
vt 0.444034 0.69476
vt 0.51631 0.546537
vt 0.44366 0.678245
vt 0.444517 0.682651
vt 0.460488 0.723601
vt 0.461546 0.716656
vt 0.465365 0.722533
vt 0.530087 0.473473
vt 0.542107 0.47658
vt 0.53124 0.46046
vt 0.456836 0.719712
vt 0.454777 0.714276
vt 0.448697 0.690005
vt 0.542952 0.584491
vt 0.537119 0.585231
vt 0.466462 0.720346
vt 0.469783 0.723536
vt 0.437209 0.716306
vt 0.450974 0.737558
vt 0.446663 0.737684
vt 0.447137 0.733665
vt 0.440506 0.722521
vt 0.442611 0.691321
vt 0.300785 0.583536
vt 0.44259 0.735668
vt 0.442143 0.730471
vt 0.466446 0.727621
vt 0.461253 0.730706
vt 0.529352 0.684746
vt 0.442081 0.740466
vt 0.445648 0.744875
vt 0.444892 0.690902
vt 0.440612 0.712792
vt 0.44966 0.726802
vt 0.446389 0.727836
vt 0.446686 0.721344
vt 0.436722 0.737931
vt 0.448481 0.740748
vt 0.438548 0.73415
vt 0.436585 0.729057
vt 0.450126 0.716057
vt 0.446415 0.709467
vt 0.457401 0.725249
vt 0.44323 0.71633
vt 0.452371 0.731889
vt 0.458094 0.711559
vt 0.45382 0.708985
vt 0.457041 0.707829
vt 0.450538 0.695666
vt 0.457967 0.728716
vt 0.451941 0.724646
vt 0.450711 0.709776
vt 0.517347 0.631744
vt 0.489357 0.618561
vt 0.449637 0.692878
vt 0.393563 0.484613
vt 0.525214 0.688055
vt 0.522497 0.694794
vt 0.335196 0.616086
vt 0.518219 0.700527
vt 0.293554 0.5747
vt 0.539261 0.621656
vt 0.541972 0.61863
vt 0.542543 0.624283
vt 0.53234 0.58715
vt 0.295535 0.604048
vt 0.30738 0.617046
vt 0.530308 0.60655
vt 0.534608 0.5996
vt 0.535105 0.601099
vt 0.41726 0.476684
vt 0.541832 0.58725
vt 0.538484 0.589654
vt 0.451975 0.555124
vt 0.44694 0.560078
vt 0.444235 0.55555
vt 0.449498 0.517274
vt 0.457944 0.514567
vt 0.456398 0.523116
vt 0.436468 0.592357
vt 0.43158 0.596405
vt 0.428486 0.590384
vt 0.449639 0.587275
vt 0.454042 0.498934
vt 0.454891 0.493231
vt 0.421467 0.591474
vt 0.422897 0.597165
vt 0.391964 0.454012
vt 0.388386 0.449224
vt 0.464593 0.537796
vt 0.459101 0.536709
vt 0.462348 0.532546
vt 0.451822 0.508138
vt 0.443224 0.50995
vt 0.46278 0.522278
vt 0.44382 0.59062
vt 0.442655 0.597926
vt 0.445764 0.501512
vt 0.423212 0.50439
vt 0.441403 0.568804
vt 0.446059 0.565136
vt 0.448093 0.568729
vt 0.45402 0.571069
vt 0.435652 0.60309
vt 0.433113 0.6001
vt 0.436385 0.598408
vt 0.446112 0.516251
vt 0.455972 0.501567
vt 0.452435 0.503035
vt 0.424981 0.570622
vt 0.432669 0.567931
vt 0.430007 0.573625
vt 0.428534 0.500041
vt 0.433944 0.504238
vt 0.428727 0.505378
vt 0.445683 0.534648
vt 0.429045 0.600834
vt 0.451424 0.533073
vt 0.457097 0.529322
vt 0.41238 0.447677
vt 0.409489 0.452647
vt 0.407405 0.447092
vt 0.457321 0.552346
vt 0.459117 0.555572
vt 0.448541 0.49661
vt 0.424418 0.500829
vt 0.460921 0.527085
vt 0.4651 0.528582
vt 0.381201 0.428197
vt 0.456734 0.547117
vt 0.373235 0.428786
vt 0.458711 0.541887
vt 0.453901 0.539505
vt 0.390497 0.431523
vt 0.386978 0.428323
vt 0.44163 0.544975
vt 0.440621 0.562079
vt 0.432091 0.561628
vt 0.455848 0.561094
vt 0.456738 0.564837
vt 0.451432 0.563222
vt 0.454076 0.486872
vt 0.405648 0.439624
vt 0.401291 0.444079
vt 0.399158 0.43799
vt 0.426973 0.595996
vt 0.437573 0.500385
vt 0.397296 0.449818
vt 0.401624 0.458962
vt 0.438555 0.489332
vt 0.427328 0.488419
vt 0.433417 0.482917
vt 0.403575 0.45085
vt 0.411215 0.441618
vt 0.448371 0.538808
vt 0.451302 0.543296
vt 0.450451 0.548984
vt 0.430158 0.478016
vt 0.442155 0.604554
vt 0.462797 0.543092
vt 0.45167 0.576597
vt 0.447149 0.573668
vt 0.428383 0.495744
vt 0.432336 0.494587
vt 0.431752 0.498662
vt 0.460599 0.56371
vt 0.461604 0.558968
vt 0.458351 0.585954
vt 0.447692 0.488247
vt 0.44569 0.545245
vt 0.442033 0.484504
vt 0.402235 0.435112
vt 0.433947 0.579306
vt 0.442239 0.583388
vt 0.434025 0.585566
vt 0.421591 0.573103
vt 0.420139 0.575432
vt 0.431334 0.607058
vt 0.381892 0.450613
vt 0.417 0.453468
vt 0.422459 0.45939
vt 0.437808 0.608813
vt 0.428476 0.583764
vt 0.441048 0.575864
vt 0.435979 0.573262
vt 0.411667 0.458954
vt 0.375754 0.448807
vt 0.371495 0.446925
vt 0.377191 0.443396
vt 0.384871 0.435063
vt 0.376918 0.4324
vt 0.393292 0.435871
vt 0.399119 0.430318
vt 0.372096 0.43573
vt 0.367634 0.441615
vt 0.377462 0.438056
vt 0.384174 0.440819
vt 0.439037 0.6008
vt 0.445856 0.550971
vt 0.416358 0.462095
vt 0.406123 0.432374
vt 0.389777 0.436838
vt 0.387651 0.439163
vt 0.424551 0.49557
vt 0.423469 0.465391
vt 0.383254 0.446211
vt 0.42357 0.480237
vt 0.411795 0.46576
vt 0.40718 0.464747
vt 0.428139 0.578421
vt 0.453434 0.585969
vt 0.424736 0.472813
vt 0.424271 0.575059
vt 0.417387 0.468733
vt 0.391365 0.442169
vt 0.530213 0.572965
vt 0.452537 0.585348
vt 0.452421 0.582305
vt 0.373517 0.440935
vt 0.457319 0.577389
vt 0.446614 0.578187
vt 0.525874 0.595813
vt 0.409615 0.436136
vt 0.421812 0.580539
vt 0.424169 0.58669
vt 0.42522 0.593268
vt 0.331343 0.40176
vt 0.336068 0.401657
vt 0.335144 0.407624
vt 0.322601 0.411563
vt 0.346253 0.39683
vt 0.336834 0.395536
vt 0.342244 0.392083
vt 0.355622 0.372458
vt 0.355069 0.380478
vt 0.34928 0.378446
vt 0.327423 0.389614
vt 0.324207 0.39265
vt 0.324537 0.387111
vt 0.325701 0.39851
vt 0.327286 0.406647
vt 0.32207 0.40482
vt 0.362293 0.379406
vt 0.318189 0.399485
vt 0.32725 0.412512
vt 0.333242 0.412712
vt 0.32161 0.382798
vt 0.325707 0.37602
vt 0.327601 0.382597
vt 0.347153 0.373613
vt 0.360164 0.35632
vt 0.356264 0.363144
vt 0.331615 0.406711
vt 0.343127 0.407977
vt 0.34158 0.413498
vt 0.355918 0.387174
vt 0.345441 0.415184
vt 0.334856 0.388782
vt 0.339973 0.384823
vt 0.330627 0.394313
vt 0.334217 0.381578
vt 0.35183 0.397246
vt 0.350926 0.391957
vt 0.348751 0.38482
vt 0.346661 0.379049
vt 0.330055 0.387006
vt 0.356006 0.39394
vt 0.346572 0.402162
vt 0.334613 0.374139
vt 0.334161 0.367625
vt 0.339373 0.37123
vt 0.339586 0.378583
vt 0.538088 0.624058
vt 0.342016 0.362185
vt 0.347807 0.364867
vt 0.349373 0.35388
vt 0.35528 0.354272
vt 0.529076 0.568799
vt 0.531464 0.562516
vt 0.5507 0.548095
vt 0.540799 0.553918
vt 0.548593 0.540369
vt 0.533702 0.55631
vt 0.537814 0.561308
vt 0.540635 0.612157
vt 0.543235 0.608233
vt 0.546267 0.612346
vt 0.535477 0.567734
vt 0.536242 0.614835
vt 0.543344 0.614992
vt 0.548221 0.55696
vt 0.543492 0.562318
vt 0.547144 0.603189
vt 0.5499 0.530592
vt 0.487271 0.61333
vt 0.541949 0.568081
vt 0.540891 0.573512
vt 0.546937 0.57327
vt 0.544442 0.576893
vt 0.532359 0.680168
vt 0.31515 0.641599
vt 0.31065 0.650376
vt 0.305233 0.643015
vt 0.319924 0.633305
vt 0.31178 0.63175
vt 0.307749 0.636938
vt 0.324464 0.676345
vt 0.323151 0.665069
vt 0.328456 0.62309
vt 0.32373 0.618356
vt 0.303947 0.622265
vt 0.311961 0.622083
vt 0.303468 0.629088
vt 0.339123 0.630739
vt 0.329648 0.678082
vt 0.297074 0.625001
vt 0.325654 0.639126
vt 0.313311 0.654965
vt 0.315107 0.660444
vt 0.307818 0.657122
vt 0.306193 0.666291
vt 0.306016 0.677781
vt 0.300868 0.671623
vt 0.311773 0.698181
vt 0.314326 0.708644
vt 0.307396 0.708728
vt 0.317271 0.652176
vt 0.320456 0.625891
vt 0.326638 0.630072
vt 0.332658 0.632711
vt 0.305616 0.63355
vt 0.302697 0.635911
vt 0.317361 0.685907
vt 0.307666 0.688726
vt 0.334724 0.625012
vt 0.300299 0.659844
vt 0.302527 0.719357
vt 0.303557 0.697459
vt 0.315002 0.671855
vt 0.302969 0.651623
vt 0.383219 0.76605
vt 0.385682 0.764118
usemtl Texture
f 1/1/1 2/2/2 3/3/3
f 1/4/1 3/5/3 4/6/4
f 1/7/1 4/8/4 5/9/5
f 5/10/5 4/11/4 3/12/3
f 5/13/5 3/14/3 6/15/6
f 6/16/6 2/17/2 7/18/7
f 3/19/3 2/17/2 6/16/6
f 8/20/8 9/21/9 10/22/10
f 11/23/11 8/20/8 10/22/10
f 12/24/12 11/23/11 10/22/10
f 13/25/13 14/26/14 15/27/15
f 16/28/16 15/27/15 14/26/14
f 16/28/16 14/26/14 17/29/17
f 18/30/18 19/31/19 20/32/20
f 21/33/21 18/30/18 22/34/22
f 23/35/23 24/36/24 25/37/25
f 26/38/26 23/35/23 27/39/27
f 25/37/25 24/36/24 28/40/28
f 23/35/23 25/37/25 27/39/27
f 21/33/21 22/34/22 28/40/28
f 18/30/18 20/32/20 22/34/22
f 28/40/28 24/36/24 21/33/21
f 13/41/13 29/42/29 14/43/14
f 30/44/30 31/45/31 32/46/32
f 29/42/29 33/47/33 30/44/30
f 30/44/30 34/48/34 35/49/35
f 14/43/14 29/42/29 30/44/30
f 13/41/13 33/47/33 29/42/29
f 17/50/17 14/43/14 35/49/35
f 35/49/35 14/43/14 30/44/30
f 30/44/30 33/47/33 31/45/31
f 36/51/36 37/52/37 38/53/38
f 39/54/39 40/55/40 41/56/41
f 31/57/31 37/52/37 36/51/36
f 37/52/37 31/57/31 42/58/42
f 39/54/39 42/58/42 40/55/40
f 32/59/32 31/57/31 36/51/36
f 37/52/37 2/60/2 38/53/38
f 43/61/43 37/52/37 42/58/42
f 44/62/44 42/58/42 39/54/39
f 42/58/42 44/62/44 43/61/43
f 38/53/38 32/59/32 36/51/36
f 7/63/7 2/60/2 37/52/37
f 37/52/37 43/61/43 7/63/7
f 45/64/45 46/65/46 47/66/47
f 2/67/2 48/68/48 38/69/38
f 41/70/41 49/71/49 50/72/50
f 6/73/6 7/74/7 43/75/43
f 44/76/44 39/77/39 51/78/51
f 43/75/43 44/76/44 48/68/48
f 50/72/50 51/78/51 41/70/41
f 41/70/41 51/78/51 39/77/39
f 48/68/48 6/73/6 43/75/43
f 50/72/50 48/68/48 51/78/51
f 32/79/32 38/69/38 48/68/48
f 48/68/48 30/80/30 32/79/32
f 5/81/5 6/73/6 48/68/48
f 5/81/5 48/68/48 1/82/1
f 34/83/34 30/80/30 48/68/48
f 51/78/51 48/68/48 44/76/44
f 1/82/1 48/68/48 2/67/2
f 49/71/49 52/84/52 50/72/50
f 53/85/53 54/86/54 52/87/52
f 55/88/55 48/89/48 56/90/56
f 57/91/57 58/92/58 59/93/59
f 60/94/60 58/92/58 61/95/61
f 62/96/62 61/95/61 63/97/63
f 48/89/48 55/88/55 34/98/34
f 60/94/60 59/93/59 58/92/58
f 58/92/58 63/97/63 61/95/61
f 58/92/58 17/99/17 63/97/63
f 50/100/50 52/87/52 54/86/54
f 54/86/54 64/101/64 50/100/50
f 64/101/64 56/90/56 48/89/48
f 63/97/63 34/98/34 55/88/55
f 64/101/64 48/89/48 50/100/50
f 65/102/65 57/91/57 59/93/59
f 34/98/34 63/97/63 35/103/35
f 63/97/63 17/99/17 35/103/35
f 63/97/63 55/88/55 62/96/62
f 45/104/45 66/105/66 46/106/46
f 67/107/67 68/108/68 69/109/69
f 66/105/66 69/109/69 68/108/68
f 68/108/68 46/106/46 66/105/66
f 70/110/70 71/111/71 72/112/72
f 69/109/69 72/112/72 73/113/73
f 73/113/73 67/107/67 69/109/69
f 74/114/74 71/111/71 70/110/70
f 72/112/72 71/111/71 73/113/73
f 75/115/75 76/116/76 57/117/57
f 42/118/42 31/119/31 77/120/77
f 13/121/13 15/122/15 78/123/78
f 76/116/76 16/124/16 57/117/57
f 27/125/27 65/126/65 26/127/26
f 79/128/79 80/129/80 76/116/76
f 13/121/13 81/130/81 82/131/82
f 16/124/16 17/132/17 58/133/58
f 82/131/82 33/134/33 13/121/13
f 81/130/81 13/121/13 78/123/78
f 31/119/31 33/134/33 83/135/83
f 81/130/81 84/136/84 85/137/85
f 86/138/86 81/130/81 80/129/80
f 27/125/27 75/115/75 65/126/65
f 87/139/87 83/135/83 88/140/88
f 80/129/80 79/128/79 86/138/86
f 78/123/78 80/129/80 81/130/81
f 80/129/80 78/123/78 15/122/15
f 57/117/57 16/124/16 58/133/58
f 82/131/82 88/140/88 83/135/83
f 65/126/65 75/115/75 57/117/57
f 85/137/85 87/139/87 81/130/81
f 31/119/31 83/135/83 77/120/77
f 83/135/83 33/134/33 82/131/82
f 15/122/15 16/124/16 80/129/80
f 16/124/16 76/116/76 80/129/80
f 81/130/81 88/140/88 82/131/82
f 88/140/88 81/130/81 87/139/87
f 84/136/84 81/130/81 86/138/86
f 49/141/49 41/142/41 89/143/89
f 90/144/90 53/145/53 49/141/49
f 91/146/91 77/147/77 83/148/83
f 92/149/92 77/147/77 91/146/91
f 77/147/77 92/149/92 42/150/42
f 85/151/85 93/152/93 87/153/87
f 87/153/87 93/152/93 91/146/91
f 53/145/53 90/144/90 94/154/94
f 83/148/83 87/153/87 91/146/91
f 89/143/89 41/142/41 40/155/40
f 92/149/92 40/155/40 42/150/42
f 53/145/53 52/156/52 49/141/49
f 49/141/49 89/143/89 90/144/90
f 94/157/94 95/158/95 96/159/96
f 97/160/97 98/161/98 99/162/99
f 98/161/98 100/163/100 101/164/101
f 102/165/102 96/159/96 95/158/95
f 103/166/103 104/167/104 97/160/97
f 98/161/98 101/164/101 99/162/99
f 100/163/100 105/168/105 101/164/101
f 97/160/97 106/169/106 103/166/103
f 107/170/107 108/171/108 109/172/109
f 110/173/110 111/174/111 112/175/112
f 113/176/113 114/177/114 100/163/100
f 115/178/115 101/164/101 105/168/105
f 116/179/116 117/180/117 118/181/118
f 119/182/119 120/183/120 121/184/121
f 120/183/120 122/185/122 121/184/121
f 120/183/120 119/182/119 100/163/100
f 100/163/100 123/186/123 120/183/120
f 123/186/123 122/185/122 120/183/120
f 100/163/100 119/182/119 105/168/105
f 124/187/124 102/165/102 95/158/95
f 123/186/123 100/163/100 114/177/114
f 104/167/104 103/166/103 125/188/125
f 112/175/112 111/174/111 121/184/121
f 121/184/121 122/185/122 118/181/118
f 125/188/125 126/189/126 127/190/127
f 105/168/105 108/171/108 115/178/115
f 118/181/118 122/185/122 116/179/116
f 101/164/101 128/191/128 99/162/99
f 108/171/108 105/168/105 119/182/119
f 125/188/125 127/190/127 104/167/104
f 128/191/128 115/178/115 107/170/107
f 99/162/99 128/191/128 106/169/106
f 97/160/97 104/167/104 129/192/129
f 124/187/124 118/181/118 117/180/117
f 100/163/100 98/161/98 113/176/113
f 129/192/129 113/176/113 98/161/98
f 99/162/99 106/169/106 97/160/97
f 98/161/98 97/160/97 129/192/129
f 118/181/118 112/175/112 121/184/121
f 130/193/130 129/192/129 104/167/104
f 112/175/112 124/187/124 110/173/110
f 115/178/115 128/191/128 101/164/101
f 115/178/115 108/171/108 107/170/107
f 121/184/121 111/174/111 108/171/108
f 112/175/112 118/181/118 124/187/124
f 108/171/108 119/182/119 121/184/121
f 102/165/102 124/187/124 117/180/117
f 113/176/113 129/192/129 130/193/130
f 131/194/131 132/195/132 133/196/133
f 134/197/134 135/198/135 136/199/136
f 137/200/137 138/201/138 134/197/134
f 139/202/139 140/203/140 141/204/141
f 142/205/142 143/206/143 144/207/144
f 143/206/143 145/208/145 146/209/146
f 147/210/147 148/211/148 149/212/149
f 150/213/150 151/214/151 152/215/152
f 137/200/137 134/197/134 136/199/136
f 153/216/153 154/217/154 140/203/140
f 155/218/155 156/219/156 136/199/136
f 157/220/157 148/211/148 158/221/158
f 133/196/133 135/198/135 134/197/134
f 159/222/159 155/218/155 142/205/142
f 149/212/149 160/223/160 161/224/161
f 162/225/162 150/213/150 152/215/152
f 163/226/163 164/227/164 165/228/165
f 134/197/134 138/201/138 166/229/166
f 149/212/149 164/227/164 163/226/163
f 167/230/167 160/223/160 168/231/168
f 146/209/146 135/198/135 169/232/169
f 170/233/170 171/234/171 172/235/172
f 173/236/173 174/237/174 175/238/175
f 145/208/145 143/206/143 142/205/142
f 148/211/148 168/231/168 160/223/160
f 154/217/154 153/216/153 152/215/152
f 168/231/168 175/238/175 174/237/174
f 157/220/157 176/239/176 177/240/177
f 178/241/178 179/242/179 175/238/175
f 177/240/177 178/241/178 157/220/157
f 145/208/145 135/198/135 146/209/146
f 148/211/148 147/210/147 158/221/158
f 172/235/172 171/234/171 180/243/180
f 173/236/173 144/207/144 181/244/181
f 161/224/161 164/227/164 149/212/149
f 179/242/179 178/241/178 177/240/177
f 147/210/147 163/226/163 182/245/182
f 155/218/155 135/198/135 145/208/145
f 159/222/159 179/242/179 155/218/155
f 141/204/141 154/217/154 170/233/170
f 160/223/160 149/212/149 148/211/148
f 178/241/178 168/231/168 148/211/148
f 180/243/180 177/240/177 176/239/176
f 183/246/183 171/234/171 151/214/151
f 173/236/173 159/222/159 142/205/142
f 183/246/183 177/240/177 180/243/180
f 135/198/135 133/196/133 132/195/132
f 152/215/152 137/200/137 162/225/162
f 148/211/148 157/220/157 178/241/178
f 176/239/176 157/220/157 158/221/158
f 180/243/180 171/234/171 183/246/183
f 155/218/155 145/208/145 142/205/142
f 137/200/137 152/215/152 184/247/184
f 134/197/134 166/229/166 133/196/133
f 162/225/162 137/200/137 136/199/136
f 135/198/135 155/218/155 136/199/136
f 144/207/144 173/236/173 142/205/142
f 177/240/177 156/219/156 179/242/179
f 179/242/179 159/222/159 175/238/175
f 174/237/174 185/248/185 168/231/168
f 169/232/169 135/198/135 132/195/132
f 171/234/171 152/215/152 151/214/151
f 132/195/132 131/194/131 169/232/169
f 133/196/133 166/229/166 131/194/131
f 175/238/175 159/222/159 173/236/173
f 156/219/156 177/240/177 151/214/151
f 156/219/156 151/214/151 150/213/150
f 163/226/163 147/210/147 149/212/149
f 153/216/153 184/247/184 152/215/152
f 174/237/174 173/236/173 181/244/181
f 154/217/154 152/215/152 171/234/171
f 162/225/162 136/199/136 156/219/156
f 172/235/172 180/243/180 186/249/186
f 187/250/187 139/202/139 141/204/141
f 150/213/150 162/225/162 156/219/156
f 160/223/160 167/230/167 161/224/161
f 182/245/182 158/221/158 147/210/147
f 143/206/143 146/209/146 169/232/169
f 185/248/185 167/230/167 168/231/168
f 154/217/154 171/234/171 170/233/170
f 172/235/172 186/249/186 170/233/170
f 151/214/151 177/240/177 183/246/183
f 175/238/175 168/231/168 178/241/178
f 154/217/154 141/204/141 140/203/140
f 156/219/156 155/218/155 179/242/179
f 188/251/188 189/252/189 190/253/190
f 191/254/191 192/255/192 193/256/193
f 193/256/193 192/255/192 194/257/194
f 192/255/192 191/254/191 195/258/195
f 196/259/196 197/260/197 190/253/190
f 198/261/198 199/262/199 200/263/200
f 190/253/190 197/260/197 195/258/195
f 199/262/199 198/261/198 195/258/195
f 195/258/195 197/260/197 199/262/199
f 194/257/194 192/255/192 198/261/198
f 200/263/200 194/257/194 198/261/198
f 192/255/192 195/258/195 198/261/198
f 201/264/201 191/254/191 193/256/193
f 202/265/202 203/266/203 188/251/188
f 190/253/190 202/265/202 188/251/188
f 196/259/196 190/253/190 189/252/189
f 204/267/204 109/268/109 108/269/108
f 204/267/204 111/270/111 110/271/110
f 111/270/111 204/267/204 108/269/108
f 205/272/205 206/273/206 207/274/207
f 208/275/208 209/276/209 210/277/210
f 211/278/211 212/279/212 213/280/213
f 214/281/214 215/282/215 216/283/216
f 217/284/217 218/285/218 219/286/219
f 220/287/220 221/288/221 222/289/222
f 223/290/223 224/291/224 225/292/225
f 226/293/226 227/294/227 225/292/225
f 228/295/228 206/273/206 130/296/130
f 220/287/220 229/297/229 230/298/230
f 127/299/127 231/300/231 104/301/104
f 232/302/232 233/303/233 234/304/234
f 116/305/116 223/290/223 225/292/225
f 235/306/235 236/307/236 237/308/237
f 213/280/213 212/279/212 238/309/238
f 239/310/239 238/309/238 208/275/208
f 240/311/240 241/312/241 242/313/242
f 233/303/233 232/302/232 235/306/235
f 222/289/222 243/314/243 244/315/244
f 230/298/230 229/297/229 245/316/245
f 234/304/234 246/317/246 232/302/232
f 225/292/225 247/318/247 116/305/116
f 237/308/237 236/307/236 218/285/218
f 241/312/241 240/311/240 247/318/247
f 205/272/205 130/296/130 206/273/206
f 248/319/248 215/282/215 249/320/249
f 236/307/236 210/277/210 209/276/209
f 250/321/250 208/275/208 238/309/238
f 251/322/251 241/312/241 225/292/225
f 209/276/209 219/286/219 218/285/218
f 240/311/240 252/323/252 247/318/247
f 221/288/221 230/298/230 216/283/216
f 253/324/253 223/290/223 123/325/123
f 253/324/253 207/274/207 224/291/224
f 231/300/231 228/295/228 104/301/104
f 238/309/238 254/326/254 250/321/250
f 213/280/213 255/327/255 256/328/256
f 227/294/227 226/293/226 257/329/257
f 239/310/239 210/277/210 258/330/258
f 240/311/240 259/331/259 252/323/252
f 243/314/243 222/289/222 221/288/221
f 260/332/260 238/309/238 212/279/212
f 104/301/104 228/295/228 130/296/130
f 216/283/216 242/313/242 221/288/221
f 220/287/220 230/298/230 221/288/221
f 253/324/253 114/333/114 205/272/205
f 217/284/217 261/334/261 237/308/237
f 216/283/216 262/335/262 242/313/242
f 263/336/263 213/280/213 238/309/238
f 223/290/223 116/305/116 122/337/122
f 245/316/245 214/281/214 230/298/230
f 122/337/122 123/325/123 223/290/223
f 247/318/247 225/292/225 241/312/241
f 244/315/244 227/294/227 264/338/264
f 130/296/130 205/272/205 113/339/113
f 241/312/241 251/322/251 221/288/221
f 252/323/252 259/331/259 265/340/265
f 123/325/123 114/333/114 253/324/253
f 243/314/243 251/322/251 244/315/244
f 233/303/233 249/320/249 215/282/215
f 266/341/266 246/317/246 267/342/267
f 268/343/268 265/340/265 259/331/259
f 205/272/205 114/333/114 113/339/113
f 261/334/261 269/344/269 268/343/268
f 270/345/270 263/336/263 239/310/239
f 251/322/251 243/314/243 221/288/221
f 216/283/216 215/282/215 262/335/262
f 245/316/245 271/346/271 234/304/234
f 210/277/210 239/310/239 208/275/208
f 251/322/251 227/294/227 244/315/244
f 233/303/233 214/281/214 245/316/245
f 241/312/241 221/288/221 242/313/242
f 225/292/225 227/294/227 251/322/251
f 217/284/217 269/344/269 261/334/261
f 266/341/266 258/330/258 210/277/210
f 267/342/267 246/317/246 234/304/234
f 219/286/219 209/276/209 250/321/250
f 223/290/223 253/324/253 224/291/224
f 249/320/249 233/303/233 235/306/235
f 229/297/229 220/287/220 222/289/222
f 257/329/257 264/338/264 227/294/227
f 218/285/218 236/307/236 209/276/209
f 239/310/239 263/336/263 238/309/238
f 226/293/226 225/292/225 224/291/224
f 214/281/214 216/283/216 230/298/230
f 254/326/254 219/286/219 250/321/250
f 209/276/209 208/275/208 250/321/250
f 235/306/235 232/302/232 246/317/246
f 229/297/229 271/346/271 245/316/245
f 262/335/262 268/343/268 259/331/259
f 236/307/236 235/306/235 246/317/246
f 234/304/234 233/303/233 245/316/245
f 248/319/248 268/343/268 262/335/262
f 233/303/233 215/282/215 214/281/214
f 256/328/256 211/278/211 213/280/213
f 248/319/248 261/334/261 268/343/268
f 217/284/217 237/308/237 218/285/218
f 249/320/249 237/308/237 261/334/261
f 254/326/254 238/309/238 260/332/260
f 263/336/263 255/327/255 213/280/213
f 222/289/222 271/346/271 229/297/229
f 246/317/246 210/277/210 236/307/236
f 259/331/259 240/311/240 242/313/242
f 235/306/235 237/308/237 249/320/249
f 210/277/210 246/317/246 266/341/266
f 270/345/270 239/310/239 258/330/258
f 261/334/261 248/319/248 249/320/249
f 207/274/207 253/324/253 205/272/205
f 224/291/224 257/329/257 226/293/226
f 259/331/259 242/313/242 262/335/262
f 248/319/248 262/335/262 215/282/215
f 272/347/272 273/348/273 274/349/274
f 275/350/275 276/351/276 277/352/277
f 278/353/278 279/354/279 280/355/280
f 281/356/281 277/352/277 282/357/282
f 217/358/217 283/359/283 269/360/269
f 284/361/284 21/362/21 282/357/282
f 280/355/280 254/363/254 285/364/285
f 278/353/278 286/365/286 275/350/275
f 279/354/279 287/366/287 288/367/288
f 277/352/277 278/353/278 275/350/275
f 289/368/289 286/365/286 290/369/290
f 291/370/291 281/356/281 282/357/282
f 62/371/62 292/372/292 293/373/293
f 288/367/288 294/374/294 295/375/295
f 60/376/60 61/377/61 296/378/296
f 54/379/54 53/380/53 297/381/297
f 298/382/298 299/383/299 300/384/300
f 285/364/285 254/363/254 260/385/260
f 286/365/286 273/348/273 275/350/275
f 295/375/295 254/363/254 280/355/280
f 296/378/296 301/386/301 60/376/60
f 211/387/211 302/388/302 290/369/290
f 265/389/265 268/390/268 303/391/303
f 282/357/282 21/362/21 24/392/24
f 304/393/304 299/383/299 305/394/305
f 306/395/306 305/394/305 307/396/307
f 304/393/304 308/397/308 300/384/300
f 309/398/309 19/399/19 18/400/18
f 291/370/291 24/392/24 23/401/23
f 310/402/310 309/398/309 311/403/311
f 312/404/312 308/397/308 283/359/283
f 309/398/309 310/402/310 19/399/19
f 294/374/294 219/405/219 254/363/254
f 305/394/305 306/395/306 304/393/304
f 102/406/102 313/407/313 314/408/314
f 280/355/280 285/364/285 278/353/278
f 307/396/307 315/409/315 265/389/265
f 316/410/316 313/407/313 317/411/317
f 318/412/318 319/413/319 320/414/320
f 321/415/321 314/408/314 322/416/322
f 117/417/117 247/418/247 313/407/313
f 283/359/283 301/386/301 312/404/312
f 305/394/305 315/409/315 307/396/307
f 288/367/288 280/355/280 279/354/279
f 254/363/254 295/375/295 294/374/294
f 323/419/323 309/398/309 276/351/276
f 281/356/281 278/353/278 277/352/277
f 308/397/308 304/393/304 283/359/283
f 24/392/24 291/370/291 282/357/282
f 294/374/294 283/359/283 217/358/217
f 297/381/297 320/414/320 54/379/54
f 285/364/285 212/420/212 290/369/290
f 117/417/117 116/421/116 247/418/247
f 268/390/268 269/360/269 303/391/303
f 319/413/319 64/422/64 320/414/320
f 273/348/273 324/423/324 274/349/274
f 325/424/325 326/425/326 301/386/301
f 260/385/260 212/420/212 285/364/285
f 290/369/290 286/365/286 285/364/285
f 294/374/294 288/367/288 287/366/287
f 326/425/326 26/426/26 65/427/65
f 281/356/281 279/354/279 278/353/278
f 287/366/287 279/354/279 291/370/291
f 296/378/296 293/373/293 312/404/312
f 273/348/273 286/365/286 289/368/289
f 311/403/311 323/419/323 327/428/327
f 26/426/26 325/424/325 287/366/287
f 59/429/59 326/425/326 65/427/65
f 290/369/290 212/420/212 211/387/211
f 321/415/321 297/381/297 96/430/96
f 315/409/315 317/411/317 252/431/252
f 328/432/328 283/359/283 287/366/287
f 322/416/322 320/414/320 321/415/321
f 64/422/64 54/379/54 320/414/320
f 291/370/291 26/426/26 287/366/287
f 319/413/319 299/383/299 298/382/298
f 247/418/247 317/411/317 313/407/313
f 329/433/329 273/348/273 327/428/327
f 301/386/301 328/432/328 325/424/325
f 322/416/322 314/408/314 316/410/316
f 297/381/297 321/415/321 320/414/320
f 94/434/94 96/430/96 53/380/53
f 314/408/314 96/430/96 102/406/102
f 287/366/287 283/359/283 294/374/294
f 276/351/276 275/350/275 329/433/329
f 273/348/273 329/433/329 275/350/275
f 18/400/18 284/361/284 276/351/276
f 293/373/293 296/378/296 61/377/61
f 289/368/289 290/369/290 302/388/302
f 320/414/320 322/416/322 318/412/318
f 285/364/285 286/365/286 278/353/278
f 319/413/319 56/435/56 64/422/64
f 318/412/318 316/410/316 305/394/305
f 318/412/318 322/416/322 316/410/316
f 323/419/323 311/403/311 309/398/309
f 295/375/295 280/355/280 288/367/288
f 269/360/269 306/395/306 303/391/303
f 293/373/293 61/377/61 62/371/62
f 283/359/283 328/432/328 301/386/301
f 282/357/282 277/352/277 284/361/284
f 265/389/265 306/395/306 307/396/307
f 299/383/299 319/413/319 318/412/318
f 324/423/324 302/388/302 330/436/330
f 319/413/319 292/372/292 56/435/56
f 273/348/273 272/347/272 327/428/327
f 324/423/324 289/368/289 302/388/302
f 325/424/325 26/426/26 326/425/326
f 327/428/327 323/419/323 329/433/329
f 305/394/305 299/383/299 318/412/318
f 269/360/269 304/393/304 306/395/306
f 308/397/308 298/382/298 300/384/300
f 317/411/317 315/409/315 305/394/305
f 281/356/281 291/370/291 279/354/279
f 323/419/323 276/351/276 329/433/329
f 328/432/328 287/366/287 325/424/325
f 62/371/62 55/437/55 292/372/292
f 303/391/303 306/395/306 265/389/265
f 313/407/313 316/410/316 314/408/314
f 292/372/292 319/413/319 298/382/298
f 274/349/274 324/423/324 330/436/330
f 96/430/96 314/408/314 321/415/321
f 276/351/276 309/398/309 18/400/18
f 296/378/296 312/404/312 301/386/301
f 284/361/284 277/352/277 276/351/276
f 21/362/21 284/361/284 18/400/18
f 252/431/252 265/389/265 315/409/315
f 269/360/269 283/359/283 304/393/304
f 292/372/292 55/437/55 56/435/56
f 304/393/304 300/384/300 299/383/299
f 312/404/312 293/373/293 298/382/298
f 294/374/294 217/358/217 219/405/219
f 301/386/301 326/425/326 59/429/59
f 60/376/60 301/386/301 59/429/59
f 26/426/26 291/370/291 23/401/23
f 316/410/316 317/411/317 305/394/305
f 289/368/289 324/423/324 273/348/273
f 293/373/293 292/372/292 298/382/298
f 317/411/317 247/418/247 252/431/252
f 298/382/298 308/397/308 312/404/312
f 313/407/313 102/406/102 117/417/117
f 53/380/53 96/430/96 297/381/297
f 331/438/331 332/439/332 333/440/333
f 334/441/334 335/442/335 336/443/336
f 337/444/337 338/445/338 339/446/339
f 340/447/340 341/448/341 342/449/342
f 343/450/343 344/451/344 345/452/345
f 346/453/346 332/439/332 347/454/347
f 348/455/348 349/456/349 350/457/350
f 351/458/351 352/459/352 353/460/353
f 348/455/348 354/461/354 331/438/331
f 355/462/355 345/452/345 344/451/344
f 356/463/356 346/453/346 347/454/347
f 357/464/357 358/465/358 345/452/345
f 359/466/359 336/443/336 360/467/360
f 361/468/361 331/438/331 333/440/333
f 362/469/362 363/470/363 364/471/364
f 365/472/365 332/439/332 331/438/331
f 362/469/362 366/473/366 367/474/367
f 360/467/360 336/443/336 335/442/335
f 368/475/368 361/468/361 340/447/340
f 369/476/369 370/477/370 371/478/371
f 352/459/352 351/458/351 338/445/338
f 372/479/372 373/480/373 374/481/374
f 375/482/375 376/483/376 377/484/377
f 374/481/374 378/485/378 379/486/379
f 351/458/351 353/460/353 380/487/380
f 381/488/381 382/489/382 380/487/380
f 383/490/383 346/453/346 356/463/356
f 371/478/371 384/491/384 385/492/385
f 364/471/364 374/481/374 379/486/379
f 386/493/386 356/463/356 387/494/387
f 374/481/374 364/471/364 363/470/363
f 388/495/388 340/447/340 333/440/333
f 389/496/389 367/474/367 390/497/390
f 336/443/336 359/466/359 391/498/391
f 385/492/385 169/499/169 131/500/131
f 373/480/373 372/479/372 392/501/392
f 393/502/393 373/480/373 394/503/394
f 395/504/395 356/463/356 386/493/386
f 396/505/396 395/504/395 397/506/397
f 381/488/381 398/507/398 143/508/143
f 386/493/386 399/509/399 395/504/395
f 384/491/384 382/489/382 381/488/381
f 354/461/354 348/455/348 350/457/350
f 374/481/374 363/470/363 372/479/372
f 377/484/377 400/510/400 375/482/375
f 350/457/350 367/474/367 354/461/354
f 378/485/378 374/481/374 373/480/373
f 401/511/401 402/512/402 383/490/383
f 402/512/402 333/440/333 332/439/332
f 403/513/403 404/514/404 405/515/405
f 376/483/376 375/482/375 406/516/406
f 338/445/338 344/451/344 352/459/352
f 333/440/333 402/512/402 388/495/388
f 399/509/399 387/494/387 407/517/407
f 366/473/366 362/469/362 364/471/364
f 384/491/384 371/478/371 382/489/382
f 353/460/353 343/450/343 398/507/398
f 408/518/408 401/511/401 409/519/409
f 185/520/185 174/521/174 410/522/410
f 396/505/396 336/443/336 391/498/391
f 411/523/411 404/514/404 334/441/334
f 412/524/412 343/450/343 413/525/413
f 344/451/344 353/460/353 352/459/352
f 400/510/400 377/484/377 366/473/366
f 345/452/345 355/462/355 357/464/357
f 414/526/414 415/527/415 335/442/335
f 373/480/373 393/502/393 378/485/378
f 341/448/341 340/447/340 388/495/388
f 143/508/143 416/528/416 144/529/144
f 410/522/410 417/530/417 185/520/185
f 367/474/367 389/496/389 362/469/362
f 403/513/403 382/489/382 370/477/370
f 335/442/335 334/441/334 418/531/418
f 408/518/408 388/495/388 401/511/401
f 355/462/355 395/504/395 357/464/357
f 409/519/409 391/498/391 408/518/408
f 416/528/416 412/524/412 419/532/419
f 394/503/394 67/533/67 393/502/393
f 361/468/361 368/475/368 348/455/348
f 418/531/418 414/526/414 335/442/335
f 402/512/402 332/439/332 346/453/346
f 167/534/167 185/520/185 417/530/417
f 336/443/336 339/446/339 334/441/334
f 417/530/417 358/465/358 420/535/420
f 383/490/383 409/519/409 401/511/401
f 376/483/376 332/439/332 365/472/365
f 357/464/357 421/536/421 358/465/358
f 341/448/341 359/466/359 360/467/360
f 387/494/387 332/439/332 376/483/376
f 174/521/174 181/537/181 410/522/410
f 68/538/68 67/533/67 394/503/394
f 422/539/422 394/503/394 392/501/392
f 423/540/423 351/458/351 380/487/380
f 408/518/408 359/466/359 388/495/388
f 337/444/337 336/443/336 397/506/397
f 360/467/360 342/449/342 341/448/341
f 404/514/404 403/513/403 418/531/418
f 377/484/377 331/438/331 354/461/354
f 358/465/358 417/530/417 413/525/413
f 420/535/420 358/465/358 421/536/421
f 411/523/411 334/441/334 339/446/339
f 397/506/397 355/462/355 337/444/337
f 373/480/373 392/501/392 394/503/394
f 380/487/380 353/460/353 381/488/381
f 164/541/164 357/464/357 165/542/165
f 355/462/355 397/506/397 395/504/395
f 386/493/386 387/494/387 399/509/399
f 394/503/394 422/539/422 68/538/68
f 144/529/144 419/532/419 181/537/181
f 418/531/418 334/441/334 404/514/404
f 339/446/339 336/443/336 337/444/337
f 391/498/391 409/519/409 396/505/396
f 359/466/359 341/448/341 388/495/388
f 413/525/413 417/530/417 412/524/412
f 419/532/419 144/529/144 416/528/416
f 343/450/343 412/524/412 416/528/416
f 356/463/356 395/504/395 424/543/424
f 368/475/368 349/456/349 348/455/348
f 358/465/358 343/450/343 345/452/345
f 348/455/348 331/438/331 361/468/361
f 364/471/364 400/510/400 366/473/366
f 421/536/421 164/541/164 161/544/161
f 379/486/379 400/510/400 364/471/364
f 380/487/380 405/515/405 404/514/404
f 347/454/347 387/494/387 356/463/356
f 338/445/338 337/444/337 355/462/355
f 402/512/402 401/511/401 388/495/388
f 422/539/422 46/545/46 68/538/68
f 380/487/380 404/514/404 423/540/423
f 365/472/365 331/438/331 377/484/377
f 382/489/382 403/513/403 405/515/405
f 411/523/411 339/446/339 338/445/338
f 390/497/390 367/474/367 350/457/350
f 332/439/332 387/494/387 347/454/347
f 377/484/377 376/483/376 365/472/365
f 355/462/355 344/451/344 338/445/338
f 407/517/407 165/542/165 399/509/399
f 395/504/395 396/505/396 424/543/424
f 409/519/409 383/490/383 424/543/424
f 412/524/412 181/537/181 419/532/419
f 417/530/417 420/535/420 167/534/167
f 354/461/354 366/473/366 377/484/377
f 416/528/416 143/508/143 398/507/398
f 399/509/399 165/542/165 357/464/357
f 382/489/382 371/478/371 370/477/370
f 424/543/424 396/505/396 409/519/409
f 357/464/357 395/504/395 399/509/399
f 412/524/412 417/530/417 410/522/410
f 420/535/420 161/544/161 167/534/167
f 346/453/346 383/490/383 402/512/402
f 343/450/343 353/460/353 344/451/344
f 343/450/343 416/528/416 398/507/398
f 381/488/381 353/460/353 398/507/398
f 161/544/161 420/535/420 421/536/421
f 351/458/351 423/540/423 411/523/411
f 357/464/357 164/541/164 421/536/421
f 336/443/336 396/505/396 397/506/397
f 342/449/342 360/467/360 335/442/335
f 391/498/391 359/466/359 408/518/408
f 181/537/181 412/524/412 410/522/410
f 342/449/342 335/442/335 415/527/415
f 411/523/411 338/445/338 351/458/351
f 369/476/369 385/492/385 131/500/131
f 343/450/343 358/465/358 413/525/413
f 143/508/143 384/491/384 381/488/381
f 366/473/366 354/461/354 367/474/367
f 383/490/383 356/463/356 424/543/424
f 333/440/333 340/447/340 361/468/361
f 385/492/385 143/508/143 169/499/169
f 385/492/385 369/476/369 371/478/371
f 404/514/404 411/523/411 423/540/423
f 384/491/384 143/508/143 385/492/385
f 380/487/380 382/489/382 405/515/405
f 425/546/425 426/547/426 427/548/427
f 425/546/425 428/549/428 426/547/426
f 429/550/429 430/551/430 431/552/431
f 432/553/432 433/554/433 434/555/434
f 435/556/435 436/557/436 437/558/437
f 438/559/438 439/560/439 440/561/440
f 441/562/441 442/563/442 443/564/443
f 444/565/444 228/566/228 231/567/231
f 445/568/445 446/569/446 447/570/447
f 46/571/46 422/572/422 47/573/47
f 448/574/448 449/575/449 450/576/450
f 444/565/444 451/577/451 452/578/452
f 453/579/453 441/562/441 434/555/434
f 454/580/454 455/581/455 428/549/428
f 456/582/456 448/574/448 457/583/457
f 448/574/448 456/582/456 458/584/458
f 459/585/459 453/579/453 433/554/433
f 460/586/460 461/587/461 462/588/462
f 450/576/450 463/589/463 455/581/455
f 433/554/433 432/553/432 459/585/459
f 389/590/389 464/591/464 465/592/465
f 432/553/432 466/593/466 463/589/463
f 467/594/467 372/595/372 468/596/468
f 469/597/469 470/598/470 471/599/471
f 468/596/468 472/600/472 467/594/467
f 427/548/427 426/547/426 473/601/473
f 474/602/474 475/603/475 476/604/476
f 472/600/472 477/605/477 478/606/478
f 442/563/442 460/586/460 464/591/464
f 479/607/479 478/606/478 477/605/477
f 480/608/480 481/609/481 444/565/444
f 482/610/482 459/585/459 463/589/463
f 483/611/483 446/569/446 475/603/475
f 484/612/484 485/613/485 486/614/486
f 487/615/487 414/616/414 488/617/488
f 474/602/474 489/618/489 490/619/490
f 491/620/491 492/621/492 493/622/493
f 485/613/485 484/612/484 494/623/494
f 471/599/471 495/624/495 469/597/469
f 415/625/415 414/616/414 496/626/496
f 497/627/497 349/628/349 498/629/498
f 499/630/499 493/622/493 436/557/436
f 475/603/475 474/602/474 490/619/490
f 462/588/462 472/600/472 460/586/460
f 500/631/500 501/632/501 472/600/472
f 350/633/350 497/627/497 390/634/390
f 447/570/447 502/635/502 503/636/503
f 429/550/429 449/575/449 504/637/504
f 505/638/505 206/639/206 452/578/452
f 458/584/458 483/611/483 506/640/506
f 476/604/476 446/569/446 507/641/507
f 508/642/508 480/608/480 509/643/509
f 470/598/470 469/597/469 510/644/510
f 471/599/471 503/636/503 495/624/495
f 47/573/47 511/645/511 512/646/512
f 430/551/430 429/550/429 504/637/504
f 463/589/463 466/593/466 455/581/455
f 457/583/457 450/576/450 495/624/495
f 428/549/428 455/581/455 426/547/426
f 513/647/513 439/560/439 514/648/514
f 450/576/450 455/581/455 454/580/454
f 500/631/500 511/645/511 501/632/501
f 460/586/460 472/600/472 515/649/515
f 461/587/461 516/650/516 431/552/431
f 453/579/453 516/650/516 517/651/517
f 340/652/340 473/601/473 368/653/368
f 460/586/460 442/563/442 517/651/517
f 224/654/224 207/655/207 505/638/505
f 477/605/477 462/588/462 518/656/518
f 503/636/503 445/568/445 447/570/447
f 437/558/437 519/657/519 430/551/430
f 340/652/340 342/658/342 520/659/520
f 515/649/515 472/600/472 468/596/468
f 504/637/504 435/556/435 430/551/430
f 499/630/499 475/603/475 490/619/490
f 446/569/446 476/604/476 475/603/475
f 469/597/469 495/624/495 450/576/450
f 506/640/506 483/611/483 475/603/475
f 489/618/489 474/602/474 485/613/485
f 521/660/521 436/557/436 493/622/493
f 493/622/493 492/621/492 522/661/522
f 499/630/499 436/557/436 506/640/506
f 492/621/492 523/662/523 522/661/522
f 431/552/431 430/551/430 518/656/518
f 524/663/524 525/664/525 526/665/526
f 474/602/474 476/604/476 485/613/485
f 445/568/445 503/636/503 527/666/527
f 368/653/368 498/629/498 349/628/349
f 494/623/494 528/667/528 505/638/505
f 529/668/529 484/612/484 264/669/264
f 450/576/450 454/580/454 469/597/469
f 496/626/496 342/658/342 415/625/415
f 446/569/446 483/611/483 447/570/447
f 530/670/530 444/565/444 231/567/231
f 498/629/498 368/653/368 473/601/473
f 390/634/390 497/627/497 443/564/443
f 500/631/500 478/606/478 438/559/438
f 497/627/497 350/633/350 349/628/349
f 443/564/443 389/590/389 390/634/390
f 430/551/430 435/556/435 437/558/437
f 516/650/516 453/579/453 459/585/459
f 490/619/490 491/620/491 499/630/499
f 485/613/485 494/623/494 489/618/489
f 445/568/445 507/641/507 446/569/446
f 526/665/526 489/618/489 531/671/531
f 426/547/426 434/555/434 473/601/473
f 442/563/442 464/591/464 443/564/443
f 451/577/451 522/661/522 452/578/452
f 372/595/372 467/594/467 392/672/392
f 531/671/531 524/663/524 526/665/526
f 231/567/231 127/673/127 530/670/530
f 493/622/493 499/630/499 491/620/491
f 489/618/489 526/665/526 490/619/490
f 465/592/465 468/596/468 363/674/363
f 498/629/498 434/555/434 441/562/441
f 505/638/505 528/667/528 224/654/224
f 520/659/520 427/548/427 340/652/340
f 257/675/257 224/654/224 528/667/528
f 519/657/519 518/656/518 430/551/430
f 513/647/513 127/673/127 440/561/440
f 532/676/532 392/672/392 467/594/467
f 479/607/479 518/656/518 519/657/519
f 519/657/519 508/642/508 509/643/509
f 496/626/496 487/615/487 425/546/425
f 458/584/458 504/637/504 448/574/448
f 473/601/473 340/652/340 427/548/427
f 478/606/478 439/560/439 438/559/438
f 488/617/488 533/677/533 487/615/487
f 480/608/480 508/642/508 481/609/481
f 483/611/483 456/582/456 457/583/457
f 520/659/520 425/546/425 427/548/427
f 491/620/491 490/619/490 526/665/526
f 502/635/502 495/624/495 503/636/503
f 501/632/501 532/676/532 467/594/467
f 428/549/428 425/546/425 534/678/534
f 518/656/518 479/607/479 477/605/477
f 502/635/502 447/570/447 483/611/483
f 517/651/517 461/587/461 460/586/460
f 469/597/469 454/580/454 533/677/533
f 532/676/532 501/632/501 511/645/511
f 494/623/494 531/671/531 489/618/489
f 475/603/475 499/630/499 506/640/506
f 476/604/476 486/614/486 485/613/485
f 531/671/531 494/623/494 505/638/505
f 518/656/518 462/588/462 461/587/461
f 463/589/463 449/575/449 482/610/482
f 362/679/362 465/592/465 363/674/363
f 457/583/457 502/635/502 483/611/483
f 533/677/533 534/678/534 487/615/487
f 527/666/527 535/680/535 507/641/507
f 521/660/521 508/642/508 519/657/519
f 516/650/516 459/585/459 429/550/429
f 444/565/444 530/670/530 480/608/480
f 533/677/533 488/617/488 510/644/510
f 519/657/519 509/643/509 479/607/479
f 517/651/517 441/562/441 453/579/453
f 440/561/440 439/560/439 513/647/513
f 502/635/502 457/583/457 495/624/495
f 342/658/342 496/626/496 520/659/520
f 504/637/504 458/584/458 435/556/435
f 468/596/468 465/592/465 515/649/515
f 519/657/519 437/558/437 521/660/521
f 449/575/449 448/574/448 504/637/504
f 526/665/526 492/621/492 491/620/491
f 505/638/505 524/663/524 531/671/531
f 436/557/436 435/556/435 506/640/506
f 534/678/534 454/580/454 428/549/428
f 437/558/437 436/557/436 521/660/521
f 482/610/482 429/550/429 459/585/459
f 492/621/492 526/665/526 525/664/525
f 47/573/47 532/676/532 511/645/511
f 465/592/465 362/679/362 389/590/389
f 431/552/431 518/656/518 461/587/461
f 509/643/509 514/648/514 479/607/479
f 507/641/507 445/568/445 527/666/527
f 523/662/523 492/621/492 525/664/525
f 484/612/484 529/668/529 494/623/494
f 452/578/452 206/639/206 228/566/228
f 516/650/516 461/587/461 517/651/517
f 487/615/487 496/626/496 414/616/414
f 483/611/483 458/584/458 456/582/456
f 466/593/466 432/553/432 426/547/426
f 481/609/481 508/642/508 521/660/521
f 434/555/434 426/547/426 432/553/432
f 530/670/530 513/647/513 514/648/514
f 441/562/441 517/651/517 442/563/442
f 467/594/467 472/600/472 501/632/501
f 451/577/451 521/660/521 493/622/493
f 478/606/478 479/607/479 439/560/439
f 452/578/452 524/663/524 505/638/505
f 524/663/524 523/662/523 525/664/525
f 514/648/514 439/560/439 479/607/479
f 429/550/429 431/552/431 516/650/516
f 206/639/206 505/638/505 207/655/207
f 443/564/443 497/627/497 441/562/441
f 462/588/462 477/605/477 472/600/472
f 478/606/478 500/631/500 472/600/472
f 441/562/441 497/627/497 498/629/498
f 264/669/264 257/675/257 529/668/529
f 389/590/389 443/564/443 464/591/464
f 464/591/464 515/649/515 465/592/465
f 452/578/452 523/662/523 524/663/524
f 435/556/435 458/584/458 506/640/506
f 460/586/460 515/649/515 464/591/464
f 126/681/126 440/561/440 127/673/127
f 372/595/372 363/674/363 468/596/468
f 127/673/127 513/647/513 530/670/530
f 422/572/422 392/672/392 532/676/532
f 228/566/228 444/565/444 452/578/452
f 514/648/514 480/608/480 530/670/530
f 522/661/522 451/577/451 493/622/493
f 449/575/449 463/589/463 450/576/450
f 425/546/425 520/659/520 496/626/496
f 532/676/532 47/573/47 422/572/422
f 432/553/432 463/589/463 459/585/459
f 534/678/534 425/546/425 487/615/487
f 521/660/521 451/577/451 481/609/481
f 529/668/529 528/667/528 494/623/494
f 450/576/450 457/583/457 448/574/448
f 426/547/426 455/581/455 466/593/466
f 514/648/514 509/643/509 480/608/480
f 429/550/429 482/610/482 449/575/449
f 452/578/452 522/661/522 523/662/523
f 257/675/257 528/667/528 529/668/529
f 486/614/486 476/604/476 507/641/507
f 481/609/481 451/577/451 444/565/444
f 469/597/469 533/677/533 510/644/510
f 533/677/533 454/580/454 534/678/534
f 473/601/473 434/555/434 498/629/498
f 434/555/434 433/554/433 453/579/453
f 535/680/535 486/614/486 507/641/507
f 536/682/536 537/683/537 538/684/538
f 539/685/539 244/686/244 264/687/264
f 540/688/540 541/689/541 542/690/542
f 543/691/543 544/692/544 545/693/545
f 546/694/546 547/695/547 548/696/548
f 549/697/549 510/698/510 488/699/488
f 550/700/550 153/701/153 544/692/544
f 551/702/551 552/703/552 553/704/553
f 553/704/553 552/703/552 554/705/554
f 555/706/555 553/704/553 554/705/554
f 556/707/556 551/702/551 553/704/553
f 557/708/557 558/709/558 488/699/488
f 559/710/559 560/711/560 561/712/561
f 562/713/562 563/714/563 550/700/550
f 564/715/564 565/716/565 566/717/566
f 370/718/370 369/719/369 567/720/567
f 547/695/547 566/717/566 568/721/568
f 569/722/569 555/706/555 570/723/570
f 571/724/571 569/722/569 572/725/572
f 570/723/570 555/706/555 554/705/554
f 552/703/552 573/726/573 574/727/574
f 568/721/568 566/717/566 565/716/565
f 575/728/575 576/729/576 577/730/577
f 539/685/539 264/687/264 484/731/484
f 578/732/578 579/733/579 535/734/535
f 569/722/569 570/723/570 572/725/572
f 580/735/580 565/716/565 564/715/564
f 581/736/581 571/724/571 572/725/572
f 574/727/574 570/723/570 554/705/554
f 571/724/571 581/736/581 582/737/582
f 574/727/574 573/726/573 583/738/583
f 584/739/584 573/726/573 556/707/556
f 577/730/577 585/740/585 556/707/556
f 576/729/576 586/741/586 577/730/577
f 581/736/581 587/742/587 582/737/582
f 577/730/577 586/741/586 585/740/585
f 578/732/578 588/743/588 589/744/589
f 503/745/503 590/746/590 591/747/591
f 592/748/592 581/736/581 570/723/570
f 222/749/222 244/686/244 539/685/539
f 546/694/546 593/750/593 594/751/594
f 595/752/595 584/739/584 585/740/585
f 586/741/586 596/753/596 585/740/585
f 597/754/597 540/688/540 598/755/598
f 560/711/560 138/756/138 599/757/599
f 570/723/570 600/758/600 592/748/592
f 600/758/600 583/738/583 601/759/601
f 602/760/602 603/761/603 604/762/604
f 595/752/595 585/740/585 596/753/596
f 605/763/605 535/734/535 579/733/579
f 605/763/605 484/731/484 486/764/486
f 271/765/271 222/749/222 539/685/539
f 543/691/543 606/766/606 607/767/607
f 600/758/600 608/768/608 592/748/592
f 609/769/609 600/758/600 601/759/601
f 579/733/579 589/744/589 610/770/610
f 611/771/611 590/746/590 503/745/503
f 612/772/612 595/752/595 596/753/596
f 541/689/541 613/773/613 614/774/614
f 591/747/591 527/775/527 503/745/503
f 615/776/615 616/777/616 617/778/617
f 540/688/540 597/754/597 541/689/541
f 535/734/535 618/779/618 578/732/578
f 619/780/619 620/781/620 621/782/621
f 609/769/609 608/768/608 600/758/600
f 597/754/597 622/783/622 613/773/613
f 565/716/565 549/697/549 568/721/568
f 616/777/616 615/776/615 608/768/608
f 608/768/608 609/769/609 623/784/623
f 624/785/624 625/786/625 626/787/626
f 616/777/616 623/784/623 617/778/617
f 627/788/627 628/789/628 615/776/615
f 580/735/580 629/790/629 630/791/630
f 597/754/597 598/755/598 610/770/610
f 631/792/631 595/752/595 632/793/632
f 633/794/633 634/795/634 635/796/635
f 623/784/623 609/769/609 636/797/636
f 470/798/470 510/698/510 637/799/637
f 638/800/638 568/721/568 549/697/549
f 612/772/612 639/801/639 632/793/632
f 640/802/640 617/778/617 623/784/623
f 131/803/131 166/804/166 641/805/641
f 642/806/642 643/807/643 644/808/644
f 631/792/631 645/809/645 636/797/636
f 557/708/557 638/800/638 558/709/558
f 646/810/646 632/793/632 647/811/647
f 648/812/648 594/751/594 593/750/593
f 636/797/636 640/802/640 623/784/623
f 589/744/589 625/786/625 610/770/610
f 589/744/589 579/733/579 578/732/578
f 617/778/617 640/802/640 649/813/649
f 617/778/617 650/814/650 627/788/627
f 535/734/535 527/775/527 618/779/618
f 637/799/637 565/716/565 470/798/470
f 584/739/584 595/752/595 601/759/601
f 591/747/591 578/732/578 618/779/618
f 646/810/646 651/815/651 645/809/645
f 627/788/627 625/786/625 624/785/624
f 628/789/628 627/788/627 624/785/624
f 613/773/613 650/814/650 652/816/652
f 583/738/583 600/758/600 570/723/570
f 552/703/552 551/702/551 573/726/573
f 653/817/653 594/751/594 536/682/536
f 540/688/540 605/763/605 598/755/598
f 510/698/510 549/697/549 637/799/637
f 608/768/608 615/776/615 628/789/628
f 618/779/618 527/775/527 591/747/591
f 624/785/624 587/742/587 628/789/628
f 562/713/562 544/692/544 654/818/654
f 536/682/536 655/819/655 537/683/537
f 644/808/644 656/820/656 553/704/553
f 657/821/657 658/822/658 659/823/659
f 598/755/598 579/733/579 610/770/610
f 626/787/626 660/824/660 624/785/624
f 660/824/660 587/742/587 624/785/624
f 649/813/649 657/821/657 650/814/650
f 651/815/651 661/825/661 662/826/662
f 663/827/663 626/787/626 588/743/588
f 591/747/591 590/746/590 663/827/663
f 471/828/471 611/771/611 503/745/503
f 626/787/626 629/790/629 660/824/660
f 271/765/271 664/829/664 234/830/234
f 184/831/184 665/832/665 599/757/599
f 658/822/658 651/815/651 659/823/659
f 635/796/635 634/795/634 606/766/606
f 653/817/653 536/682/536 666/833/666
f 666/833/666 621/782/621 667/834/667
f 590/746/590 630/791/630 663/827/663
f 611/771/611 471/828/471 470/798/470
f 271/765/271 542/690/542 614/774/614
f 654/818/654 544/692/544 543/691/543
f 659/823/659 651/815/651 270/835/270
f 668/836/668 566/717/566 546/694/546
f 607/767/607 606/766/606 669/837/669
f 670/838/670 553/704/553 671/839/671
f 563/714/563 672/840/672 673/841/673
f 486/764/486 535/734/535 605/763/605
f 629/790/629 663/827/663 630/791/630
f 590/746/590 611/771/611 630/791/630
f 470/798/470 565/716/565 611/771/611
f 629/790/629 620/781/620 674/842/674
f 675/843/675 370/718/370 676/844/676
f 540/688/540 539/685/539 484/731/484
f 656/820/656 556/707/556 553/704/553
f 604/762/604 677/845/677 602/760/602
f 555/706/555 678/846/678 671/839/671
f 565/716/565 630/791/630 611/771/611
f 629/790/629 580/735/580 620/781/620
f 571/724/571 582/737/582 619/780/619
f 665/832/665 563/714/563 561/712/561
f 606/766/606 679/847/679 635/796/635
f 553/704/553 670/838/670 644/808/644
f 630/791/630 565/716/565 580/735/580
f 614/774/614 652/816/652 664/829/664
f 667/834/667 620/781/620 580/735/580
f 258/848/258 657/821/657 659/823/659
f 657/821/657 266/849/266 652/816/652
f 664/829/664 652/816/652 267/850/267
f 544/692/544 139/851/139 680/852/680
f 545/693/545 544/692/544 680/852/680
f 662/826/662 270/835/270 651/815/651
f 258/848/258 659/823/659 270/835/270
f 642/806/642 670/838/670 671/839/671
f 577/730/577 556/707/556 656/820/656
f 671/839/671 553/704/553 555/706/555
f 621/782/621 571/724/571 619/780/619
f 187/853/187 681/854/681 680/852/680
f 569/722/569 571/724/571 678/846/678
f 593/750/593 567/720/567 641/805/641
f 614/774/614 664/829/664 271/765/271
f 643/807/643 669/837/669 644/808/644
f 644/808/644 575/728/575 577/730/577
f 139/851/139 187/853/187 680/852/680
f 610/770/610 625/786/625 622/783/622
f 139/851/139 544/692/544 140/855/140
f 638/800/638 557/708/557 682/856/682
f 557/708/557 414/857/414 675/843/675
f 557/708/557 676/844/676 682/856/682
f 657/821/657 258/848/258 266/849/266
f 561/712/561 560/711/560 599/757/599
f 570/723/570 574/727/574 583/738/583
f 602/760/602 677/845/677 643/807/643
f 668/836/668 653/817/653 564/715/564
f 677/845/677 669/837/669 643/807/643
f 633/794/633 575/728/575 634/795/634
f 638/800/638 682/856/682 683/858/683
f 607/767/607 672/840/672 543/691/543
f 643/807/643 642/806/642 602/760/602
f 543/691/543 672/840/672 654/818/654
f 545/693/545 679/847/679 606/766/606
f 660/824/660 674/842/674 587/742/587
f 644/808/644 634/795/634 575/728/575
f 662/826/662 263/859/263 270/835/270
f 634/795/634 669/837/669 606/766/606
f 545/693/545 680/852/680 681/854/681
f 562/713/562 550/700/550 544/692/544
f 627/788/627 615/776/615 617/778/617
f 591/747/591 663/827/663 588/743/588
f 403/860/403 675/843/675 418/861/418
f 140/855/140 544/692/544 153/701/153
f 370/718/370 567/720/567 593/750/593
f 676/844/676 683/858/683 682/856/682
f 668/836/668 594/751/594 653/817/653
f 642/806/642 538/684/538 537/683/537
f 684/862/684 672/840/672 607/767/607
f 673/841/673 561/712/561 563/714/563
f 669/837/669 684/862/684 607/767/607
f 678/846/678 666/833/666 538/684/538
f 541/689/541 614/774/614 542/690/542
f 560/711/560 641/805/641 166/804/166
f 547/695/547 546/694/546 566/717/566
f 608/768/608 623/784/623 616/777/616
f 547/695/547 683/858/683 548/696/548
f 137/863/137 184/831/184 599/757/599
f 634/795/634 644/808/644 669/837/669
f 537/683/537 603/761/603 602/760/602
f 589/744/589 588/743/588 626/787/626
f 644/808/644 577/730/577 656/820/656
f 548/696/548 593/750/593 546/694/546
f 613/773/613 541/689/541 597/754/597
f 414/857/414 418/861/418 675/843/675
f 370/718/370 548/696/548 683/858/683
f 537/683/537 655/819/655 603/761/603
f 619/780/619 582/737/582 674/842/674
f 599/757/599 665/832/665 561/712/561
f 658/822/658 640/802/640 651/815/651
f 672/840/672 604/762/604 673/841/673
f 655/819/655 559/710/559 603/761/603
f 594/751/594 648/812/648 536/682/536
f 547/695/547 568/721/568 638/800/638
f 549/697/549 565/716/565 637/799/637
f 488/699/488 414/857/414 557/708/557
f 537/683/537 602/760/602 642/806/642
f 668/836/668 546/694/546 594/751/594
f 548/696/548 370/718/370 593/750/593
f 582/737/582 587/742/587 674/842/674
f 683/858/683 547/695/547 638/800/638
f 538/684/538 642/806/642 678/846/678
f 558/709/558 549/697/549 488/699/488
f 666/833/666 678/846/678 571/724/571
f 539/685/539 542/690/542 271/765/271
f 543/691/543 545/693/545 606/766/606
f 678/846/678 555/706/555 569/722/569
f 550/700/550 184/831/184 153/701/153
f 605/763/605 579/733/579 598/755/598
f 536/682/536 648/812/648 655/819/655
f 562/713/562 654/818/654 672/840/672
f 681/854/681 679/847/679 545/693/545
f 560/711/560 655/819/655 648/812/648
f 562/713/562 672/840/672 563/714/563
f 564/715/564 666/833/666 667/834/667
f 626/787/626 663/827/663 629/790/629
f 131/803/131 567/720/567 369/719/369
f 670/838/670 642/806/642 644/808/644
f 560/711/560 648/812/648 641/805/641
f 621/782/621 620/781/620 667/834/667
f 572/725/572 570/723/570 581/736/581
f 550/700/550 563/714/563 184/831/184
f 540/688/540 484/731/484 605/763/605
f 627/788/627 650/814/650 622/783/622
f 684/862/684 604/762/604 672/840/672
f 166/804/166 138/756/138 560/711/560
f 666/833/666 571/724/571 621/782/621
f 138/756/138 137/863/137 599/757/599
f 612/772/612 596/753/596 685/864/685
f 549/697/549 558/709/558 638/800/638
f 673/841/673 559/710/559 561/712/561
f 603/761/603 559/710/559 673/841/673
f 564/715/564 566/717/566 668/836/668
f 603/761/603 673/841/673 604/762/604
f 684/862/684 677/845/677 604/762/604
f 636/797/636 645/809/645 651/815/651
f 622/783/622 625/786/625 627/788/627
f 667/834/667 580/735/580 564/715/564
f 567/720/567 131/803/131 641/805/641
f 539/685/539 540/688/540 542/690/542
f 665/832/665 184/831/184 563/714/563
f 620/781/620 619/780/619 674/842/674
f 651/815/651 646/810/646 661/825/661
f 666/833/666 536/682/536 538/684/538
f 626/787/626 625/786/625 589/744/589
f 666/833/666 564/715/564 653/817/653
f 557/708/557 675/843/675 676/844/676
f 684/862/684 669/837/669 677/845/677
f 648/812/648 593/750/593 641/805/641
f 591/747/591 588/743/588 578/732/578
f 629/790/629 674/842/674 660/824/660
f 650/814/650 613/773/613 622/783/622
f 622/783/622 597/754/597 610/770/610
f 560/711/560 559/710/559 655/819/655
f 683/858/683 676/844/676 370/718/370
f 403/860/403 370/718/370 675/843/675
f 678/846/678 642/806/642 671/839/671
f 636/797/636 609/769/609 631/792/631
f 552/703/552 574/727/574 554/705/554
f 608/768/608 628/789/628 592/748/592
f 613/773/613 652/816/652 614/774/614
f 657/821/657 652/816/652 650/814/650
f 661/825/661 646/810/646 686/865/686
f 584/739/584 601/759/601 583/738/583
f 587/742/587 592/748/592 628/789/628
f 645/809/645 631/792/631 632/793/632
f 595/752/595 631/792/631 609/769/609
f 658/822/658 657/821/657 640/802/640
f 650/814/650 617/778/617 649/813/649
f 573/726/573 584/739/584 583/738/583
f 266/849/266 267/850/267 652/816/652
f 234/830/234 664/829/664 267/850/267
f 595/752/595 609/769/609 601/759/601
f 556/707/556 585/740/585 584/739/584
f 632/793/632 639/801/639 647/811/647
f 632/793/632 646/810/646 645/809/645
f 636/797/636 651/815/651 640/802/640
f 646/810/646 647/811/647 686/865/686
f 587/742/587 581/736/581 592/748/592
f 595/752/595 612/772/612 632/793/632
f 640/802/640 657/821/657 649/813/649
f 573/726/573 551/702/551 556/707/556
f 639/801/639 612/772/612 685/864/685
f 687/866/687 688/867/688 689/868/689
f 689/868/689 688/867/688 690/869/690
f 691/870/691 692/871/692 693/872/693
f 689/868/689 694/873/694 687/866/687
f 695/874/695 691/870/691 696/875/696
f 697/876/697 689/868/689 695/874/695
f 693/872/693 698/877/698 696/875/696
f 698/877/698 28/878/28 699/879/699
f 700/880/700 694/873/694 697/876/697
f 694/873/694 700/880/700 701/881/701
f 695/874/695 702/882/702 697/876/697
f 689/868/689 690/869/690 695/874/695
f 22/883/22 699/879/699 28/878/28
f 702/882/702 696/875/696 703/884/703
f 696/875/696 698/877/698 699/879/699
f 22/883/22 20/885/20 699/879/699
f 696/875/696 691/870/691 693/872/693
f 695/874/695 690/869/690 691/870/691
f 703/884/703 696/875/696 699/879/699
f 692/871/692 691/870/691 690/869/690
f 699/879/699 20/885/20 703/884/703
f 695/874/695 696/875/696 702/882/702
f 690/869/690 688/867/688 692/871/692
f 694/873/694 689/868/689 697/876/697
f 698/877/698 704/886/704 705/887/705
f 706/888/706 707/889/707 704/886/704
f 704/886/704 708/890/708 705/887/705
f 693/872/693 706/888/706 704/886/704
f 709/891/709 76/892/76 75/893/75
f 27/894/27 705/887/705 708/890/708
f 708/890/708 704/886/704 707/889/707
f 708/890/708 707/889/707 709/891/709
f 79/895/79 76/892/76 709/891/709
f 709/891/709 75/893/75 27/894/27
f 704/886/704 698/877/698 693/872/693
f 709/891/709 27/894/27 708/890/708
f 710/896/710 84/897/84 86/898/86
f 710/896/710 711/899/711 712/900/712
f 711/899/711 86/898/86 79/895/79
f 713/901/713 711/899/711 79/895/79
f 714/902/714 715/903/715 711/899/711
f 709/891/709 713/901/713 79/895/79
f 27/894/27 25/904/25 705/887/705
f 716/905/716 715/903/715 714/902/714
f 713/901/713 709/891/709 707/889/707
f 713/901/713 707/889/707 717/906/717
f 718/907/718 719/908/719 717/906/717
f 720/909/720 716/905/716 719/908/719
f 719/908/719 718/907/718 721/910/721
f 707/889/707 706/888/706 718/907/718
f 721/910/721 720/909/720 719/908/719
f 722/911/722 723/912/723 720/909/720
f 724/913/724 721/910/721 706/888/706
f 723/912/723 722/911/722 725/914/725
f 722/911/722 721/910/721 724/913/724
f 706/888/706 693/872/693 724/913/724
f 726/915/726 723/912/723 725/914/725
f 698/877/698 705/887/705 28/878/28
f 725/914/725 722/911/722 724/913/724
f 727/916/727 728/917/728 729/918/729
f 730/919/730 726/915/726 725/914/725
f 692/871/692 725/914/725 724/913/724
f 730/919/730 725/914/725 731/920/731
f 726/915/726 730/919/730 727/916/727
f 731/920/731 725/914/725 692/871/692
f 718/907/718 706/888/706 721/910/721
f 731/920/731 692/871/692 688/867/688
f 727/916/727 731/920/731 732/921/732
f 732/921/732 733/922/733 727/916/727
f 717/906/717 714/902/714 713/901/713
f 732/921/732 731/920/731 734/923/734
f 731/920/731 727/916/727 730/919/730
f 734/923/734 688/867/688 687/866/687
f 734/923/734 735/924/735 732/921/732
f 736/925/736 737/926/737 738/927/738
f 739/928/739 740/929/740 741/930/741
f 742/931/742 743/932/743 744/933/744
f 720/909/720 721/910/721 722/911/722
f 745/934/745 746/935/746 747/936/747
f 747/936/747 748/937/748 745/934/745
f 719/908/719 716/905/716 717/906/717
f 739/928/739 749/938/749 750/939/750
f 751/940/751 733/922/733 735/924/735
f 714/902/714 717/906/717 716/905/716
f 735/924/735 734/923/734 687/866/687
f 736/925/736 743/932/743 742/931/742
f 749/938/749 747/936/747 750/939/750
f 739/928/739 752/941/752 749/938/749
f 717/906/717 707/889/707 718/907/718
f 753/942/753 754/943/754 741/930/741
f 755/944/755 694/873/694 701/881/701
f 737/926/737 746/935/746 745/934/745
f 693/872/693 692/871/692 724/913/724
f 736/925/736 756/945/756 743/932/743
f 757/946/757 758/947/758 759/948/759
f 760/949/760 751/940/751 761/950/761
f 757/946/757 755/944/755 762/951/762
f 763/952/763 735/924/735 687/866/687
f 710/896/710 86/898/86 711/899/711
f 764/953/764 743/932/743 756/945/756
f 710/896/710 712/900/712 84/897/84
f 765/954/765 748/937/748 761/950/761
f 763/952/763 765/954/765 761/950/761
f 759/948/759 694/873/694 755/944/755
f 763/952/763 687/866/687 694/873/694
f 748/937/748 766/955/766 760/949/760
f 727/916/727 729/918/729 726/915/726
f 761/950/761 748/937/748 760/949/760
f 745/934/745 748/937/748 765/954/765
f 733/922/733 732/921/732 735/924/735
f 763/952/763 694/873/694 759/948/759
f 765/954/765 737/926/737 745/934/745
f 767/956/767 758/947/758 768/957/768
f 757/946/757 759/948/759 755/944/755
f 688/867/688 734/923/734 731/920/731
f 748/937/748 747/936/747 766/955/766
f 747/936/747 746/935/746 750/939/750
f 756/945/756 769/958/769 770/959/770
f 757/946/757 768/957/768 758/947/758
f 759/948/759 758/947/758 738/927/738
f 750/939/750 746/935/746 740/929/740
f 747/936/747 749/938/749 766/955/766
f 740/929/740 746/935/746 742/931/742
f 738/927/738 758/947/758 769/958/769
f 735/924/735 763/952/763 761/950/761
f 740/929/740 742/931/742 744/933/744
f 758/947/758 767/956/767 769/958/769
f 738/927/738 769/958/769 736/925/736
f 28/878/28 705/887/705 25/904/25
f 767/956/767 771/960/771 769/958/769
f 735/924/735 761/950/761 751/940/751
f 743/932/743 764/953/764 744/933/744
f 744/933/744 772/961/772 753/942/753
f 770/959/770 769/958/769 771/960/771
f 726/915/726 729/918/729 723/912/723
f 759/948/759 737/926/737 763/952/763
f 772/961/772 754/943/754 753/942/753
f 773/962/773 744/933/744 764/953/764
f 752/941/752 741/930/741 754/943/754
f 744/933/744 773/962/773 772/961/772
f 774/963/774 756/945/756 770/959/770
f 756/945/756 775/964/775 764/953/764
f 737/926/737 742/931/742 746/935/746
f 754/943/754 772/961/772 776/965/776
f 773/962/773 764/953/764 775/964/775
f 772/961/772 773/962/773 776/965/776
f 774/963/774 775/964/775 756/945/756
f 777/966/777 754/943/754 778/967/778
f 776/965/776 778/967/778 754/943/754
f 779/968/779 780/969/780 777/966/777
f 778/967/778 779/968/779 777/966/777
f 769/958/769 756/945/756 736/925/736
f 750/939/750 740/929/740 739/928/739
f 740/929/740 753/942/753 741/930/741
f 753/942/753 740/929/740 744/933/744
f 715/903/715 712/900/712 711/899/711
f 741/930/741 752/941/752 739/928/739
f 736/925/736 742/931/742 737/926/737
f 763/952/763 737/926/737 765/954/765
f 762/951/762 768/957/768 757/946/757
f 754/943/754 777/966/777 752/941/752
f 711/899/711 713/901/713 714/902/714
f 737/926/737 759/948/759 738/927/738
f 781/970/781 782/971/782 783/972/783
f 784/973/784 785/974/785 786/975/786
f 787/976/787 788/977/788 789/978/789
f 790/979/790 791/980/791 792/981/792
f 793/982/793 794/983/794 795/984/795
f 796/985/796 797/986/797 787/976/787
f 793/982/793 795/984/795 798/987/798
f 799/988/799 800/989/800 801/990/801
f 801/990/801 789/978/789 788/977/788
f 784/973/784 802/991/802 803/992/803
f 804/993/804 786/975/786 805/994/805
f 784/973/784 786/975/786 804/993/804
f 806/995/806 787/976/787 789/978/789
f 807/996/807 794/983/794 793/982/793
f 796/985/796 787/976/787 808/997/808
f 798/987/798 809/998/809 793/982/793
f 810/999/810 789/978/789 801/990/801
f 811/1000/811 804/993/804 805/994/805
f 804/993/804 812/1001/812 784/973/784
f 810/999/810 806/995/806 789/978/789
f 787/976/787 806/995/806 808/997/808
f 813/1002/813 814/1003/814 815/1004/815
f 807/996/807 793/982/793 816/1005/816
f 817/1006/817 796/985/796 808/997/808
f 818/1007/818 819/1008/819 815/1004/815
f 809/998/809 816/1005/816 793/982/793
f 820/1009/820 810/999/810 800/989/800
f 821/1010/821 822/1011/822 811/1000/811
f 812/1001/812 804/993/804 823/1012/823
f 824/1013/824 806/995/806 810/999/810
f 824/1013/824 808/997/808 806/995/806
f 807/996/807 816/1005/816 825/1014/825
f 826/1015/826 827/1016/827 828/1017/828
f 817/1006/817 808/997/808 829/1018/829
f 820/1009/820 812/1001/812 830/1019/830
f 831/1020/831 823/1012/823 804/993/804
f 824/1013/824 829/1018/829 808/997/808
f 832/1021/832 807/996/807 825/1014/825
f 833/1022/833 816/1005/816 817/1006/817
f 829/1018/829 827/1016/827 817/1006/817
f 834/1023/834 829/1018/829 824/1013/824
f 835/1024/835 836/1025/836 825/1014/825
f 833/1022/833 835/1024/835 816/1005/816
f 817/1006/817 827/1016/827 833/1022/833
f 829/1018/829 828/1017/828 827/1016/827
f 837/1026/837 791/980/791 838/1027/838
f 839/1028/839 830/1019/830 840/1029/840
f 823/1012/823 841/1030/841 840/1029/840
f 834/1023/834 828/1017/828 829/1018/829
f 832/1021/832 842/1031/842 843/1032/843
f 827/1016/827 836/1025/836 835/1024/835
f 833/1022/833 827/1016/827 835/1024/835
f 844/1033/844 845/1034/845 846/1035/846
f 847/1036/847 840/1029/840 841/1030/841
f 848/1037/848 849/1038/849 842/1031/842
f 836/1025/836 850/1039/850 848/1037/848
f 851/1040/851 826/1015/826 828/1017/828
f 852/1041/852 844/1033/844 846/1035/846
f 845/1034/845 844/1033/844 853/1042/853
f 841/1030/841 854/1043/854 847/1036/847
f 849/1038/849 855/1044/855 842/1031/842
f 856/1045/856 849/1038/849 848/1037/848
f 850/1039/850 857/1046/857 848/1037/848
f 850/1039/850 836/1025/836 826/1015/826
f 847/1036/847 854/1043/854 858/1047/858
f 859/1048/859 844/1033/844 852/1041/852
f 853/1042/853 844/1033/844 860/1049/860
f 845/1034/845 853/1042/853 861/1050/861
f 862/1051/862 854/1043/854 841/1030/841
f 862/1051/862 857/1046/857 850/1039/850
f 854/1043/854 850/1039/850 826/1015/826
f 860/1049/860 844/1033/844 859/1048/859
f 863/1052/863 853/1042/853 860/1049/860
f 814/1003/814 864/1053/864 815/1004/815
f 863/1052/863 861/1050/861 853/1042/853
f 865/1054/865 862/1051/862 861/1050/861
f 850/1039/850 854/1043/854 862/1051/862
f 857/1046/857 865/1054/865 856/1045/856
f 862/1051/862 865/1054/865 857/1046/857
f 863/1052/863 860/1049/860 866/1055/866
f 867/1056/867 861/1050/861 863/1052/863
f 861/1050/861 868/1057/868 865/1054/865
f 869/1058/869 866/1055/866 859/1048/859
f 870/1059/870 871/1060/871 798/987/798
f 868/1057/868 861/1050/861 867/1056/867
f 863/1052/863 819/1008/819 867/1056/867
f 796/985/796 871/1060/871 797/986/797
f 872/1061/872 873/1062/873 874/1063/874
f 875/1064/875 864/1053/864 876/1065/876
f 877/1066/877 878/1067/878 805/994/805
f 879/1068/879 880/1069/880 881/1070/881
f 864/1053/864 882/1071/882 883/1072/883
f 197/1073/197 884/1074/884 885/1075/885
f 886/1076/886 880/1069/880 879/1068/879
f 824/1013/824 810/999/810 834/1023/834
f 794/983/794 887/1077/887 888/1078/888
f 814/1003/814 876/1065/876 864/1053/864
f 888/1078/888 889/1079/889 870/1059/870
f 814/1003/814 813/1002/813 866/1055/866
f 883/1072/883 890/1080/890 891/1081/891
f 892/1082/892 893/1083/893 894/1084/894
f 895/1085/895 896/1086/896 897/1087/897
f 885/1075/885 884/1074/884 898/1088/898
f 899/1089/899 900/1090/900 897/1087/897
f 901/1091/901 887/1077/887 791/980/791
f 897/1087/897 902/1092/902 895/1085/895
f 903/1093/903 904/1094/904 905/1095/905
f 906/1096/906 907/1097/907 880/1069/880
f 906/1096/906 890/1080/890 908/1098/908
f 882/1071/882 864/1053/864 875/1064/875
f 890/1080/890 883/1072/883 882/1071/882
f 909/1099/909 910/1100/910 911/1101/911
f 863/1052/863 866/1055/866 813/1002/813
f 912/1102/912 913/1103/913 914/1104/914
f 815/1004/815 819/1008/819 813/1002/813
f 915/1105/915 916/1106/916 917/1107/917
f 880/1069/880 907/1097/907 881/1070/881
f 911/1101/911 881/1070/881 907/1097/907
f 906/1096/906 818/1007/818 891/1081/891
f 880/1069/880 819/1008/819 818/1007/818
f 882/1071/882 918/1108/918 890/1080/890
f 908/1098/908 919/1109/919 907/1097/907
f 890/1080/890 918/1108/918 908/1098/908
f 920/1110/920 911/1101/911 910/1100/910
f 911/1101/911 907/1097/907 909/1099/909
f 890/1080/890 906/1096/906 891/1081/891
f 881/1070/881 911/1101/911 898/1088/898
f 788/977/788 921/1111/921 922/1112/922
f 923/1113/923 924/1114/924 925/1115/925
f 818/1007/818 906/1096/906 880/1069/880
f 909/1099/909 907/1097/907 919/1109/919
f 908/1098/908 918/1108/918 919/1109/919
f 199/1116/199 926/1117/926 927/1118/927
f 827/1016/827 826/1015/826 836/1025/836
f 878/1067/878 877/1066/877 928/1119/928
f 898/1088/898 884/1074/884 881/1070/881
f 870/1059/870 798/987/798 795/984/795
f 929/1120/929 914/1104/914 930/1121/930
f 883/1072/883 815/1004/815 864/1053/864
f 919/1109/919 918/1108/918 931/1122/931
f 932/1123/932 832/1021/832 933/1124/933
f 886/1076/886 819/1008/819 880/1069/880
f 883/1072/883 891/1081/891 818/1007/818
f 905/1095/905 902/1092/902 897/1087/897
f 910/1100/910 934/1125/934 920/1110/920
f 926/1117/926 920/1110/920 927/1118/927
f 836/1025/836 848/1037/848 825/1014/825
f 885/1075/885 926/1117/926 197/1073/197
f 920/1110/920 934/1125/934 927/1118/927
f 862/1051/862 841/1030/841 861/1050/861
f 931/1122/931 896/1086/896 935/1126/935
f 926/1117/926 199/1116/199 197/1073/197
f 896/1086/896 895/1085/895 935/1126/935
f 815/1004/815 883/1072/883 818/1007/818
f 894/1084/894 936/1127/936 892/1082/892
f 898/1088/898 920/1110/920 926/1117/926
f 904/1094/904 925/1115/925 902/1092/902
f 884/1074/884 197/1073/197 196/1128/196
f 937/1129/937 895/1085/895 902/1092/902
f 938/1130/938 937/1129/937 902/1092/902
f 871/1060/871 817/1006/817 809/998/809
f 902/1092/902 905/1095/905 904/1094/904
f 911/1101/911 920/1110/920 898/1088/898
f 915/1105/915 939/1131/939 940/1132/940
f 788/977/788 799/988/799 801/990/801
f 936/1127/936 941/1133/941 928/1119/928
f 825/1014/825 848/1037/848 842/1031/842
f 905/1095/905 897/1087/897 942/1134/942
f 923/1113/923 925/1115/925 904/1094/904
f 902/1092/902 925/1115/925 938/1130/938
f 849/1038/849 943/1135/943 855/1044/855
f 900/1090/900 942/1134/942 897/1087/897
f 794/983/794 807/996/807 838/1027/838
f 944/1136/944 938/1130/938 925/1115/925
f 854/1043/854 826/1015/826 851/1040/851
f 945/1137/945 933/1124/933 843/1032/843
f 946/1138/946 947/1139/947 948/1140/948
f 949/1141/949 903/1093/903 950/1142/950
f 951/1143/951 782/971/782 821/1010/821
f 952/1144/952 940/1132/940 783/972/783
f 858/1047/858 854/1043/854 851/1040/851
f 953/1145/953 804/993/804 811/1000/811
f 921/1111/921 797/986/797 870/1059/870
f 869/1058/869 859/1048/859 954/1146/954
f 955/1147/955 882/1071/882 875/1064/875
f 950/1142/950 956/1148/956 948/1140/948
f 947/1139/947 957/1149/957 948/1140/948
f 802/991/802 812/1001/812 800/989/800
f 892/1082/892 785/974/785 893/1083/893
f 954/1146/954 852/1041/852 948/1140/948
f 838/1027/838 887/1077/887 794/983/794
f 958/1150/958 940/1132/940 959/1151/959
f 960/1152/960 961/1153/961 950/1142/950
f 948/1140/948 957/1149/957 950/1142/950
f 962/1154/962 799/988/799 963/1155/963
f 847/1036/847 839/1028/839 840/1029/840
f 948/1140/948 852/1041/852 946/1138/946
f 950/1142/950 961/1153/961 956/1148/956
f 876/1065/876 899/1089/899 875/1064/875
f 852/1041/852 954/1146/954 859/1048/859
f 951/1143/951 821/1010/821 811/1000/811
f 949/1141/949 957/1149/957 923/1113/923
f 856/1045/856 964/1156/964 943/1135/943
f 964/1156/964 856/1045/856 868/1057/868
f 965/1157/965 943/1135/943 964/1156/964
f 867/1056/867 964/1156/964 868/1057/868
f 961/1153/961 869/1058/869 954/1146/954
f 782/971/782 966/1158/966 821/1010/821
f 805/994/805 951/1143/951 811/1000/811
f 967/1159/967 869/1058/869 960/1152/960
f 953/1145/953 846/1035/846 831/1020/831
f 846/1035/846 968/1160/968 852/1041/852
f 851/1040/851 839/1028/839 858/1047/858
f 861/1050/861 841/1030/841 845/1034/845
f 943/1135/943 849/1038/849 856/1045/856
f 873/1062/873 872/1061/872 969/1161/969
f 781/970/781 969/1161/969 872/1061/872
f 839/1028/839 851/1040/851 834/1023/834
f 930/1121/930 916/1106/916 970/1162/970
f 939/1131/939 969/1161/969 783/972/783
f 904/1094/904 949/1141/949 923/1113/923
f 903/1093/903 942/1134/942 960/1152/960
f 787/976/787 921/1111/921 788/977/788
f 801/990/801 800/989/800 810/999/810
f 805/994/805 786/975/786 877/1066/877
f 820/1009/820 834/1023/834 810/999/810
f 866/1055/866 967/1159/967 876/1065/876
f 834/1023/834 820/1009/820 839/1028/839
f 971/1163/971 972/1164/972 973/1165/973
f 871/1060/871 796/985/796 817/1006/817
f 961/1153/961 954/1146/954 956/1148/956
f 942/1134/942 967/1159/967 960/1152/960
f 852/1041/852 968/1160/968 946/1138/946
f 957/1149/957 947/1139/947 874/1063/874
f 946/1138/946 822/1011/822 966/1158/966
f 900/1090/900 899/1089/899 967/1159/967
f 811/1000/811 974/1166/974 953/1145/953
f 966/1158/966 947/1139/947 946/1138/946
f 851/1040/851 828/1017/828 834/1023/834
f 949/1141/949 904/1094/904 903/1093/903
f 950/1142/950 903/1093/903 960/1152/960
f 822/1011/822 946/1138/946 968/1160/968
f 900/1090/900 967/1159/967 942/1134/942
f 966/1158/966 782/971/782 947/1139/947
f 957/1149/957 975/1167/975 923/1113/923
f 856/1045/856 865/1054/865 868/1057/868
f 968/1160/968 846/1035/846 974/1166/974
f 792/981/792 791/980/791 837/1026/837
f 948/1140/948 956/1148/956 954/1146/954
f 899/1089/899 876/1065/876 967/1159/967
f 823/1012/823 831/1020/831 841/1030/841
f 874/1063/874 947/1139/947 872/1061/872
f 857/1046/857 856/1045/856 848/1037/848
f 968/1160/968 811/1000/811 822/1011/822
f 800/989/800 812/1001/812 820/1009/820
f 876/1065/876 814/1003/814 866/1055/866
f 866/1055/866 869/1058/869 967/1159/967
f 976/1168/976 977/1169/977 978/1170/978
f 873/1062/873 975/1167/975 874/1063/874
f 947/1139/947 781/970/781 872/1061/872
f 869/1058/869 961/1153/961 960/1152/960
f 822/1011/822 821/1010/821 966/1158/966
f 785/974/785 892/1082/892 877/1066/877
f 979/1171/979 799/988/799 962/1154/962
f 781/970/781 947/1139/947 782/971/782
f 974/1166/974 811/1000/811 968/1160/968
f 950/1142/950 957/1149/957 949/1141/949
f 905/1095/905 942/1134/942 903/1093/903
f 916/1106/916 930/1121/930 917/1107/917
f 189/1172/189 884/1074/884 196/1128/196
f 884/1074/884 189/1172/189 965/1157/965
f 884/1074/884 965/1157/965 879/1068/879
f 978/1170/978 832/1021/832 932/1123/932
f 943/1135/943 980/1173/980 855/1044/855
f 819/1008/819 964/1156/964 867/1056/867
f 189/1172/189 980/1173/980 943/1135/943
f 879/1068/879 965/1157/965 964/1156/964
f 964/1156/964 819/1008/819 886/1076/886
f 879/1068/879 964/1156/964 886/1076/886
f 846/1035/846 953/1145/953 974/1166/974
f 791/980/791 887/1077/887 838/1027/838
f 981/1174/981 889/1079/889 982/1175/982
f 975/1167/975 957/1149/957 874/1063/874
f 798/987/798 871/1060/871 809/998/809
f 983/1176/983 975/1167/975 873/1062/873
f 843/1032/843 984/1177/984 945/1137/945
f 825/1014/825 816/1005/816 835/1024/835
f 977/1169/977 807/996/807 978/1170/978
f 843/1032/843 842/1031/842 855/1044/855
f 838/1027/838 807/996/807 977/1169/977
f 965/1157/965 189/1172/189 943/1135/943
f 807/996/807 832/1021/832 978/1170/978
f 896/1086/896 875/1064/875 899/1089/899
f 897/1087/897 896/1086/896 899/1089/899
f 875/1064/875 896/1086/896 955/1147/955
f 896/1086/896 931/1122/931 955/1147/955
f 832/1021/832 843/1032/843 933/1124/933
f 985/1178/985 986/1179/986 887/1077/887
f 831/1020/831 804/993/804 953/1145/953
f 931/1122/931 918/1108/918 955/1147/955
f 882/1071/882 955/1147/955 918/1108/918
f 893/1083/893 785/974/785 987/1180/987
f 859/1048/859 866/1055/866 860/1049/860
f 819/1008/819 863/1052/863 813/1002/813
f 933/1124/933 976/1168/976 932/1123/932
f 924/1114/924 923/1113/923 988/1181/988
f 809/998/809 817/1006/817 816/1005/816
f 830/1019/830 812/1001/812 823/1012/823
f 901/1091/901 989/1182/989 985/1178/985
f 787/976/787 797/986/797 921/1111/921
f 855/1044/855 984/1177/984 843/1032/843
f 858/1047/858 839/1028/839 847/1036/847
f 932/1123/932 976/1168/976 978/1170/978
f 799/988/799 979/1171/979 973/1165/973
f 837/1026/837 838/1027/838 977/1169/977
f 846/1035/846 845/1034/845 831/1020/831
f 913/1103/913 917/1107/917 930/1121/930
f 917/1107/917 913/1103/913 983/1176/983
f 802/991/802 784/973/784 812/1001/812
f 881/1070/881 884/1074/884 879/1068/879
f 917/1107/917 983/1176/983 939/1131/939
f 988/1181/988 975/1167/975 983/1176/983
f 783/972/783 969/1161/969 781/970/781
f 977/1169/977 976/1168/976 933/1124/933
f 987/1180/987 802/991/802 972/1164/972
f 830/1019/830 823/1012/823 840/1029/840
f 917/1107/917 939/1131/939 915/1105/915
f 908/1098/908 907/1097/907 906/1096/906
f 912/1102/912 990/1183/990 924/1114/924
f 991/1184/991 915/1105/915 958/1150/958
f 930/1121/930 914/1104/914 913/1103/913
f 936/1127/936 991/1184/991 958/1150/958
f 912/1102/912 988/1181/988 913/1103/913
f 924/1114/924 990/1183/990 925/1115/925
f 839/1028/839 820/1009/820 830/1019/830
f 988/1181/988 912/1102/912 924/1114/924
f 940/1132/940 958/1150/958 915/1105/915
f 970/1162/970 916/1106/916 915/1105/915
f 941/1133/941 936/1127/936 958/1150/958
f 889/1079/889 986/1179/986 982/1175/982
f 963/1155/963 992/1185/992 962/1154/962
f 988/1181/988 983/1176/983 913/1103/913
f 944/1136/944 925/1115/925 990/1183/990
f 831/1020/831 845/1034/845 841/1030/841
f 959/1151/959 941/1133/941 958/1150/958
f 892/1082/892 936/1127/936 928/1119/928
f 985/1178/985 989/1182/989 986/1179/986
f 887/1077/887 986/1179/986 889/1079/889
f 870/1059/870 889/1079/889 981/1174/981
f 921/1111/921 981/1174/981 993/1186/993
f 825/1014/825 842/1031/842 832/1021/832
f 992/1185/992 963/1155/963 922/1112/922
f 979/1171/979 971/1163/971 973/1165/973
f 893/1083/893 987/1180/987 971/1163/971
f 923/1113/923 975/1167/975 988/1181/988
f 959/1151/959 940/1132/940 952/1144/952
f 940/1132/940 939/1131/939 783/972/783
f 959/1151/959 878/1067/878 941/1133/941
f 928/1119/928 941/1133/941 878/1067/878
f 800/989/800 799/988/799 802/991/802
f 892/1082/892 928/1119/928 877/1066/877
f 921/1111/921 993/1186/993 922/1112/922
f 926/1117/926 885/1075/885 898/1088/898
f 889/1079/889 888/1078/888 887/1077/887
f 981/1174/981 921/1111/921 870/1059/870
f 922/1112/922 963/1155/963 788/977/788
f 987/1180/987 972/1164/972 971/1163/971
f 878/1067/878 959/1151/959 952/1144/952
f 939/1131/939 983/1176/983 969/1161/969
f 887/1077/887 901/1091/901 985/1178/985
f 870/1059/870 795/984/795 888/1078/888
f 963/1155/963 799/988/799 788/977/788
f 972/1164/972 799/988/799 973/1165/973
f 785/974/785 803/992/803 987/1180/987
f 969/1161/969 983/1176/983 873/1062/873
f 951/1143/951 952/1144/952 783/972/783
f 878/1067/878 952/1144/952 805/994/805
f 786/975/786 785/974/785 877/1066/877
f 901/1091/901 791/980/791 790/979/790
f 795/984/795 794/983/794 888/1078/888
f 797/986/797 871/1060/871 870/1059/870
f 972/1164/972 802/991/802 799/988/799
f 987/1180/987 803/992/803 802/991/802
f 803/992/803 785/974/785 784/973/784
f 783/972/783 782/971/782 951/1143/951
f 951/1143/951 805/994/805 952/1144/952
f 994/1187/994 995/1188/995 996/1189/996
f 997/1190/997 998/1191/998 999/1192/999
f 1000/1193/1000 1001/1194/1001 1002/1195/1002
f 1003/1196/1003 1004/1197/1004 1005/1198/1005
f 1006/1199/1006 211/1200/211 256/1201/256
f 1007/1202/1007 1008/1203/1008 1009/1204/1009
f 662/1205/662 1010/1206/1010 263/1207/263
f 1011/1208/1011 1002/1195/1002 1012/1209/1012
f 1013/1210/1013 633/1211/633 1014/1212/1014
f 596/1213/596 1015/1214/1015 1016/1215/1016
f 1017/1216/1017 1018/1217/1018 1019/1218/1019
f 686/1219/686 647/1220/647 1020/1221/1020
f 1021/1222/1021 330/1223/330 302/1224/302
f 1022/1225/1022 256/1201/256 1023/1226/1023
f 1024/1227/1024 639/1228/639 1016/1215/1016
f 1004/1197/1004 1003/1196/1003 1025/1229/1025
f 647/1220/647 639/1228/639 1020/1221/1020
f 1007/1202/1007 1009/1204/1009 1011/1208/1011
f 1026/1230/1026 1019/1218/1019 1027/1231/1027
f 1028/1232/1028 1017/1216/1017 1029/1233/1029
f 255/1234/255 263/1207/263 1010/1206/1010
f 1001/1194/1001 1030/1235/1030 1002/1195/1002
f 1031/1236/1031 1026/1230/1026 1000/1193/1000
f 1027/1231/1027 1019/1218/1019 1032/1237/1032
f 1033/1238/1033 1034/1239/1034 1035/1240/1035
f 1036/1241/1036 1037/1242/1037 1038/1243/1038
f 1039/1244/1039 1040/1245/1040 1041/1246/1041
f 1031/1236/1031 1017/1216/1017 1019/1218/1019
f 1030/1235/1030 1042/1247/1042 1012/1209/1012
f 1026/1230/1026 1043/1248/1043 1001/1194/1001
f 1044/1249/1044 1007/1202/1007 1025/1229/1025
f 1045/1250/1045 1046/1251/1046 1047/1252/1047
f 1048/1253/1048 1020/1221/1020 1024/1227/1024
f 1038/1243/1038 1037/1242/1037 1049/1254/1049
f 1026/1230/1026 1001/1194/1001 1000/1193/1000
f 1003/1196/1003 1005/1198/1005 1041/1246/1041
f 1038/1243/1038 1015/1214/1015 586/1255/586
f 1039/1244/1039 1041/1246/1041 1005/1198/1005
f 1050/1256/1050 1051/1257/1051 1052/1258/1052
f 1053/1259/1053 1054/1260/1054 1055/1261/1055
f 1056/1262/1056 1032/1237/1032 1057/1263/1057
f 1026/1230/1026 1027/1231/1027 1043/1248/1043
f 1003/1196/1003 1058/1264/1058 1053/1259/1053
f 1054/1260/1054 1048/1253/1048 1055/1261/1055
f 1011/1208/1011 1009/1204/1009 1059/1265/1059
f 1001/1194/1001 1060/1266/1060 1030/1235/1030
f 1061/1267/1061 1062/1268/1062 1063/1269/1063
f 1064/1270/1064 1065/1271/1065 1014/1212/1014
f 1044/1249/1044 1025/1229/1025 1003/1196/1003
f 1029/1233/1029 1066/1272/1066 1028/1232/1028
f 997/1190/997 1067/1273/1067 1068/1274/1068
f 1028/1232/1028 1037/1242/1037 1017/1216/1017
f 1069/1275/1069 998/1191/998 997/1190/997
f 1070/1276/1070 1071/1277/1071 681/1278/681
f 1069/1275/1069 997/1190/997 1068/1274/1068
f 1043/1248/1043 1027/1231/1027 1056/1262/1056
f 1060/1266/1060 1001/1194/1001 1043/1248/1043
f 1053/1259/1053 1044/1249/1044 1003/1196/1003
f 1072/1279/1072 1042/1247/1042 1030/1235/1030
f 1073/1280/1073 1072/1279/1072 1074/1281/1074
f 1075/1282/1075 1076/1283/1076 1077/1284/1077
f 1078/1285/1078 1079/1286/1079 1080/1287/1080
f 1034/1239/1034 1033/1238/1033 1065/1271/1065
f 685/1288/685 596/1213/596 1016/1215/1016
f 1056/1262/1056 1027/1231/1027 1032/1237/1032
f 994/1187/994 1081/1289/1081 1082/1290/1082
f 1017/1216/1017 1031/1236/1031 1029/1233/1029
f 1033/1238/1033 1035/1240/1035 1069/1275/1069
f 1065/1271/1065 1064/1270/1064 1083/1291/1083
f 1003/1196/1003 1041/1246/1041 1058/1264/1058
f 1054/1260/1054 1053/1259/1053 1058/1264/1058
f 1035/1240/1035 998/1191/998 1069/1275/1069
f 1016/1215/1016 1015/1214/1015 1084/1292/1084
f 1067/1273/1067 1085/1293/1085 1086/1294/1086
f 141/1295/141 170/1296/170 1087/1297/1087
f 1056/1262/1056 1088/1298/1088 1043/1248/1043
f 1089/1299/1089 1090/1300/1090 1091/1301/1091
f 1060/1266/1060 1043/1248/1043 1088/1298/1088
f 1092/1302/1092 1044/1249/1044 1053/1259/1053
f 1068/1274/1068 1057/1263/1057 1019/1218/1019
f 1088/1298/1088 1073/1280/1073 1060/1266/1060
f 1093/1303/1093 1094/1304/1094 1095/1305/1095
f 1067/1273/1067 1086/1294/1086 1057/1263/1057
f 1038/1243/1038 1049/1254/1049 1015/1214/1015
f 1035/1240/1035 1034/1239/1034 994/1187/994
f 1073/1280/1073 1074/1281/1074 1030/1235/1030
f 1074/1281/1074 1072/1279/1072 1030/1235/1030
f 1096/1306/1096 662/1205/662 661/1307/661
f 1042/1247/1042 1072/1279/1072 1061/1267/1061
f 1008/1203/1008 1092/1302/1092 1055/1261/1055
f 1034/1239/1034 1065/1271/1065 1083/1291/1083
f 1064/1270/1064 1070/1276/1070 1083/1291/1083
f 1041/1246/1041 1022/1225/1022 1058/1264/1058
f 1017/1216/1017 1037/1242/1037 1018/1217/1018
f 1097/1308/1097 999/1192/999 998/1191/998
f 1058/1264/1058 1098/1309/1098 1054/1260/1054
f 996/1189/996 998/1191/998 1035/1240/1035
f 1099/1310/1099 1086/1294/1086 1100/1311/1100
f 1101/1312/1101 1040/1245/1040 1039/1244/1039
f 1014/1212/1014 1065/1271/1065 1069/1275/1069
f 1088/1298/1088 1056/1262/1056 1102/1313/1102
f 1062/1268/1062 1061/1267/1061 1072/1279/1072
f 1020/1221/1020 639/1228/639 1024/1227/1024
f 1083/1291/1083 1081/1289/1081 1034/1239/1034
f 1022/1225/1022 1098/1309/1098 1058/1264/1058
f 635/1314/635 679/1315/679 1103/1316/1103
f 1098/1309/1098 1023/1226/1023 1020/1221/1020
f 1064/1270/1064 1071/1277/1071 1070/1276/1070
f 994/1187/994 1034/1239/1034 1081/1289/1081
f 1104/1317/1104 1085/1293/1085 999/1192/999
f 1105/1318/1105 1106/1319/1106 1107/1320/1107
f 1106/1319/1106 1108/1321/1108 1107/1320/1107
f 1109/1322/1109 1028/1232/1028 1066/1272/1066
f 1096/1306/1096 686/1219/686 1023/1226/1023
f 1080/1287/1080 1110/1323/1110 1078/1285/1078
f 1097/1308/1097 998/1191/998 996/1189/996
f 1109/1322/1109 1048/1253/1048 1084/1292/1084
f 1006/1199/1006 256/1201/256 1021/1222/1021
f 1008/1203/1008 1066/1272/1066 1009/1204/1009
f 1059/1265/1059 1031/1236/1031 1000/1193/1000
f 1097/1308/1097 1111/1324/1111 999/1192/999
f 1112/1325/1112 1113/1326/1113 1114/1327/1114
f 1101/1312/1101 330/1223/330 1040/1245/1040
f 1036/1241/1036 1038/1243/1038 1013/1210/1013
f 1011/1208/1011 1000/1193/1000 1002/1195/1002
f 1031/1236/1031 1059/1265/1059 1029/1233/1029
f 996/1189/996 1035/1240/1035 994/1187/994
f 1057/1263/1057 1099/1310/1099 1056/1262/1056
f 1100/1311/1100 1086/1294/1086 1115/1328/1115
f 1100/1311/1100 1116/1329/1116 1099/1310/1099
f 1117/1330/1117 1102/1313/1102 1099/1310/1099
f 1013/1210/1013 576/1331/576 575/1332/575
f 1013/1210/1013 1014/1212/1014 1036/1241/1036
f 1073/1280/1073 1102/1313/1102 1118/1333/1118
f 1119/1334/1119 1022/1225/1022 1040/1245/1040
f 1073/1280/1073 1118/1333/1118 1072/1279/1072
f 1014/1212/1014 633/1211/633 635/1314/635
f 1063/1269/1063 1062/1268/1062 1072/1279/1072
f 1013/1210/1013 575/1332/575 633/1211/633
f 1108/1321/1108 1106/1319/1106 1120/1335/1120
f 1121/1336/1121 1122/1337/1122 1123/1338/1123
f 1113/1326/1113 1124/1339/1124 1114/1327/1114
f 1125/1340/1125 1126/1341/1126 1127/1342/1127
f 1089/1299/1089 1128/1343/1128 1129/1344/1129
f 1126/1341/1126 1122/1337/1122 1121/1336/1121
f 1124/1339/1124 1125/1340/1125 1129/1344/1129
f 1126/1341/1126 1121/1336/1121 1130/1345/1130
f 1131/1346/1131 1123/1338/1123 1132/1347/1132
f 1125/1340/1125 1133/1348/1133 1089/1299/1089
f 1131/1346/1131 1134/1349/1134 1135/1350/1135
f 1135/1350/1135 1108/1321/1108 1130/1345/1130
f 1113/1326/1113 1112/1325/1112 1136/1351/1136
f 1126/1341/1126 1125/1340/1125 1124/1339/1124
f 1120/1335/1120 1106/1319/1106 1137/1352/1137
f 1126/1341/1126 1130/1345/1130 1120/1335/1120
f 1124/1339/1124 1122/1337/1122 1126/1341/1126
f 1135/1350/1135 1121/1336/1121 1123/1338/1123
f 1113/1326/1113 1138/1353/1138 1139/1354/1139
f 1138/1353/1138 1140/1355/1140 1141/1356/1141
f 1142/1357/1142 1143/1358/1143 1144/1359/1144
f 1145/1360/1145 1122/1337/1122 1124/1339/1124
f 1123/1338/1123 1122/1337/1122 1146/1361/1146
f 1127/1342/1127 1126/1341/1126 1120/1335/1120
f 1139/1354/1139 1145/1360/1145 1113/1326/1113
f 1144/1359/1144 1147/1362/1147 1142/1357/1142
f 1133/1348/1133 1125/1340/1125 1127/1342/1127
f 1124/1339/1124 1129/1344/1129 1114/1327/1114
f 1120/1335/1120 1148/1363/1148 1127/1342/1127
f 1140/1355/1140 1138/1353/1138 1136/1351/1136
f 1137/1352/1137 1143/1358/1143 1142/1357/1142
f 1127/1342/1127 1149/1364/1149 1133/1348/1133
f 1133/1348/1133 1149/1364/1149 1150/1365/1150
f 1142/1357/1142 1148/1363/1148 1137/1352/1137
f 1076/1283/1076 1149/1364/1149 1148/1363/1148
f 1135/1350/1135 1134/1349/1134 1108/1321/1108
f 1132/1347/1132 1123/1338/1123 1146/1361/1146
f 1130/1345/1130 1108/1321/1108 1120/1335/1120
f 1143/1358/1143 1105/1318/1105 1151/1366/1151
f 1123/1338/1123 1131/1346/1131 1135/1350/1135
f 1129/1344/1129 1128/1343/1128 1114/1327/1114
f 1128/1343/1128 1089/1299/1089 1152/1367/1152
f 1127/1342/1127 1148/1363/1148 1149/1364/1149
f 1089/1299/1089 1129/1344/1129 1125/1340/1125
f 1105/1318/1105 1137/1352/1137 1106/1319/1106
f 1128/1343/1128 1152/1367/1152 1114/1327/1114
f 1121/1336/1121 1135/1350/1135 1130/1345/1130
f 1137/1352/1137 1105/1318/1105 1143/1358/1143
f 1151/1366/1151 1144/1359/1144 1143/1358/1143
f 1120/1335/1120 1137/1352/1137 1148/1363/1148
f 1076/1283/1076 1148/1363/1148 1142/1357/1142
f 1139/1354/1139 1141/1356/1141 1132/1347/1132
f 1138/1353/1138 1113/1326/1113 1136/1351/1136
f 1076/1283/1076 1150/1365/1150 1149/1364/1149
f 1145/1360/1145 1139/1354/1139 1132/1347/1132
f 1132/1347/1132 1153/1368/1153 1131/1346/1131
f 1141/1356/1141 1139/1354/1139 1138/1353/1138
f 1142/1357/1142 1077/1284/1077 1076/1283/1076
f 1146/1361/1146 1145/1360/1145 1132/1347/1132
f 1142/1357/1142 1147/1362/1147 1077/1284/1077
f 1146/1361/1146 1122/1337/1122 1145/1360/1145
f 1113/1326/1113 1145/1360/1145 1124/1339/1124
f 1153/1368/1153 1132/1347/1132 1141/1356/1141
f 1083/1291/1083 1082/1290/1082 1081/1289/1081
f 1020/1221/1020 1023/1226/1023 686/1219/686
f 1154/1369/1154 1155/1370/1155 1070/1276/1070
f 1069/1275/1069 1068/1274/1068 1018/1217/1018
f 1067/1273/1067 997/1190/997 999/1192/999
f 1082/1290/1082 1083/1291/1083 1155/1370/1155
f 1104/1317/1104 999/1192/999 1111/1324/1111
f 996/1189/996 995/1188/995 1097/1308/1097
f 1097/1308/1097 995/1188/995 1111/1324/1111
f 1049/1254/1049 1084/1292/1084 1015/1214/1015
f 1023/1226/1023 1098/1309/1098 1022/1225/1022
f 1051/1257/1051 1156/1371/1156 1157/1372/1157
f 1116/1329/1116 1117/1330/1117 1099/1310/1099
f 1050/1256/1050 1102/1313/1102 1117/1330/1117
f 1040/1245/1040 330/1223/330 1021/1222/1021
f 1118/1333/1118 1102/1313/1102 1050/1256/1050
f 1063/1269/1063 1072/1279/1072 1118/1333/1118
f 1158/1373/1158 1154/1369/1154 1070/1276/1070
f 1040/1245/1040 1021/1222/1021 1119/1334/1119
f 586/1255/586 576/1331/576 1038/1243/1038
f 1155/1370/1155 1154/1369/1154 1159/1374/1159
f 1082/1290/1082 1155/1370/1155 1159/1374/1159
f 1069/1275/1069 1065/1271/1065 1033/1238/1033
f 1087/1297/1087 187/1375/187 141/1295/141
f 994/1187/994 1082/1290/1082 995/1188/995
f 1117/1330/1117 1116/1329/1116 1051/1257/1051
f 1051/1257/1051 1050/1256/1050 1117/1330/1117
f 1160/1376/1160 1161/1377/1161 1162/1378/1162
f 1063/1269/1063 1118/1333/1118 1050/1256/1050
f 1000/1193/1000 1011/1208/1011 1059/1265/1059
f 1158/1373/1158 1159/1374/1159 1154/1369/1154
f 1067/1273/1067 1057/1263/1057 1068/1274/1068
f 1082/1290/1082 1159/1374/1159 995/1188/995
f 1063/1269/1063 1050/1256/1050 1163/1379/1163
f 1070/1276/1070 1164/1380/1164 1078/1285/1078
f 1002/1195/1002 1030/1235/1030 1012/1209/1012
f 1066/1272/1066 1059/1265/1059 1009/1204/1009
f 256/1201/256 1022/1225/1022 1119/1334/1119
f 1158/1373/1158 1078/1285/1078 1110/1323/1110
f 1050/1256/1050 1052/1258/1052 1163/1379/1163
f 661/1307/661 686/1219/686 1096/1306/1096
f 1092/1302/1092 1008/1203/1008 1007/1202/1007
f 1071/1277/1071 1064/1270/1064 1103/1316/1103
f 1021/1222/1021 302/1224/302 1006/1199/1006
f 1165/1381/1165 1164/1380/1164 1070/1276/1070
f 1073/1280/1073 1030/1235/1030 1060/1266/1060
f 1036/1241/1036 1018/1217/1018 1037/1242/1037
f 1099/1310/1099 1102/1313/1102 1056/1262/1056
f 1021/1222/1021 256/1201/256 1119/1334/1119
f 1166/1382/1166 1167/1383/1167 1168/1384/1168
f 1079/1286/1079 1078/1285/1078 1164/1380/1164
f 1079/1286/1079 1164/1380/1164 1087/1297/1087
f 1069/1275/1069 1018/1217/1018 1036/1241/1036
f 1169/1385/1169 1101/1312/1101 1039/1244/1039
f 330/1223/330 1170/1386/1170 274/1387/274
f 1170/1386/1170 330/1223/330 1171/1388/1171
f 1172/1389/1172 1046/1251/1046 1173/1390/1173
f 1174/1391/1174 1175/1392/1175 1176/1393/1176
f 1177/1394/1177 1061/1267/1061 1178/1395/1178
f 1178/1395/1178 1179/1396/1179 1180/1397/1180
f 1101/1312/1101 1169/1385/1169 1181/1398/1181
f 1173/1390/1173 1182/1399/1182 1183/1400/1183
f 1161/1377/1161 1090/1300/1090 1133/1348/1133
f 1049/1254/1049 1037/1242/1037 1028/1232/1028
f 1181/1398/1181 1184/1401/1184 1185/1402/1185
f 1010/1206/1010 1096/1306/1096 1023/1226/1023
f 1115/1328/1115 1086/1294/1086 1085/1293/1085
f 1184/1401/1184 1181/1398/1181 1169/1385/1169
f 1023/1226/1023 256/1201/256 1010/1206/1010
f 1020/1221/1020 1048/1253/1048 1054/1260/1054
f 1049/1254/1049 1028/1232/1028 1109/1322/1109
f 211/1200/211 1006/1199/1006 302/1224/302
f 1071/1277/1071 679/1315/679 681/1278/681
f 1015/1214/1015 596/1213/596 586/1255/586
f 1171/1388/1171 1181/1398/1181 1170/1386/1170
f 1044/1249/1044 1092/1302/1092 1007/1202/1007
f 1186/1403/1186 1167/1383/1167 1187/1404/1187
f 1169/1385/1169 1039/1244/1039 1184/1401/1184
f 1059/1265/1059 1066/1272/1066 1029/1233/1029
f 1066/1272/1066 1008/1203/1008 1109/1322/1109
f 1038/1243/1038 576/1331/576 1013/1210/1013
f 1109/1322/1109 1084/1292/1084 1049/1254/1049
f 1098/1309/1098 1020/1221/1020 1054/1260/1054
f 1188/1405/1188 1189/1406/1189 1190/1407/1190
f 1088/1298/1088 1102/1313/1102 1073/1280/1073
f 1111/1324/1111 1176/1393/1176 1104/1317/1104
f 1184/1401/1184 1094/1304/1094 1191/1408/1191
f 1094/1304/1094 1184/1401/1184 1039/1244/1039
f 662/1205/662 1096/1306/1096 1010/1206/1010
f 1104/1317/1104 1192/1409/1192 1085/1293/1085
f 1190/1407/1190 1079/1286/1079 1188/1405/1188
f 1093/1303/1093 1191/1408/1191 1094/1304/1094
f 1193/1410/1193 1194/1411/1194 1047/1252/1047
f 1064/1270/1064 1014/1212/1014 1103/1316/1103
f 1195/1412/1195 1196/1413/1196 1080/1287/1080
f 1181/1398/1181 1171/1388/1171 1101/1312/1101
f 1197/1414/1197 1005/1198/1005 1004/1197/1004
f 1093/1303/1093 1095/1305/1095 1198/1415/1198
f 1197/1414/1197 1004/1197/1004 1179/1396/1179
f 1198/1415/1198 1095/1305/1095 1199/1416/1199
f 1199/1416/1199 1197/1414/1197 1179/1396/1179
f 1180/1397/1180 1177/1394/1177 1178/1395/1178
f 1200/1417/1200 1196/1413/1196 1201/1418/1201
f 1100/1311/1100 1115/1328/1115 1202/1419/1202
f 1045/1250/1045 1047/1252/1047 1203/1420/1203
f 1025/1229/1025 1007/1202/1007 1204/1421/1204
f 1205/1422/1205 1198/1415/1198 1199/1416/1199
f 1206/1423/1206 1163/1379/1163 1052/1258/1052
f 1186/1403/1186 1207/1424/1207 1208/1425/1208
f 1205/1422/1205 1179/1396/1179 1209/1426/1209
f 1210/1427/1210 1211/1428/1211 1166/1382/1166
f 1204/1421/1204 1177/1394/1177 1180/1397/1180
f 1091/1301/1091 1212/1429/1212 1183/1400/1183
f 255/1234/255 1010/1206/1010 256/1201/256
f 1213/1430/1213 1205/1422/1205 1209/1426/1209
f 1214/1431/1214 1196/1413/1196 1200/1417/1200
f 330/1223/330 1101/1312/1101 1171/1388/1171
f 1215/1432/1215 1216/1433/1216 1217/1434/1217
f 1203/1420/1203 1194/1411/1194 1211/1428/1211
f 1209/1426/1209 1218/1435/1218 1213/1430/1213
f 1042/1247/1042 1061/1267/1061 1177/1394/1177
f 1219/1436/1219 1220/1437/1220 1221/1438/1221
f 1218/1435/1218 1163/1379/1163 1213/1430/1213
f 1046/1251/1046 1172/1389/1172 1222/1439/1222
f 1223/1440/1223 1214/1431/1214 1224/1441/1224
f 1225/1442/1225 1136/1351/1136 1226/1443/1226
f 1221/1438/1221 1220/1437/1220 1111/1324/1111
f 1223/1440/1223 1110/1323/1110 1227/1444/1227
f 1226/1443/1226 1224/1441/1224 1225/1442/1225
f 1093/1303/1093 1185/1402/1185 1191/1408/1191
f 1227/1444/1227 1110/1323/1110 1080/1287/1080
f 1079/1286/1079 1190/1407/1190 1080/1287/1080
f 1214/1431/1214 1223/1440/1223 1227/1444/1227
f 1220/1437/1220 1219/1436/1219 1112/1325/1112
f 1226/1443/1226 1219/1436/1219 1228/1445/1228
f 1094/1304/1094 1039/1244/1039 1005/1198/1005
f 1228/1445/1228 1224/1441/1224 1226/1443/1226
f 1190/1407/1190 1195/1412/1195 1080/1287/1080
f 1104/1317/1104 1176/1393/1176 1192/1409/1192
f 1214/1431/1214 1227/1444/1227 1196/1413/1196
f 1221/1438/1221 995/1188/995 1159/1374/1159
f 1196/1413/1196 1227/1444/1227 1080/1287/1080
f 1221/1438/1221 1159/1374/1159 1228/1445/1228
f 1116/1329/1116 1168/1384/1168 1167/1383/1167
f 1212/1429/1212 1091/1301/1091 1090/1300/1090
f 1221/1438/1221 1111/1324/1111 995/1188/995
f 1158/1373/1158 1110/1323/1110 1223/1440/1223
f 1220/1437/1220 1112/1325/1112 1174/1391/1174
f 1007/1202/1007 1011/1208/1011 1204/1421/1204
f 1025/1229/1025 1204/1421/1204 1180/1397/1180
f 1229/1446/1229 1157/1372/1157 1156/1371/1156
f 1211/1428/1211 1230/1447/1230 1166/1382/1166
f 1042/1247/1042 1177/1394/1177 1204/1421/1204
f 1231/1448/1231 1198/1415/1198 1205/1422/1205
f 1219/1436/1219 1226/1443/1226 1112/1325/1112
f 1090/1300/1090 1089/1299/1089 1133/1348/1133
f 1092/1302/1092 1053/1259/1053 1055/1261/1055
f 1222/1439/1222 1212/1429/1212 1161/1377/1161
f 1159/1374/1159 1158/1373/1158 1228/1445/1228
f 1024/1227/1024 1084/1292/1084 1048/1253/1048
f 1167/1383/1167 1232/1449/1232 1116/1329/1116
f 1229/1446/1229 1206/1423/1206 1052/1258/1052
f 1164/1380/1164 1165/1381/1165 1087/1297/1087
f 1192/1409/1192 1233/1450/1233 1234/1451/1234
f 1233/1450/1233 1176/1393/1176 1175/1392/1175
f 1194/1411/1194 1230/1447/1230 1211/1428/1211
f 1225/1442/1225 1140/1355/1140 1136/1351/1136
f 1192/1409/1192 1234/1451/1234 1115/1328/1115
f 1176/1393/1176 1220/1437/1220 1174/1391/1174
f 1174/1391/1174 1112/1325/1112 1114/1327/1114
f 1068/1274/1068 1019/1218/1019 1018/1217/1018
f 1040/1245/1040 1022/1225/1022 1041/1246/1041
f 1048/1253/1048 1109/1322/1109 1055/1261/1055
f 1067/1273/1067 999/1192/999 1085/1293/1085
f 1036/1241/1036 1014/1212/1014 1069/1275/1069
f 1016/1215/1016 1084/1292/1084 1024/1227/1024
f 1155/1370/1155 1083/1291/1083 1070/1276/1070
f 1087/1297/1087 1165/1381/1165 187/1375/187
f 679/1315/679 1071/1277/1071 1103/1316/1103
f 1165/1381/1165 681/1278/681 187/1375/187
f 1109/1322/1109 1008/1203/1008 1055/1261/1055
f 1057/1263/1057 1086/1294/1086 1099/1310/1099
f 1070/1276/1070 1078/1285/1078 1158/1373/1158
f 639/1228/639 685/1288/685 1016/1215/1016
f 1019/1218/1019 1057/1263/1057 1032/1237/1032
f 1201/1418/1201 1140/1355/1140 1200/1417/1200
f 1235/1452/1235 1222/1439/1222 1160/1376/1160
f 1233/1450/1233 1175/1392/1175 1236/1453/1236
f 1237/1454/1237 1238/1455/1238 1234/1451/1234
f 1004/1197/1004 1180/1397/1180 1179/1396/1179
f 1152/1367/1152 1239/1456/1239 1236/1453/1236
f 1239/1456/1239 1152/1367/1152 1182/1399/1182
f 1204/1421/1204 1011/1208/1011 1012/1209/1012
f 1236/1453/1236 1240/1457/1240 1237/1454/1237
f 1188/1405/1188 1087/1297/1087 170/1296/170
f 1115/1328/1115 1234/1451/1234 1202/1419/1202
f 1152/1367/1152 1174/1391/1174 1114/1327/1114
f 1172/1389/1172 1173/1390/1173 1183/1400/1183
f 1004/1197/1004 1025/1229/1025 1180/1397/1180
f 1161/1377/1161 1133/1348/1133 1150/1365/1150
f 1031/1236/1031 1019/1218/1019 1026/1230/1026
f 1195/1412/1195 1201/1418/1201 1196/1413/1196
f 1211/1428/1211 1210/1427/1210 1238/1455/1238
f 1239/1456/1239 1241/1458/1241 1240/1457/1240
f 1240/1457/1240 1241/1458/1241 1237/1454/1237
f 1214/1431/1214 1225/1442/1225 1224/1441/1224
f 1239/1456/1239 1240/1457/1240 1236/1453/1236
f 1241/1458/1241 1239/1456/1239 1182/1399/1182
f 1140/1355/1140 1225/1442/1225 1200/1417/1200
f 1211/1428/1211 1242/1459/1242 1203/1420/1203
f 1223/1440/1223 1224/1441/1224 1228/1445/1228
f 1182/1399/1182 1173/1390/1173 1241/1458/1241
f 1217/1434/1217 1216/1433/1216 1194/1411/1194
f 1094/1304/1094 1197/1414/1197 1199/1416/1199
f 1165/1381/1165 1070/1276/1070 681/1278/681
f 1112/1325/1112 1226/1443/1226 1136/1351/1136
f 1205/1422/1205 1199/1416/1199 1179/1396/1179
f 1218/1435/1218 1063/1269/1063 1163/1379/1163
f 1210/1427/1210 1168/1384/1168 1202/1419/1202
f 1241/1458/1241 1243/1460/1243 1237/1454/1237
f 1091/1301/1091 1183/1400/1183 1182/1399/1182
f 1215/1432/1215 1217/1434/1217 1244/1461/1244
f 1047/1252/1047 1194/1411/1194 1203/1420/1203
f 1241/1458/1241 1173/1390/1173 1045/1250/1045
f 1188/1405/1188 186/1462/186 1189/1406/1189
f 1243/1460/1243 1211/1428/1211 1238/1455/1238
f 1045/1250/1045 1203/1420/1203 1242/1459/1242
f 170/1296/170 186/1462/186 1188/1405/1188
f 1193/1410/1193 1244/1461/1244 1217/1434/1217
f 1176/1393/1176 1111/1324/1111 1220/1437/1220
f 1241/1458/1241 1242/1459/1242 1243/1460/1243
f 1157/1372/1157 1229/1446/1229 1052/1258/1052
f 1242/1459/1242 1211/1428/1211 1243/1460/1243
f 1233/1450/1233 1192/1409/1192 1176/1393/1176
f 1103/1316/1103 1014/1212/1014 635/1314/635
f 1156/1371/1156 1208/1425/1208 1207/1424/1207
f 1237/1454/1237 1243/1460/1243 1238/1455/1238
f 1191/1408/1191 1185/1402/1185 1184/1401/1184
f 1233/1450/1233 1236/1453/1236 1237/1454/1237
f 1172/1389/1172 1183/1400/1183 1212/1429/1212
f 1199/1416/1199 1095/1305/1095 1094/1304/1094
f 1168/1384/1168 1210/1427/1210 1166/1382/1166
f 1042/1247/1042 1204/1421/1204 1012/1209/1012
f 1174/1391/1174 1152/1367/1152 1175/1392/1175
f 1221/1438/1221 1228/1445/1228 1219/1436/1219
f 1045/1250/1045 1242/1459/1242 1241/1458/1241
f 1212/1429/1212 1222/1439/1222 1172/1389/1172
f 1231/1448/1231 1205/1422/1205 1213/1430/1213
f 1238/1455/1238 1210/1427/1210 1202/1419/1202
f 1152/1367/1152 1089/1299/1089 1091/1301/1091
f 1115/1328/1115 1085/1293/1085 1192/1409/1192
f 1090/1300/1090 1161/1377/1161 1212/1429/1212
f 1087/1297/1087 1188/1405/1188 1079/1286/1079
f 1161/1377/1161 1160/1376/1160 1222/1439/1222
f 1173/1390/1173 1046/1251/1046 1045/1250/1045
f 1116/1329/1116 1100/1311/1100 1168/1384/1168
f 1157/1372/1157 1052/1258/1052 1051/1257/1051
f 1234/1451/1234 1233/1450/1233 1237/1454/1237
f 1063/1269/1063 1218/1435/1218 1061/1267/1061
f 1234/1451/1234 1238/1455/1238 1202/1419/1202
f 1167/1383/1167 1166/1382/1166 1187/1404/1187
f 1075/1282/1075 1160/1376/1160 1162/1378/1162
f 1116/1329/1116 1232/1449/1232 1051/1257/1051
f 1232/1449/1232 1167/1383/1167 1186/1403/1186
f 1187/1404/1187 1166/1382/1166 1230/1447/1230
f 1160/1376/1160 1075/1282/1075 1235/1452/1235
f 1178/1395/1178 1218/1435/1218 1209/1426/1209
f 1162/1378/1162 1161/1377/1161 1150/1365/1150
f 1091/1301/1091 1182/1399/1182 1152/1367/1152
f 1236/1453/1236 1175/1392/1175 1152/1367/1152
f 1217/1434/1217 1194/1411/1194 1193/1410/1193
f 1178/1395/1178 1061/1267/1061 1218/1435/1218
f 1245/1463/1245 1186/1403/1186 1230/1447/1230
f 1245/1463/1245 1230/1447/1230 1216/1433/1216
f 1179/1396/1179 1178/1395/1178 1209/1426/1209
f 1100/1311/1100 1202/1419/1202 1168/1384/1168
f 1047/1252/1047 1046/1251/1046 1246/1464/1246
f 1158/1373/1158 1223/1440/1223 1228/1445/1228
f 1232/1449/1232 1208/1425/1208 1156/1371/1156
f 1076/1283/1076 1162/1378/1162 1150/1365/1150
f 1075/1282/1075 1162/1378/1162 1076/1283/1076
f 1193/1410/1193 1047/1252/1047 1246/1464/1246
f 1200/1417/1200 1225/1442/1225 1214/1431/1214
f 1232/1449/1232 1156/1371/1156 1051/1257/1051
f 1094/1304/1094 1005/1198/1005 1197/1414/1197
f 1232/1449/1232 1186/1403/1186 1208/1425/1208
f 1194/1411/1194 1216/1433/1216 1230/1447/1230
f 1230/1447/1230 1186/1403/1186 1187/1404/1187
f 1247/1465/1247 1248/1466/1248 1249/1467/1249
f 1250/1468/1250 1251/1469/1251 1252/1470/1252
f 1253/1471/1253 1254/1472/1254 1255/1473/1255
f 1256/1474/1256 1250/1468/1250 1257/1475/1257
f 1258/1476/1258 1259/1477/1259 1260/1478/1260
f 1259/1477/1259 1249/1467/1249 1261/1479/1261
f 1248/1466/1248 1261/1479/1261 1249/1467/1249
f 1249/1467/1249 1258/1476/1258 1262/1480/1262
f 1262/1480/1262 1263/1481/1263 1247/1465/1247
f 1264/1482/1264 1250/1468/1250 1256/1474/1256
f 1251/1469/1251 1250/1468/1250 1264/1482/1264
f 1257/1475/1257 1250/1468/1250 1260/1478/1260
f 1265/1483/1265 1256/1474/1256 1257/1475/1257
f 1266/1484/1266 1265/1483/1265 1257/1475/1257
f 1266/1484/1266 1267/1485/1267 1265/1483/1265
f 1259/1477/1259 1266/1484/1266 1257/1475/1257
f 1266/1484/1266 1261/1479/1261 1267/1485/1267
f 1249/1467/1249 1259/1477/1259 1258/1476/1258
f 1266/1484/1266 1259/1477/1259 1261/1479/1261
f 1259/1477/1259 1257/1475/1257 1260/1478/1260
f 1255/1473/1255 1254/1472/1254 1268/1486/1268
f 1250/1468/1250 1252/1470/1252 1260/1478/1260
f 1253/1471/1253 1247/1465/1247 1254/1472/1254
f 1249/1467/1249 1262/1480/1262 1247/1465/1247
f 1254/1472/1254 1247/1465/1247 1263/1481/1263
f 1269/1487/1269 1270/1488/1270 1271/1489/1271
f 1272/1490/1272 1273/1491/1273 1274/1492/1274
f 1275/1493/1275 1276/1494/1276 1277/1495/1277
f 1278/1496/1278 1279/1497/1279 1280/1498/1280
f 1281/1499/1281 1282/1500/1282 1283/1501/1283
f 909/1502/909 1284/1503/1284 1285/1504/1285
f 1286/1505/1286 1271/1489/1271 1272/1490/1272
f 1287/1506/1287 1288/1507/1288 1289/1508/1289
f 1290/1509/1290 1291/1510/1291 1292/1511/1292
f 1293/1512/1293 1278/1496/1278 1280/1498/1280
f 1294/1513/1294 1295/1514/1295 1296/1515/1296
f 895/1516/895 937/1517/937 1297/1518/1297
f 1298/1519/1298 1289/1508/1289 1299/1520/1299
f 1300/1521/1300 1301/1522/1301 1302/1523/1302
f 1303/1524/1303 1304/1525/1304 1305/1526/1305
f 1306/1527/1306 1307/1528/1307 1308/1529/1308
f 1309/1530/1309 1310/1531/1310 1311/1532/1311
f 1312/1533/1312 1285/1504/1285 1284/1503/1284
f 1313/1534/1313 1314/1535/1314 1315/1536/1315
f 1316/1537/1316 1317/1538/1317 1301/1522/1301
f 1318/1539/1318 1319/1540/1319 1320/1541/1320
f 1321/1542/1321 1322/1543/1322 1323/1544/1323
f 1324/1545/1324 1325/1546/1325 1326/1547/1326
f 1327/1548/1327 1328/1549/1328 1329/1550/1329
f 1330/1551/1330 1331/1552/1331 1295/1514/1295
f 1332/1553/1332 73/1554/73 71/1555/71
f 1289/1508/1289 1306/1527/1306 1299/1520/1299
f 1333/1556/1333 1300/1521/1300 1334/1557/1334
f 1335/1558/1335 1272/1490/1272 1274/1492/1274
f 1316/1537/1316 1336/1559/1336 1337/1560/1337
f 1338/1561/1338 1339/1562/1339 1340/1563/1340
f 1285/1504/1285 1341/1564/1341 934/1565/934
f 1272/1490/1272 1271/1489/1271 1273/1491/1273
f 1342/1566/1342 1343/1567/1343 1344/1568/1344
f 1324/1545/1324 1302/1523/1302 1317/1538/1317
f 1345/1569/1345 1346/1570/1346 1347/1571/1347
f 1348/1572/1348 1349/1573/1349 1350/1574/1350
f 1351/1575/1351 194/1576/194 1321/1542/1321
f 1322/1543/1322 1321/1542/1321 200/1577/200
f 1352/1578/1352 1353/1579/1353 1354/1580/1354
f 1355/1581/1355 1356/1582/1356 1357/1583/1357
f 1358/1584/1358 1359/1585/1359 1360/1586/1360
f 934/1565/934 910/1587/910 1285/1504/1285
f 1361/1588/1361 1362/1589/1362 1358/1584/1358
f 1288/1507/1288 1363/1590/1363 1364/1591/1364
f 1365/1592/1365 919/1593/919 1366/1594/1366
f 1367/1595/1367 1368/1596/1368 1369/1597/1369
f 1370/1598/1370 1371/1599/1371 1372/1600/1372
f 1373/1601/1373 1374/1602/1374 1375/1603/1375
f 1376/1604/1376 1377/1605/1377 1378/1606/1378
f 1379/1607/1379 927/1608/927 934/1565/934
f 1380/1609/1380 1365/1592/1365 1381/1610/1381
f 1275/1493/1275 1382/1611/1382 1383/1612/1383
f 927/1608/927 1379/1607/1379 199/1613/199
f 1384/1614/1384 1385/1615/1385 1386/1616/1386
f 1387/1617/1387 1388/1618/1388 1389/1619/1389
f 1390/1620/1390 1391/1621/1391 1333/1556/1333
f 1312/1533/1312 1380/1609/1380 1392/1622/1392
f 1393/1623/1393 67/1624/67 73/1554/73
f 1379/1607/1379 1341/1564/1341 1322/1543/1322
f 1293/1512/1293 1394/1625/1394 1395/1626/1395
f 1396/1627/1396 1397/1628/1397 1398/1629/1398
f 1284/1503/1284 1365/1592/1365 1380/1609/1380
f 1399/1630/1399 1298/1519/1298 1400/1631/1400
f 1401/1632/1401 1332/1553/1332 1402/1633/1402
f 1277/1495/1277 1276/1494/1276 1403/1634/1403
f 1404/1635/1404 1405/1636/1405 1291/1510/1291
f 1276/1494/1276 1361/1588/1361 1406/1637/1406
f 1297/1518/1297 935/1638/935 895/1516/895
f 1407/1639/1407 1408/1640/1408 1323/1544/1323
f 1409/1641/1409 1410/1642/1410 1411/1643/1411
f 1412/1644/1412 1272/1490/1272 1335/1558/1335
f 1413/1645/1413 1278/1496/1278 1293/1512/1293
f 1414/1646/1414 1415/1647/1415 1416/1648/1416
f 194/1576/194 200/1577/200 1321/1542/1321
f 1270/1488/1270 1417/1649/1417 1271/1489/1271
f 1418/1650/1418 1367/1595/1367 1277/1495/1277
f 1419/1651/1419 1377/1605/1377 1331/1552/1331
f 1420/1652/1420 1337/1560/1337 1421/1653/1421
f 200/1577/200 1379/1607/1379 1322/1543/1322
f 1322/1543/1322 1341/1564/1341 1323/1544/1323
f 1422/1654/1422 1423/1655/1423 1387/1617/1387
f 1407/1639/1407 1424/1656/1424 1425/1657/1425
f 1426/1658/1426 1372/1600/1372 1427/1659/1427
f 1428/1660/1428 1429/1661/1429 1347/1571/1347
f 1430/1662/1430 1431/1663/1431 1385/1615/1385
f 1338/1561/1338 1432/1664/1432 1418/1650/1418
f 1433/1665/1433 1434/1666/1434 1435/1667/1435
f 1436/1668/1436 1408/1640/1408 1376/1604/1376
f 1437/1669/1437 1438/1670/1438 1439/1671/1439
f 1440/1672/1440 1297/1518/1297 937/1517/937
f 1441/1673/1441 1442/1674/1442 1443/1675/1443
f 1444/1676/1444 1445/1677/1445 1362/1589/1362
f 1446/1678/1446 1447/1679/1447 1448/1680/1448
f 929/1681/929 1314/1535/1314 1449/1682/1449
f 1408/1640/1408 1436/1668/1436 1450/1683/1450
f 1451/1684/1451 1437/1669/1437 1425/1657/1425
f 1286/1505/1286 1452/1685/1452 1271/1489/1271
f 1453/1686/1453 1454/1687/1454 1455/1688/1455
f 1456/1689/1456 1353/1579/1353 1405/1636/1405
f 1373/1601/1373 1457/1690/1457 1458/1691/1458
f 1416/1648/1416 1415/1647/1415 1459/1692/1459
f 1460/1693/1460 1461/1694/1461 1462/1695/1462
f 1463/1696/1463 1434/1666/1434 1433/1665/1433
f 1364/1591/1364 1363/1590/1363 1452/1685/1452
f 1464/1697/1464 1463/1696/1463 1433/1665/1433
f 1446/1678/1446 1465/1698/1465 1466/1699/1466
f 1467/1700/1467 1468/1701/1468 1469/1702/1469
f 1470/1703/1470 1471/1704/1471 1472/1705/1472
f 1473/1706/1473 1440/1672/1440 938/1707/938
f 194/1576/194 1351/1575/1351 193/1708/193
f 1369/1597/1369 1368/1596/1368 1474/1709/1474
f 1475/1710/1475 1333/1556/1333 1476/1711/1476
f 1477/1712/1477 1281/1499/1281 1478/1713/1478
f 1479/1714/1479 1480/1715/1480 1481/1716/1481
f 1323/1544/1323 1341/1564/1341 1424/1656/1424
f 1407/1639/1407 1425/1657/1425 1439/1671/1439
f 938/1707/938 944/1717/944 1473/1706/1473
f 1473/1706/1473 1482/1718/1482 1440/1672/1440
f 1416/1648/1416 1473/1706/1473 944/1717/944
f 1482/1718/1482 1473/1706/1473 1416/1648/1416
f 1483/1719/1483 1484/1720/1484 1485/1721/1485
f 1325/1546/1325 1324/1545/1324 1317/1538/1317
f 1486/1722/1486 1487/1723/1487 1399/1630/1399
f 1369/1597/1369 1382/1611/1382 1275/1493/1275
f 1482/1718/1482 1488/1724/1488 1440/1672/1440
f 1416/1648/1416 1459/1692/1459 1482/1718/1482
f 1336/1559/1336 1413/1645/1413 1337/1560/1337
f 1489/1725/1489 1490/1726/1490 1491/1727/1491
f 1482/1718/1482 1492/1728/1492 1488/1724/1488
f 1492/1728/1492 1482/1718/1482 1459/1692/1459
f 1271/1489/1271 1493/1729/1493 1269/1487/1269
f 1413/1645/1413 1395/1626/1395 1421/1653/1421
f 1494/1730/1494 1488/1724/1488 1492/1728/1492
f 1495/1731/1495 1290/1509/1290 1308/1529/1308
f 1496/1732/1496 1497/1733/1497 1498/1734/1498
f 1499/1735/1499 1500/1736/1500 1326/1547/1326
f 1335/1558/1335 1501/1737/1501 1412/1644/1412
f 1502/1738/1502 1503/1739/1503 1504/1740/1504
f 1505/1741/1505 1501/1737/1501 1455/1688/1455
f 1506/1742/1506 1504/1740/1504 1507/1743/1507
f 1478/1713/1478 1508/1744/1508 1477/1712/1477
f 1288/1507/1288 1306/1527/1306 1289/1508/1289
f 1383/1612/1383 1509/1745/1509 1488/1724/1488
f 1318/1539/1318 1321/1542/1321 1510/1746/1510
f 1486/1722/1486 1400/1631/1400 1352/1578/1352
f 1463/1696/1463 1511/1747/1511 1512/1748/1512
f 1366/1594/1366 1381/1610/1381 1365/1592/1365
f 1282/1500/1282 1281/1499/1281 1367/1595/1367
f 1327/1548/1327 1513/1749/1513 1514/1750/1514
f 1464/1697/1464 1270/1488/1270 1287/1506/1287
f 1515/1751/1515 1516/1752/1516 1517/1753/1517
f 1348/1572/1348 1402/1633/1402 74/1754/74
f 937/1517/937 938/1707/938 1440/1672/1440
f 1334/1557/1334 1476/1711/1476 1333/1556/1333
f 1517/1753/1517 1518/1755/1518 1519/1756/1519
f 1337/1560/1337 1413/1645/1413 1421/1653/1421
f 67/1624/67 1411/1643/1411 393/1757/393
f 1520/1758/1520 1353/1579/1353 1352/1578/1352
f 1273/1491/1273 1271/1489/1271 1521/1759/1521
f 1522/1760/1522 1523/1761/1523 1298/1519/1298
f 1352/1578/1352 1400/1631/1400 1520/1758/1520
f 1507/1743/1507 1390/1620/1390 1506/1742/1506
f 1491/1727/1491 1454/1687/1454 1489/1725/1489
f 1301/1522/1301 1368/1596/1368 1316/1537/1316
f 1505/1741/1505 1412/1644/1412 1501/1737/1501
f 1524/1762/1524 1369/1597/1369 1474/1709/1474
f 1437/1669/1437 1451/1684/1451 1312/1533/1312
f 1335/1558/1335 1525/1763/1525 1526/1764/1526
f 1282/1500/1282 1367/1595/1367 1404/1635/1404
f 1527/1765/1527 1476/1711/1476 1528/1766/1528
f 1335/1558/1335 1274/1492/1274 1525/1763/1525
f 1450/1683/1450 1529/1767/1529 1530/1768/1530
f 1301/1522/1301 1300/1521/1300 1531/1769/1531
f 1391/1621/1391 1531/1769/1531 1300/1521/1300
f 1280/1498/1280 1326/1547/1326 1394/1625/1394
f 1378/1606/1378 1396/1627/1396 1398/1629/1398
f 1319/1540/1319 1530/1768/1530 1480/1715/1480
f 1480/1715/1480 1479/1714/1479 1320/1541/1320
f 1519/1756/1519 1532/1770/1532 1533/1771/1533
f 1491/1727/1491 1307/1528/1307 1454/1687/1454
f 1307/1528/1307 1505/1741/1505 1454/1687/1454
f 1478/1713/1478 1281/1499/1281 1283/1501/1283
f 1419/1651/1419 1401/1632/1401 1396/1627/1396
f 1386/1616/1386 1534/1772/1534 1370/1598/1370
f 1297/1518/1297 1535/1773/1535 935/1638/935
f 1367/1595/1367 1281/1499/1281 1336/1559/1336
f 73/1554/73 1332/1553/1332 1393/1623/1393
f 1394/1625/1394 1326/1547/1326 1325/1546/1325
f 74/1754/74 1536/1774/1536 1348/1572/1348
f 1479/1714/1479 1357/1583/1357 1537/1775/1537
f 1529/1767/1529 1450/1683/1450 1436/1668/1436
f 1324/1545/1324 1296/1515/1296 1538/1776/1538
f 1539/1777/1539 1296/1515/1296 1326/1547/1326
f 1540/1778/1540 1541/1779/1541 1542/1780/1542
f 1486/1722/1486 1352/1578/1352 1354/1580/1354
f 1477/1712/1477 1508/1744/1508 1458/1691/1458
f 1300/1521/1300 1333/1556/1333 1391/1621/1391
f 1397/1628/1397 1396/1627/1396 1401/1632/1401
f 1334/1557/1334 1543/1781/1543 1476/1711/1476
f 1398/1629/1398 1544/1782/1544 1529/1767/1529
f 1368/1596/1368 1367/1595/1367 1316/1537/1316
f 1329/1550/1329 1434/1666/1434 1545/1783/1545
f 1546/1784/1546 1483/1719/1483 1485/1721/1485
f 1531/1769/1531 1368/1596/1368 1301/1522/1301
f 1438/1670/1438 1437/1669/1437 1392/1622/1392
f 1304/1525/1304 1547/1785/1547 1548/1786/1548
f 1539/1777/1539 1549/1787/1549 1410/1642/1410
f 1393/1623/1393 1409/1641/1409 1411/1643/1411
f 1550/1788/1550 1468/1701/1468 1551/1789/1551
f 1515/1751/1515 1384/1614/1384 1426/1658/1426
f 1378/1606/1378 1436/1668/1436 1376/1604/1376
f 1552/1790/1552 1431/1663/1431 1553/1791/1553
f 1441/1673/1441 1554/1792/1554 1555/1793/1555
f 1451/1684/1451 1285/1504/1285 1312/1533/1312
f 1390/1620/1390 1556/1794/1556 1506/1742/1506
f 1557/1795/1557 1558/1796/1558 1559/1797/1559
f 1308/1529/1308 1491/1727/1491 1560/1798/1560
f 1561/1799/1561 1562/1800/1562 1563/1801/1563
f 1421/1653/1421 1395/1626/1395 1394/1625/1394
f 1332/1553/1332 1564/1802/1564 1393/1623/1393
f 1294/1513/1294 1330/1551/1330 1295/1514/1295
f 1531/1769/1531 1391/1621/1391 1507/1743/1507
f 1475/1710/1475 1565/1803/1565 1556/1794/1556
f 1533/1771/1533 1385/1615/1385 1384/1614/1384
f 1306/1527/1306 1288/1507/1288 1364/1591/1364
f 1566/1804/1566 1567/1805/1567 1535/1773/1535
f 1568/1806/1568 1569/1807/1569 1570/1808/1570
f 1571/1809/1571 1572/1810/1572 1573/1811/1573
f 1273/1491/1273 1525/1763/1525 1274/1492/1274
f 1383/1612/1383 1494/1730/1494 1275/1493/1275
f 1446/1678/1446 1540/1778/1540 1574/1812/1574
f 1545/1783/1545 1575/1813/1575 1576/1814/1576
f 1477/1712/1477 1413/1645/1413 1281/1499/1281
f 1430/1662/1430 1385/1615/1385 1533/1771/1533
f 1342/1566/1342 1375/1603/1375 1374/1602/1374
f 1558/1796/1558 1557/1795/1557 1577/1815/1577
f 1570/1808/1570 1578/1816/1578 1568/1806/1568
f 1579/1817/1579 1371/1599/1371 1370/1598/1370
f 1464/1697/1464 1433/1665/1433 1270/1488/1270
f 1427/1659/1427 1346/1570/1346 1516/1752/1516
f 1521/1759/1521 1417/1649/1417 1571/1809/1571
f 1342/1566/1342 1279/1497/1279 1375/1603/1375
f 1337/1560/1337 1420/1652/1420 1316/1537/1316
f 1493/1729/1493 1452/1685/1452 1363/1590/1363
f 1341/1564/1341 1285/1504/1285 1424/1656/1424
f 1499/1735/1499 1326/1547/1326 1344/1568/1344
f 1345/1569/1345 1516/1752/1516 1346/1570/1346
f 1580/1818/1580 1387/1617/1387 1389/1619/1389
f 1581/1819/1581 1582/1820/1582 1303/1524/1303
f 1487/1723/1487 1522/1760/1522 1399/1630/1399
f 1457/1690/1457 1373/1601/1373 1375/1603/1375
f 1418/1650/1418 1403/1634/1403 1360/1586/1360
f 1329/1550/1329 1576/1814/1576 1327/1548/1327
f 1278/1496/1278 1458/1691/1458 1457/1690/1457
f 1356/1582/1356 1537/1775/1537 1357/1583/1357
f 1349/1573/1349 1348/1572/1348 1536/1774/1536
f 1396/1627/1396 1378/1606/1378 1377/1605/1377
f 1583/1821/1583 1430/1662/1430 1532/1770/1532
f 1584/1822/1584 1585/1823/1585 1435/1667/1435
f 1351/1575/1351 1320/1541/1320 1586/1824/1586
f 1508/1744/1508 1478/1713/1478 1560/1798/1560
f 1402/1633/1402 71/1555/71 74/1754/74
f 1587/1825/1587 1571/1809/1571 1417/1649/1417
f 71/1555/71 1402/1633/1402 1332/1553/1332
f 1367/1595/1367 1432/1664/1432 1588/1826/1588
f 1402/1633/1402 1397/1628/1397 1401/1632/1401
f 1325/1546/1325 1421/1653/1421 1394/1625/1394
f 1387/1617/1387 1423/1655/1423 1589/1827/1589
f 1561/1799/1561 1590/1828/1590 1562/1800/1562
f 1523/1761/1523 1287/1506/1287 1289/1508/1289
f 1400/1631/1400 1298/1519/1298 1292/1511/1292
f 1520/1758/1520 1400/1631/1400 1292/1511/1292
f 1402/1633/1402 1348/1572/1348 1397/1628/1397
f 1591/1829/1591 1304/1525/1304 1496/1732/1496
f 1592/1830/1592 1593/1831/1593 1594/1832/1594
f 1461/1694/1461 1595/1833/1595 1591/1829/1591
f 1366/1594/1366 935/1638/935 1535/1773/1535
f 1269/1487/1269 1287/1506/1287 1270/1488/1270
f 1364/1591/1364 1307/1528/1307 1306/1527/1306
f 1596/1834/1596 1310/1531/1310 1309/1530/1309
f 1588/1826/1588 1590/1828/1590 1367/1595/1367
f 1278/1496/1278 1413/1645/1413 1477/1712/1477
f 1535/1773/1535 1297/1518/1297 1566/1804/1566
f 1597/1835/1597 1598/1836/1598 1445/1677/1445
f 1297/1518/1297 1440/1672/1440 1566/1804/1566
f 201/1837/201 1586/1824/1586 1537/1775/1537
f 1491/1727/1491 1374/1602/1374 1599/1838/1599
f 1460/1693/1460 1595/1833/1595 1461/1694/1461
f 931/1839/931 1366/1594/1366 919/1593/919
f 1592/1830/1592 1483/1719/1483 1581/1819/1581
f 1578/1816/1578 1600/1840/1600 1568/1806/1568
f 1460/1693/1460 1572/1810/1572 1547/1785/1547
f 1586/1824/1586 193/1708/193 1351/1575/1351
f 1601/1841/1601 1547/1785/1547 1572/1810/1572
f 1292/1511/1292 1298/1519/1298 1299/1520/1299
f 1602/1842/1602 1567/1805/1567 1509/1745/1509
f 1571/1809/1571 1587/1825/1587 1601/1841/1601
f 1435/1667/1435 1587/1825/1587 1417/1649/1417
f 1593/1831/1593 1603/1843/1603 1557/1795/1557
f 1567/1805/1567 1566/1804/1566 1509/1745/1509
f 1424/1656/1424 1451/1684/1451 1425/1657/1425
f 1289/1508/1289 1298/1519/1298 1523/1761/1523
f 1509/1745/1509 1440/1672/1440 1488/1724/1488
f 1320/1541/1320 1351/1575/1351 1318/1539/1318
f 1569/1807/1569 1575/1813/1575 1604/1844/1604
f 1508/1744/1508 1599/1838/1599 1458/1691/1458
f 1355/1581/1355 1349/1573/1349 1536/1774/1536
f 1452/1685/1452 1412/1644/1412 1364/1591/1364
f 1559/1797/1559 1594/1832/1594 1593/1831/1593
f 1480/1715/1480 1544/1782/1544 1481/1716/1481
f 1460/1693/1460 1547/1785/1547 1595/1833/1595
f 1580/1818/1580 1578/1816/1578 1422/1654/1422
f 1547/1785/1547 1304/1525/1304 1595/1833/1595
f 1593/1831/1593 1329/1550/1329 1603/1843/1603
f 1298/1519/1298 1399/1630/1399 1522/1760/1522
f 1510/1746/1510 1319/1540/1319 1318/1539/1318
f 1412/1644/1412 1307/1528/1307 1364/1591/1364
f 1288/1507/1288 1287/1506/1287 1493/1729/1493
f 1591/1829/1591 1498/1734/1498 1605/1845/1605
f 1398/1629/1398 1397/1628/1397 1350/1574/1350
f 1495/1731/1495 1291/1510/1291 1290/1509/1290
f 1304/1525/1304 1548/1786/1548 1305/1526/1305
f 1290/1509/1290 1306/1527/1306 1308/1529/1308
f 1374/1602/1374 1491/1727/1491 1490/1726/1490
f 1279/1497/1279 1457/1690/1457 1375/1603/1375
f 1312/1533/1312 1392/1622/1392 1437/1669/1437
f 1495/1731/1495 1308/1529/1308 1283/1501/1283
f 1404/1635/1404 1367/1595/1367 1561/1799/1561
f 1606/1846/1606 1381/1610/1381 1567/1805/1567
f 1346/1570/1346 1427/1659/1427 1607/1847/1607
f 1590/1828/1590 1561/1799/1561 1367/1595/1367
f 1458/1691/1458 1278/1496/1278 1477/1712/1477
f 1543/1781/1543 1295/1514/1295 1331/1552/1331
f 1380/1609/1380 1312/1533/1312 1284/1503/1284
f 1387/1617/1387 1580/1818/1580 1422/1654/1422
f 1608/1848/1608 1609/1849/1609 1605/1845/1605
f 1537/1775/1537 1586/1824/1586 1479/1714/1479
f 1269/1487/1269 1493/1729/1493 1287/1506/1287
f 1610/1850/1610 1600/1840/1600 1611/1851/1611
f 1589/1827/1589 1388/1618/1388 1387/1617/1387
f 1604/1844/1604 1570/1808/1570 1569/1807/1569
f 1497/1733/1497 1496/1732/1496 1304/1525/1304
f 1585/1823/1585 1587/1825/1587 1435/1667/1435
f 1577/1815/1577 1534/1772/1534 1612/1852/1612
f 1613/1853/1613 1422/1654/1422 1614/1854/1614
f 1411/1643/1411 67/1624/67 1393/1623/1393
f 1305/1526/1305 1548/1786/1548 1587/1825/1587
f 1411/1643/1411 1410/1642/1410 1615/1855/1615
f 1434/1666/1434 1463/1696/1463 1512/1748/1512
f 1606/1846/1606 1567/1805/1567 1503/1739/1503
f 919/1593/919 1365/1592/1365 1284/1503/1284
f 1330/1551/1330 1564/1802/1564 1419/1651/1419
f 1385/1615/1385 1431/1663/1431 1485/1721/1485
f 1607/1847/1607 1427/1659/1427 1372/1600/1372
f 1510/1746/1510 1530/1768/1530 1319/1540/1319
f 1531/1769/1531 1474/1709/1474 1368/1596/1368
f 1512/1748/1512 1604/1844/1604 1434/1666/1434
f 1279/1497/1279 1342/1566/1342 1344/1568/1344
f 1516/1752/1516 1345/1569/1345 1616/1856/1616
f 1535/1773/1535 1567/1805/1567 1381/1610/1381
f 1539/1777/1539 1410/1642/1410 1294/1513/1294
f 1609/1849/1609 1608/1848/1608 1583/1821/1583
f 1381/1610/1381 1366/1594/1366 1535/1773/1535
f 1434/1666/1434 1584/1822/1584 1435/1667/1435
f 1617/1857/1617 1305/1526/1305 1585/1823/1585
f 1305/1526/1305 1587/1825/1587 1585/1823/1585
f 1332/1553/1332 1401/1632/1401 1564/1802/1564
f 1515/1751/1515 1427/1659/1427 1516/1752/1516
f 1430/1662/1430 1583/1821/1583 1608/1848/1608
f 1546/1784/1546 1497/1733/1497 1582/1820/1582
f 1283/1501/1283 1560/1798/1560 1478/1713/1478
f 1608/1848/1608 1497/1733/1497 1553/1791/1553
f 1409/1641/1409 1564/1802/1564 1330/1551/1330
f 1579/1817/1579 1534/1772/1534 1577/1815/1577
f 1521/1759/1521 1618/1858/1618 1273/1491/1273
f 1617/1857/1617 1584/1822/1584 1329/1550/1329
f 1323/1544/1323 1408/1640/1408 1321/1542/1321
f 1584/1822/1584 1434/1666/1434 1329/1550/1329
f 1617/1857/1617 1303/1524/1303 1305/1526/1305
f 1502/1738/1502 1438/1670/1438 1392/1622/1392
f 1502/1738/1502 1392/1622/1392 1606/1846/1606
f 1619/1859/1619 1620/1860/1620 1621/1861/1621
f 1439/1671/1439 1425/1657/1425 1437/1669/1437
f 1272/1490/1272 1412/1644/1412 1286/1505/1286
f 1516/1752/1516 1518/1755/1518 1517/1753/1517
f 1515/1751/1515 1426/1658/1426 1427/1659/1427
f 1455/1688/1455 1454/1687/1454 1505/1741/1505
f 1457/1690/1457 1279/1497/1279 1278/1496/1278
f 1546/1784/1546 1582/1820/1582 1581/1819/1581
f 1594/1832/1594 1622/1862/1622 1483/1719/1483
f 1565/1803/1565 1376/1604/1376 1439/1671/1439
f 1600/1840/1600 1580/1818/1580 1467/1700/1467
f 1544/1782/1544 1480/1715/1480 1530/1768/1530
f 193/1708/193 1586/1824/1586 201/1837/201
f 1546/1784/1546 1553/1791/1553 1497/1733/1497
f 1431/1663/1431 1608/1848/1608 1553/1791/1553
f 1527/1765/1527 1376/1604/1376 1565/1803/1565
f 1623/1863/1623 1303/1524/1303 1617/1857/1617
f 1503/1739/1503 1502/1738/1502 1606/1846/1606
f 1408/1640/1408 1510/1746/1510 1321/1542/1321
f 1513/1749/1513 1611/1851/1611 1624/1864/1624
f 1366/1594/1366 931/1839/931 935/1638/935
f 1581/1819/1581 1483/1719/1483 1546/1784/1546
f 1575/1813/1575 1545/1783/1545 1604/1844/1604
f 1479/1714/1479 1586/1824/1586 1320/1541/1320
f 1284/1503/1284 909/1502/909 919/1593/919
f 1625/1865/1625 1389/1619/1389 1388/1618/1388
f 1281/1499/1281 1413/1645/1413 1336/1559/1336
f 1491/1727/1491 1308/1529/1308 1307/1528/1307
f 1283/1501/1283 1308/1529/1308 1560/1798/1560
f 1533/1771/1533 1517/1753/1517 1519/1756/1519
f 1309/1530/1309 1574/1812/1574 1626/1866/1626
f 1588/1826/1588 1619/1859/1619 1590/1828/1590
f 1562/1800/1562 1590/1828/1590 1619/1859/1619
f 1282/1500/1282 1495/1731/1495 1283/1501/1283
f 1588/1826/1588 1432/1664/1432 1627/1867/1627
f 1628/1868/1628 1596/1834/1596 1629/1869/1629
f 1430/1662/1430 1533/1771/1533 1532/1770/1532
f 1379/1607/1379 200/1577/200 199/1613/199
f 1524/1762/1524 1602/1842/1602 1382/1611/1382
f 1438/1670/1438 1556/1794/1556 1439/1671/1439
f 1506/1742/1506 1556/1794/1556 1438/1670/1438
f 1475/1710/1475 1476/1711/1476 1527/1765/1527
f 1370/1598/1370 1426/1658/1426 1386/1616/1386
f 1521/1759/1521 1571/1809/1571 1573/1811/1573
f 1599/1838/1599 1508/1744/1508 1560/1798/1560
f 1474/1709/1474 1504/1740/1504 1524/1762/1524
f 1369/1597/1369 1524/1762/1524 1382/1611/1382
f 1476/1711/1476 1543/1781/1543 1528/1766/1528
f 1504/1740/1504 1506/1742/1506 1502/1738/1502
f 1432/1664/1432 1367/1595/1367 1418/1650/1418
f 1530/1768/1530 1529/1767/1529 1544/1782/1544
f 1559/1797/1559 1622/1862/1622 1594/1832/1594
f 1618/1858/1618 1525/1763/1525 1273/1491/1273
f 1291/1510/1291 1353/1579/1353 1520/1758/1520
f 1581/1819/1581 1303/1524/1303 1623/1863/1623
f 1408/1640/1408 1439/1671/1439 1376/1604/1376
f 1349/1573/1349 1355/1581/1355 1357/1583/1357
f 1592/1830/1592 1623/1863/1623 1329/1550/1329
f 1426/1658/1426 1370/1598/1370 1372/1600/1372
f 1485/1721/1485 1630/1870/1630 1385/1615/1385
f 1363/1590/1363 1288/1507/1288 1493/1729/1493
f 1545/1783/1545 1576/1814/1576 1329/1550/1329
f 1494/1730/1494 1383/1612/1383 1488/1724/1488
f 1434/1666/1434 1604/1844/1604 1545/1783/1545
f 1304/1525/1304 1303/1524/1303 1582/1820/1582
f 1270/1488/1270 1433/1665/1433 1435/1667/1435
f 1551/1789/1551 1389/1619/1389 1625/1865/1625
f 1556/1794/1556 1565/1803/1565 1439/1671/1439
f 910/1587/910 909/1502/909 1285/1504/1285
f 1291/1510/1291 1520/1758/1520 1292/1511/1292
f 1351/1575/1351 1321/1542/1321 1318/1539/1318
f 1546/1784/1546 1552/1790/1552 1553/1791/1553
f 1296/1515/1296 1324/1545/1324 1326/1547/1326
f 1505/1741/1505 1307/1528/1307 1412/1644/1412
f 1320/1541/1320 1319/1540/1319 1480/1715/1480
f 1486/1722/1486 1354/1580/1354 1487/1723/1487
f 1546/1784/1546 1485/1721/1485 1552/1790/1552
f 1333/1556/1333 1475/1710/1475 1390/1620/1390
f 934/1565/934 1341/1564/1341 1379/1607/1379
f 1593/1831/1593 1592/1830/1592 1329/1550/1329
f 1528/1766/1528 1376/1604/1376 1527/1765/1527
f 1392/1622/1392 1380/1609/1380 1606/1846/1606
f 1410/1642/1410 1409/1641/1409 1294/1513/1294
f 1466/1699/1466 1598/1836/1598 1313/1534/1313
f 1389/1619/1389 1551/1789/1551 1467/1700/1467
f 1390/1620/1390 1507/1743/1507 1391/1621/1391
f 1290/1509/1290 1292/1511/1292 1299/1520/1299
f 1485/1721/1485 1431/1663/1431 1552/1790/1552
f 1579/1817/1579 1370/1598/1370 1534/1772/1534
f 1385/1615/1385 1631/1871/1631 1386/1616/1386
f 1630/1870/1630 1631/1871/1631 1385/1615/1385
f 1481/1716/1481 1350/1574/1350 1349/1573/1349
f 1632/1872/1632 1557/1795/1557 1633/1873/1633
f 1371/1599/1371 1579/1817/1579 1634/1874/1634
f 1594/1832/1594 1483/1719/1483 1592/1830/1592
f 1578/1816/1578 1580/1818/1580 1600/1840/1600
f 1576/1814/1576 1513/1749/1513 1327/1548/1327
f 1610/1850/1610 1576/1814/1576 1575/1813/1575
f 1511/1747/1511 1463/1696/1463 1523/1761/1523
f 1635/1875/1635 1604/1844/1604 1512/1748/1512
f 1386/1616/1386 1631/1871/1631 1612/1852/1612
f 1491/1727/1491 1599/1838/1599 1560/1798/1560
f 1499/1735/1499 1343/1567/1343 1636/1876/1636
f 1544/1782/1544 1398/1629/1398 1350/1574/1350
f 1568/1806/1568 1610/1850/1610 1569/1807/1569
f 1635/1875/1635 1512/1748/1512 1511/1747/1511
f 1357/1583/1357 1481/1716/1481 1349/1573/1349
f 1579/1817/1579 1577/1815/1577 1634/1874/1634
f 1618/1858/1618 1521/1759/1521 1573/1811/1573
f 1611/1851/1611 1576/1814/1576 1610/1850/1610
f 1497/1733/1497 1304/1525/1304 1582/1820/1582
f 1484/1720/1484 1630/1870/1630 1485/1721/1485
f 1311/1532/1311 1574/1812/1574 1309/1530/1309
f 1484/1720/1484 1483/1719/1483 1622/1862/1622
f 1612/1852/1612 1558/1796/1558 1577/1815/1577
f 1624/1864/1624 1469/1702/1469 1513/1749/1513
f 1603/1843/1603 1329/1550/1329 1328/1549/1328
f 1317/1538/1317 1420/1652/1420 1325/1546/1325
f 1327/1548/1327 1637/1877/1637 1328/1549/1328
f 1635/1875/1635 1570/1808/1570 1604/1844/1604
f 1511/1747/1511 1523/1761/1523 1522/1760/1522
f 1507/1743/1507 1504/1740/1504 1474/1709/1474
f 1438/1670/1438 1502/1738/1502 1506/1742/1506
f 1635/1875/1635 1511/1747/1511 1638/1878/1638
f 1503/1739/1503 1567/1805/1567 1602/1842/1602
f 1394/1625/1394 1293/1512/1293 1280/1498/1280
f 1577/1815/1577 1632/1872/1632 1634/1874/1634
f 1350/1574/1350 1481/1716/1481 1544/1782/1544
f 1612/1852/1612 1631/1871/1631 1558/1796/1558
f 1622/1862/1622 1631/1871/1631 1630/1870/1630
f 1484/1720/1484 1622/1862/1622 1630/1870/1630
f 1603/1843/1603 1328/1549/1328 1637/1877/1637
f 1639/1879/1639 1448/1680/1448 1447/1679/1447
f 1439/1671/1439 1408/1640/1408 1407/1639/1407
f 1417/1649/1417 1270/1488/1270 1435/1667/1435
f 1557/1795/1557 1603/1843/1603 1633/1873/1633
f 1514/1750/1514 1637/1877/1637 1327/1548/1327
f 1436/1668/1436 1378/1606/1378 1529/1767/1529
f 1513/1749/1513 1469/1702/1469 1514/1750/1514
f 1554/1792/1554 1570/1808/1570 1635/1875/1635
f 1638/1878/1638 1511/1747/1511 1522/1760/1522
f 1554/1792/1554 1635/1875/1635 1638/1878/1638
f 1470/1703/1470 1627/1867/1627 1640/1880/1640
f 1456/1689/1456 1563/1801/1563 1621/1861/1621
f 1577/1815/1577 1557/1795/1557 1632/1872/1632
f 1631/1871/1631 1559/1797/1559 1558/1796/1558
f 1467/1700/1467 1469/1702/1469 1624/1864/1624
f 1381/1610/1381 1606/1846/1606 1380/1609/1380
f 1559/1797/1559 1631/1871/1631 1622/1862/1622
f 1603/1843/1603 1637/1877/1637 1633/1873/1633
f 1543/1781/1543 1334/1557/1334 1538/1776/1538
f 1633/1873/1633 1637/1877/1637 1514/1750/1514
f 1500/1736/1500 1499/1735/1499 1636/1876/1636
f 1510/1746/1510 1408/1640/1408 1450/1683/1450
f 1624/1864/1624 1611/1851/1611 1600/1840/1600
f 1600/1840/1600 1610/1850/1610 1568/1806/1568
f 1570/1808/1570 1554/1792/1554 1614/1854/1614
f 1373/1601/1373 1599/1838/1599 1374/1602/1374
f 1474/1709/1474 1531/1769/1531 1507/1743/1507
f 1376/1604/1376 1528/1766/1528 1377/1605/1377
f 1487/1723/1487 1638/1878/1638 1522/1760/1522
f 1555/1793/1555 1554/1792/1554 1638/1878/1638
f 1498/1734/1498 1497/1733/1497 1608/1848/1608
f 1414/1646/1414 1416/1648/1416 944/1717/944
f 1404/1635/1404 1561/1799/1561 1405/1636/1405
f 1384/1614/1384 1386/1616/1386 1426/1658/1426
f 1277/1495/1277 1369/1597/1369 1275/1493/1275
f 990/1881/990 1414/1646/1414 944/1717/944
f 1641/1882/1641 1632/1872/1632 1633/1873/1633
f 1633/1873/1633 1514/1750/1514 1641/1882/1641
f 1468/1701/1468 1641/1882/1641 1514/1750/1514
f 1344/1568/1344 1280/1498/1280 1279/1497/1279
f 1600/1840/1600 1467/1700/1467 1624/1864/1624
f 1595/1833/1595 1304/1525/1304 1591/1829/1591
f 1424/1656/1424 1407/1639/1407 1323/1544/1323
f 1441/1673/1441 1614/1854/1614 1554/1792/1554
f 1578/1816/1578 1570/1808/1570 1614/1854/1614
f 1638/1878/1638 1487/1723/1487 1555/1793/1555
f 1465/1698/1465 1642/1883/1642 1598/1836/1598
f 1345/1569/1345 1347/1571/1347 1429/1661/1429
f 1317/1538/1317 1302/1523/1302 1301/1522/1301
f 1291/1510/1291 1405/1636/1405 1353/1579/1353
f 1306/1527/1306 1290/1509/1290 1299/1520/1299
f 1369/1597/1369 1277/1495/1277 1367/1595/1367
f 1641/1882/1641 1468/1701/1468 1643/1884/1643
f 1467/1700/1467 1551/1789/1551 1468/1701/1468
f 1336/1559/1336 1316/1537/1316 1367/1595/1367
f 1398/1629/1398 1529/1767/1529 1378/1606/1378
f 1415/1647/1415 1414/1646/1414 990/1881/990
f 1613/1853/1613 1614/1854/1614 1441/1673/1441
f 1614/1854/1614 1422/1654/1422 1578/1816/1578
f 1555/1793/1555 1487/1723/1487 1644/1885/1644
f 1645/1886/1645 1441/1673/1441 1555/1793/1555
f 1528/1766/1528 1331/1552/1331 1377/1605/1377
f 1468/1701/1468 1550/1788/1550 1643/1884/1643
f 1467/1700/1467 1580/1818/1580 1389/1619/1389
f 1489/1725/1489 1454/1687/1454 1453/1686/1453
f 1443/1675/1443 1613/1853/1613 1441/1673/1441
f 1646/1887/1646 1313/1534/1313 1315/1536/1315
f 1487/1723/1487 1354/1580/1354 1644/1885/1644
f 1645/1886/1645 1555/1793/1555 1644/1885/1644
f 1442/1674/1442 1441/1673/1441 1645/1886/1645
f 1339/1562/1339 1338/1561/1338 1418/1650/1418
f 1417/1649/1417 1521/1759/1521 1271/1489/1271
f 1596/1834/1596 1647/1888/1647 1629/1869/1629
f 1538/1776/1538 1295/1514/1295 1543/1781/1543
f 1471/1704/1471 1648/1889/1648 1649/1890/1649
f 1612/1852/1612 1534/1772/1534 1386/1616/1386
f 1492/1728/1492 1597/1835/1597 1276/1494/1276
f 1613/1853/1613 1423/1655/1423 1422/1654/1422
f 1565/1803/1565 1475/1710/1475 1527/1765/1527
f 1650/1891/1650 1415/1647/1415 990/1881/990
f 1354/1580/1354 1649/1890/1649 1644/1885/1644
f 1451/1684/1451 1424/1656/1424 1285/1504/1285
f 1615/1855/1615 1410/1642/1410 1549/1787/1549
f 1556/1794/1556 1390/1620/1390 1475/1710/1475
f 1412/1644/1412 1452/1685/1452 1286/1505/1286
f 1587/1825/1587 1548/1786/1548 1601/1841/1601
f 1644/1885/1644 1649/1890/1649 1645/1886/1645
f 1442/1674/1442 1645/1886/1645 1648/1889/1648
f 1354/1580/1354 1470/1703/1470 1472/1705/1472
f 1551/1789/1551 1625/1865/1625 1651/1892/1651
f 1344/1568/1344 1343/1567/1343 1499/1735/1499
f 1647/1888/1647 1626/1866/1626 1542/1780/1542
f 1613/1853/1613 1652/1893/1652 1423/1655/1423
f 1498/1734/1498 1591/1829/1591 1496/1732/1496
f 1400/1631/1400 1486/1722/1486 1399/1630/1399
f 1533/1771/1533 1384/1614/1384 1517/1753/1517
f 1443/1675/1443 1653/1894/1653 1652/1893/1652
f 1276/1494/1276 1494/1730/1494 1492/1728/1492
f 1361/1588/1361 1276/1494/1276 1597/1835/1597
f 1287/1506/1287 1523/1761/1523 1464/1697/1464
f 1459/1692/1459 1597/1835/1597 1492/1728/1492
f 1415/1647/1415 1598/1836/1598 1459/1692/1459
f 1449/1682/1449 914/1895/914 929/1681/929
f 912/1896/912 914/1895/914 1449/1682/1449
f 1442/1674/1442 1654/1897/1654 1443/1675/1443
f 990/1881/990 1655/1898/1655 1650/1891/1650
f 1598/1836/1598 1415/1647/1415 1650/1891/1650
f 1448/1680/1448 1656/1899/1656 1541/1779/1541
f 1645/1886/1645 1649/1890/1649 1648/1889/1648
f 1648/1889/1648 1657/1900/1657 1442/1674/1442
f 1651/1892/1651 1625/1865/1625 1658/1901/1658
f 1625/1865/1625 1388/1618/1388 1659/1902/1659
f 1542/1780/1542 1652/1893/1652 1653/1894/1653
f 1653/1894/1653 1443/1675/1443 1660/1903/1660
f 1657/1900/1657 1654/1897/1654 1442/1674/1442
f 1557/1795/1557 1559/1797/1559 1593/1831/1593
f 1574/1812/1574 1540/1778/1540 1626/1866/1626
f 1443/1675/1443 1654/1897/1654 1660/1903/1660
f 1300/1521/1300 1302/1523/1302 1334/1557/1334
f 1495/1731/1495 1404/1635/1404 1291/1510/1291
f 1625/1865/1625 1639/1879/1639 1658/1901/1658
f 1395/1626/1395 1413/1645/1413 1293/1512/1293
f 1625/1865/1625 1659/1902/1659 1639/1879/1639
f 1617/1857/1617 1329/1550/1329 1623/1863/1623
f 1421/1653/1421 1325/1546/1325 1420/1652/1420
f 1513/1749/1513 1576/1814/1576 1611/1851/1611
f 1538/1776/1538 1302/1523/1302 1324/1545/1324
f 1602/1842/1602 1524/1762/1524 1503/1739/1503
f 1589/1827/1589 1659/1902/1659 1388/1618/1388
f 1589/1827/1589 1423/1655/1423 1541/1779/1541
f 1280/1498/1280 1344/1568/1344 1326/1547/1326
f 1542/1780/1542 1541/1779/1541 1652/1893/1652
f 1653/1894/1653 1647/1888/1647 1542/1780/1542
f 1361/1588/1361 1597/1835/1597 1444/1676/1444
f 1598/1836/1598 1597/1835/1597 1459/1692/1459
f 1449/1682/1449 1655/1898/1655 912/1896/912
f 1655/1898/1655 1598/1836/1598 1650/1891/1650
f 1448/1680/1448 1541/1779/1541 1540/1778/1540
f 1660/1903/1660 1629/1869/1629 1653/1894/1653
f 1647/1888/1647 1653/1894/1653 1629/1869/1629
f 1541/1779/1541 1423/1655/1423 1652/1893/1652
f 1657/1900/1657 1628/1868/1628 1654/1897/1654
f 1629/1869/1629 1660/1903/1660 1654/1897/1654
f 1524/1762/1524 1504/1740/1504 1503/1739/1503
f 1409/1641/1409 1393/1623/1393 1564/1802/1564
f 1470/1703/1470 1354/1580/1354 1661/1904/1661
f 1514/1750/1514 1469/1702/1469 1468/1701/1468
f 1648/1889/1648 1471/1704/1471 1640/1880/1640
f 1526/1764/1526 1501/1737/1501 1335/1558/1335
f 912/1896/912 1655/1898/1655 990/1881/990
f 1572/1810/1572 1571/1809/1571 1601/1841/1601
f 1530/1768/1530 1510/1746/1510 1450/1683/1450
f 1358/1584/1358 1406/1637/1406 1361/1588/1361
f 1403/1634/1403 1276/1494/1276 1406/1637/1406
f 1597/1835/1597 1445/1677/1445 1444/1676/1444
f 1362/1589/1362 1361/1588/1361 1444/1676/1444
f 1359/1585/1359 1358/1584/1358 1662/1905/1662
f 1449/1682/1449 1314/1535/1314 1313/1534/1313
f 1449/1682/1449 1598/1836/1598 1655/1898/1655
f 1657/1900/1657 1640/1880/1640 1432/1664/1432
f 1311/1532/1311 1663/1906/1663 1642/1883/1642
f 1462/1695/1462 1572/1810/1572 1460/1693/1460
f 1331/1552/1331 1330/1551/1330 1419/1651/1419
f 1656/1899/1656 1639/1879/1639 1659/1902/1659
f 1589/1827/1589 1541/1779/1541 1659/1902/1659
f 1639/1879/1639 1664/1907/1664 1658/1901/1658
f 1628/1868/1628 1657/1900/1657 1432/1664/1432
f 1509/1745/1509 1383/1612/1383 1602/1842/1602
f 1440/1672/1440 1509/1745/1509 1566/1804/1566
f 1317/1538/1317 1316/1537/1316 1420/1652/1420
f 1654/1897/1654 1628/1868/1628 1629/1869/1629
f 1396/1627/1396 1377/1605/1377 1419/1651/1419
f 1471/1704/1471 1470/1703/1470 1640/1880/1640
f 1470/1703/1470 1661/1904/1661 1620/1860/1620
f 1406/1637/1406 1358/1584/1358 1403/1634/1403
f 1354/1580/1354 1353/1579/1353 1661/1904/1661
f 1359/1585/1359 1662/1905/1662 1665/1908/1665
f 1598/1836/1598 1663/1906/1663 1445/1677/1445
f 1362/1589/1362 1662/1905/1662 1358/1584/1358
f 1314/1535/1314 1646/1887/1646 1315/1536/1315
f 1313/1534/1313 1598/1836/1598 1449/1682/1449
f 1432/1664/1432 1640/1880/1640 1627/1867/1627
f 1617/1857/1617 1585/1823/1585 1584/1822/1584
f 1642/1883/1642 1465/1698/1465 1666/1909/1666
f 1296/1515/1296 1539/1777/1539 1294/1513/1294
f 1610/1850/1610 1575/1813/1575 1569/1807/1569
f 1615/1855/1615 393/1757/393 1411/1643/1411
f 1431/1663/1431 1430/1662/1430 1608/1848/1608
f 1664/1907/1664 1639/1879/1639 1447/1679/1447
f 1657/1900/1657 1648/1889/1648 1640/1880/1640
f 1331/1552/1331 1528/1766/1528 1543/1781/1543
f 1295/1514/1295 1538/1776/1538 1296/1515/1296
f 1639/1879/1639 1656/1899/1656 1448/1680/1448
f 1659/1902/1659 1541/1779/1541 1656/1899/1656
f 1358/1584/1358 1360/1586/1360 1403/1634/1403
f 1403/1634/1403 1418/1650/1418 1277/1495/1277
f 1626/1866/1626 1540/1778/1540 1542/1780/1542
f 1665/1908/1665 1360/1586/1360 1359/1585/1359
f 1350/1574/1350 1397/1628/1397 1348/1572/1348
f 1662/1905/1662 1667/1910/1667 1665/1908/1665
f 1362/1589/1362 1445/1677/1445 1663/1906/1663
f 1667/1910/1667 1662/1905/1662 1362/1589/1362
f 1548/1786/1548 1547/1785/1547 1601/1841/1601
f 1309/1530/1309 1626/1866/1626 1647/1888/1647
f 1276/1494/1276 1275/1493/1275 1494/1730/1494
f 1616/1856/1616 1518/1755/1518 1516/1752/1516
f 1628/1868/1628 1432/1664/1432 1668/1911/1668
f 1458/1691/1458 1599/1838/1599 1373/1601/1373
f 1383/1612/1383 1382/1611/1382 1602/1842/1602
f 1627/1867/1627 1470/1703/1470 1620/1860/1620
f 1357/1583/1357 1479/1714/1479 1481/1716/1481
f 1608/1848/1608 1605/1845/1605 1498/1734/1498
f 1649/1890/1649 1472/1705/1472 1471/1704/1471
f 1523/1761/1523 1463/1696/1463 1464/1697/1464
f 1401/1632/1401 1419/1651/1419 1564/1802/1564
f 1620/1860/1620 1661/1904/1661 1621/1861/1621
f 1661/1904/1661 1353/1579/1353 1456/1689/1456
f 1495/1731/1495 1282/1500/1282 1404/1635/1404
f 1665/1908/1665 1340/1563/1340 1339/1562/1339
f 1339/1562/1339 1360/1586/1360 1665/1908/1665
f 1665/1908/1665 1667/1910/1667 1340/1563/1340
f 1663/1906/1663 1667/1910/1667 1362/1589/1362
f 1666/1909/1666 1311/1532/1311 1642/1883/1642
f 1456/1689/1456 1405/1636/1405 1563/1801/1563
f 1466/1699/1466 1313/1534/1313 1646/1887/1646
f 1598/1836/1598 1466/1699/1466 1465/1698/1465
f 1572/1810/1572 1462/1695/1462 1573/1811/1573
f 1664/1907/1664 1447/1679/1447 1669/1912/1669
f 1448/1680/1448 1540/1778/1540 1446/1678/1446
f 1647/1888/1647 1596/1834/1596 1309/1530/1309
f 1452/1685/1452 1493/1729/1493 1271/1489/1271
f 1443/1675/1443 1652/1893/1652 1613/1853/1613
f 1628/1868/1628 1668/1911/1668 1670/1913/1670
f 1432/1664/1432 1338/1561/1338 1668/1911/1668
f 1620/1860/1620 1619/1859/1619 1627/1867/1627
f 1661/1904/1661 1456/1689/1456 1621/1861/1621
f 1515/1751/1515 1517/1753/1517 1384/1614/1384
f 1330/1551/1330 1294/1513/1294 1409/1641/1409
f 1664/1907/1664 1669/1912/1669 1671/1914/1671
f 1623/1863/1623 1592/1830/1592 1581/1819/1581
f 1447/1679/1447 1466/1699/1466 1669/1912/1669
f 1339/1562/1339 1418/1650/1418 1360/1586/1360
f 1667/1910/1667 1670/1913/1670 1340/1563/1340
f 1340/1563/1340 1670/1913/1670 1672/1915/1672
f 1340/1563/1340 1672/1915/1672 1338/1561/1338
f 1663/1906/1663 1311/1532/1311 1310/1531/1310
f 1667/1910/1667 1663/1906/1663 1310/1531/1310
f 1311/1532/1311 1666/1909/1666 1574/1812/1574
f 1465/1698/1465 1446/1678/1446 1666/1909/1666
f 1646/1887/1646 1673/1916/1673 1466/1699/1466
f 1338/1561/1338 1670/1913/1670 1668/1911/1668
f 1670/1913/1670 1596/1834/1596 1628/1868/1628
f 1619/1859/1619 1588/1826/1588 1627/1867/1627
f 1562/1800/1562 1619/1859/1619 1621/1861/1621
f 1598/1836/1598 1642/1883/1642 1663/1906/1663
f 1334/1557/1334 1302/1523/1302 1538/1776/1538
f 1673/1916/1673 1671/1914/1671 1669/1912/1669
f 1447/1679/1447 1446/1678/1446 1466/1699/1466
f 1669/1912/1669 1466/1699/1466 1673/1916/1673
f 1666/1909/1666 1446/1678/1446 1574/1812/1574
f 1310/1531/1310 1596/1834/1596 1667/1910/1667
f 1649/1890/1649 1354/1580/1354 1472/1705/1472
f 1670/1913/1670 1338/1561/1338 1672/1915/1672
f 1405/1636/1405 1561/1799/1561 1563/1801/1563
f 1563/1801/1563 1562/1800/1562 1621/1861/1621
f 1596/1834/1596 1670/1913/1670 1667/1910/1667
f 1674/1917/1674 1675/1918/1675 1676/1919/1676
f 1677/1920/1677 1678/1921/1678 1679/1922/1679
f 1680/1923/1680 1681/1924/1681 1677/1920/1677
f 1682/1925/1682 1683/1926/1683 1684/1927/1684
f 1685/1928/1685 1686/1929/1686 1681/1924/1681
f 1687/1930/1687 1679/1922/1679 1683/1926/1683
f 1679/1922/1679 1688/1931/1688 1680/1923/1680
f 1689/1932/1689 1690/1933/1690 1691/1934/1691
f 1685/1928/1685 1680/1923/1680 1688/1931/1688
f 1679/1922/1679 1687/1930/1687 1692/1935/1692
f 1693/1936/1693 1694/1937/1694 1695/1938/1695
f 1688/1931/1688 1696/1939/1696 1685/1928/1685
f 1677/1920/1677 1681/1924/1681 1697/1940/1697
f 1698/1941/1698 1699/1942/1699 1700/1943/1700
f 1658/1944/1658 1701/1945/1701 1651/1946/1651
f 1689/1932/1689 1702/1947/1702 1703/1948/1703
f 1704/1949/1704 1705/1950/1705 1706/1951/1706
f 1704/1949/1704 1697/1940/1697 1681/1924/1681
f 1707/1952/1707 1708/1953/1708 1709/1954/1709
f 1710/1955/1710 1711/1956/1711 1712/1957/1712
f 1713/1958/1713 1710/1955/1710 1712/1957/1712
f 1684/1927/1684 1714/1959/1714 1682/1925/1682
f 1678/1921/1678 1715/1960/1715 1714/1959/1714
f 1716/1961/1716 1711/1956/1711 1717/1962/1717
f 1718/1963/1718 1719/1964/1719 1720/1965/1720
f 1713/1958/1713 1712/1957/1712 1721/1966/1721
f 1722/1967/1722 1697/1940/1697 1723/1968/1723
f 1713/1958/1713 1724/1969/1724 1710/1955/1710
f 1710/1955/1710 1717/1962/1717 1711/1956/1711
f 1723/1968/1723 1715/1960/1715 1722/1967/1722
f 1725/1970/1725 1726/1971/1726 1714/1959/1714
f 1727/1972/1727 1728/1973/1728 1729/1974/1729
f 1714/1959/1714 1715/1960/1715 1730/1975/1730
f 1725/1970/1725 1731/1976/1731 1726/1971/1726
f 1732/1977/1732 1733/1978/1733 1734/1979/1734
f 1735/1980/1735 1736/1981/1736 1706/1951/1706
f 1706/1951/1706 1736/1981/1736 1737/1982/1737
f 1738/1983/1738 1739/1984/1739 1740/1985/1740
f 1737/1982/1737 1741/1986/1741 1697/1940/1697
f 1742/1987/1742 1715/1960/1715 1723/1968/1723
f 1740/1985/1740 1743/1988/1743 1744/1989/1744
f 1745/1990/1745 1676/1919/1676 1675/1918/1675
f 1730/1975/1730 1715/1960/1715 1742/1987/1742
f 1725/1970/1725 1714/1959/1714 1730/1975/1730
f 1679/1922/1679 1684/1927/1684 1683/1926/1683
f 1746/1991/1746 1731/1976/1731 1725/1970/1725
f 1747/1992/1747 1748/1993/1748 1749/1994/1749
f 1750/1995/1750 1751/1996/1751 1735/1980/1735
f 1723/1968/1723 1741/1986/1741 1752/1997/1752
f 1753/1998/1753 1737/1982/1737 1736/1981/1736
f 1741/1986/1741 1737/1982/1737 1754/1999/1754
f 1723/1968/1723 1752/1997/1752 1742/1987/1742
f 1755/2000/1755 1756/2001/1756 1757/2002/1757
f 1758/2003/1758 1759/2004/1759 1760/2005/1760
f 1761/2006/1761 1762/2007/1762 1763/2008/1763
f 1764/2009/1764 1765/2010/1765 1766/2011/1766
f 1767/2012/1767 1768/2013/1768 1769/2014/1769
f 1770/2015/1770 1771/2016/1771 1772/2017/1772
f 1773/2018/1773 1730/1975/1730 1742/1987/1742
f 1774/2019/1774 1725/1970/1725 1730/1975/1730
f 1775/2020/1775 1764/2009/1764 1776/2021/1776
f 1707/1952/1707 1709/1954/1709 1777/2022/1777
f 1731/1976/1731 1746/1991/1746 1776/2021/1776
f 1778/2023/1778 1777/2022/1777 1779/2024/1779
f 1725/1970/1725 1774/2019/1774 1746/1991/1746
f 1751/1996/1751 1753/1998/1753 1736/1981/1736
f 1780/2025/1780 1781/2026/1781 1782/2027/1782
f 1783/2028/1783 1784/2029/1784 1676/1919/1676
f 1785/2030/1785 1751/1996/1751 1750/1995/1750
f 1752/1997/1752 1741/1986/1741 1754/1999/1754
f 1754/1999/1754 1737/1982/1737 1753/1998/1753
f 1752/1997/1752 1773/2018/1773 1742/1987/1742
f 1694/1937/1694 1786/2031/1786 1787/2032/1787
f 1765/2010/1765 1788/2033/1788 1762/2007/1762
f 1757/2002/1757 1789/2034/1789 1755/2000/1755
f 1790/2035/1790 1686/1929/1686 1685/1928/1685
f 1765/2010/1765 1764/2009/1764 1775/2020/1775
f 1698/1941/1698 1700/1943/1700 1791/2036/1791
f 1792/2037/1792 1793/2038/1793 1607/2039/1607
f 1730/1975/1730 1773/2018/1773 1774/2019/1774
f 1744/1989/1744 1743/1988/1743 1794/2040/1794
f 1775/2020/1775 1776/2021/1776 1795/2041/1795
f 1751/1996/1751 1796/2042/1796 1753/1998/1753
f 1797/2043/1797 1798/2044/1798 1799/2045/1799
f 1751/1996/1751 1785/2030/1785 1800/2046/1800
f 1752/1997/1752 1801/2047/1801 1773/2018/1773
f 1802/2048/1802 1803/2049/1803 1804/2050/1804
f 1805/2051/1805 1806/2052/1806 1755/2000/1755
f 1680/1923/1680 1685/1928/1685 1681/1924/1681
f 1807/2053/1807 1808/2054/1808 1809/2055/1809
f 1810/2056/1810 1724/1969/1724 1804/2050/1804
f 1765/2010/1765 1811/2057/1811 1788/2033/1788
f 1811/2057/1811 1789/2034/1789 1788/2033/1788
f 1755/2000/1755 1789/2034/1789 1805/2051/1805
f 1783/2028/1783 1812/2058/1812 1784/2029/1784
f 1795/2041/1795 1813/2059/1813 1775/2020/1775
f 1700/1943/1700 1699/1942/1699 1791/2036/1791
f 1754/1999/1754 1796/2042/1796 1801/2047/1801
f 970/2060/970 1695/1938/1695 1814/2061/1814
f 1792/2037/1792 1815/2062/1815 1793/2038/1793
f 1790/2035/1790 1685/1928/1685 1696/1939/1696
f 1719/1964/1719 1816/2063/1816 1720/1965/1720
f 1776/2021/1776 1746/1991/1746 1774/2019/1774
f 1817/2064/1817 1818/2065/1818 1819/2066/1819
f 1820/2067/1820 1821/2068/1821 1802/2048/1802
f 1800/2046/1800 1796/2042/1796 1751/1996/1751
f 1822/2069/1822 1823/2070/1823 1824/2071/1824
f 1803/2049/1803 1810/2056/1810 1804/2050/1804
f 1806/2052/1806 1805/2051/1805 1803/2049/1803
f 1813/2059/1813 1795/2041/1795 1825/2072/1825
f 1805/2051/1805 1789/2034/1789 1811/2057/1811
f 1774/2019/1774 1791/2036/1791 1699/1942/1699
f 1774/2019/1774 1825/2072/1825 1795/2041/1795
f 1826/2073/1826 1827/2074/1827 1828/2075/1828
f 1829/2076/1829 1801/2047/1801 1830/2077/1830
f 1831/2078/1831 1740/1985/1740 1744/1989/1744
f 1697/1940/1697 1741/1986/1741 1723/1968/1723
f 1803/2049/1803 1832/2079/1832 1810/2056/1810
f 1805/2051/1805 1832/2079/1832 1803/2049/1803
f 1825/2072/1825 1833/2080/1833 1813/2059/1813
f 1811/2057/1811 1834/2081/1834 1805/2051/1805
f 1835/2082/1835 1836/2083/1836 1739/1984/1739
f 1837/2084/1837 1811/2057/1811 1765/2010/1765
f 1828/2075/1828 1838/2085/1838 1826/2073/1826
f 1774/2019/1774 1699/1942/1699 1825/2072/1825
f 1801/2047/1801 1839/2086/1839 1830/2077/1830
f 1724/1969/1724 1840/2087/1840 1710/1955/1710
f 1841/2088/1841 1842/2089/1842 1840/2087/1840
f 1843/2090/1843 1813/2059/1813 1833/2080/1833
f 1806/2052/1806 1821/2068/1821 1756/2001/1756
f 1844/2091/1844 1845/2092/1845 1846/2093/1846
f 1847/2094/1847 1848/2095/1848 1849/2096/1849
f 1834/2081/1834 1811/2057/1811 1850/2097/1850
f 1717/1962/1717 1710/1955/1710 1840/2087/1840
f 1851/2098/1851 1852/2099/1852 1788/2033/1788
f 1677/1920/1677 1679/1922/1679 1680/1923/1680
f 1777/2022/1777 1853/2100/1853 1707/1952/1707
f 1842/2089/1842 1854/2101/1854 1840/2087/1840
f 1833/2080/1833 1855/2102/1855 1843/2090/1843
f 1813/2059/1813 1843/2090/1843 1850/2097/1850
f 1856/2103/1856 1855/2102/1855 1699/1942/1699
f 1825/2072/1825 1855/2102/1855 1833/2080/1833
f 1857/2104/1857 1858/2105/1858 1757/2002/1757
f 1854/2101/1854 1717/1962/1717 1840/2087/1840
f 1842/2089/1842 1834/2081/1834 1859/2106/1859
f 1842/2089/1842 1859/2106/1859 1854/2101/1854
f 1860/2107/1860 1834/2081/1834 1843/2090/1843
f 1855/2102/1855 1861/2108/1861 1862/2109/1862
f 1699/1942/1699 1698/1941/1698 1856/2103/1856
f 1863/2110/1863 1864/2111/1864 1865/2112/1865
f 1839/2086/1839 1800/2046/1800 1838/2085/1838
f 1827/2074/1827 1698/1941/1698 1828/2075/1828
f 1866/2113/1866 1717/1962/1717 1854/2101/1854
f 1859/2106/1859 1834/2081/1834 1860/2107/1860
f 1855/2102/1855 1825/2072/1825 1699/1942/1699
f 1688/1931/1688 1679/1922/1679 1692/1935/1692
f 1698/1941/1698 1791/2036/1791 1830/2077/1830
f 1867/2114/1867 1826/2073/1826 1838/2085/1838
f 1868/2115/1868 1869/2116/1869 1870/2117/1870
f 1866/2113/1866 1716/1961/1716 1717/1962/1717
f 1856/2103/1856 1827/2074/1827 1871/2118/1871
f 1872/2119/1872 1873/2120/1873 1874/2121/1874
f 1805/2051/1805 1834/2081/1834 1832/2079/1832
f 1875/2122/1875 1816/2063/1816 1719/1964/1719
f 1842/2089/1842 1810/2056/1810 1832/2079/1832
f 1843/2090/1843 1834/2081/1834 1850/2097/1850
f 1737/1982/1737 1697/1940/1697 1706/1951/1706
f 1860/2107/1860 1876/2123/1876 1877/2124/1877
f 1800/2046/1800 1839/2086/1839 1796/2042/1796
f 1678/1921/1678 1684/1927/1684 1679/1922/1679
f 1823/2070/1823 1871/2118/1871 1827/2074/1827
f 1827/2074/1827 1878/2125/1878 1824/2071/1824
f 1698/1941/1698 1827/2074/1827 1856/2103/1856
f 1876/2123/1876 1823/2070/1823 1879/2126/1879
f 1677/1920/1677 1697/1940/1697 1722/1967/1722
f 1852/2099/1852 1880/2127/1880 1881/2128/1881
f 1827/2074/1827 1824/2071/1824 1823/2070/1823
f 1852/2099/1852 1882/2129/1882 1788/2033/1788
f 1682/1925/1682 1714/1959/1714 1726/1971/1726
f 1837/2084/1837 1775/2020/1775 1813/2059/1813
f 1830/2077/1830 1839/2086/1839 1838/2085/1838
f 1722/1967/1722 1678/1921/1678 1677/1920/1677
f 1686/1929/1686 1705/1950/1705 1704/1949/1704
f 1883/2130/1883 1884/2131/1884 1885/2132/1885
f 1876/2123/1876 1860/2107/1860 1862/2109/1862
f 1842/2089/1842 1832/2079/1832 1834/2081/1834
f 1783/2028/1783 1745/1990/1745 1886/2133/1886
f 1843/2090/1843 1855/2102/1855 1862/2109/1862
f 1885/2132/1885 1887/2134/1887 1883/2130/1883
f 1877/2124/1877 1854/2101/1854 1859/2106/1859
f 1871/2118/1871 1862/2109/1862 1861/2108/1861
f 1888/2135/1888 1889/2136/1889 1779/2024/1779
f 1886/2133/1886 1812/2058/1812 1783/2028/1783
f 1850/2097/1850 1811/2057/1811 1837/2084/1837
f 1830/2077/1830 1828/2075/1828 1698/1941/1698
f 1862/2109/1862 1823/2070/1823 1876/2123/1876
f 1796/2042/1796 1839/2086/1839 1801/2047/1801
f 1841/2088/1841 1810/2056/1810 1842/2089/1842
f 1704/1949/1704 1681/1924/1681 1686/1929/1686
f 1862/2109/1862 1871/2118/1871 1823/2070/1823
f 1890/2137/1890 1372/2138/1372 1891/2139/1891
f 1827/2074/1827 1826/2073/1826 1878/2125/1878
f 1889/2136/1889 1892/2140/1892 1893/2141/1893
f 1894/2142/1894 1895/2143/1895 1690/1933/1690
f 1822/2069/1822 1879/2126/1879 1823/2070/1823
f 1880/2127/1880 1896/2144/1896 1794/2040/1794
f 1751/1996/1751 1736/1981/1736 1735/1980/1735
f 1754/1999/1754 1753/1998/1753 1796/2042/1796
f 1810/2056/1810 1841/2088/1841 1724/1969/1724
f 1752/1997/1752 1754/1999/1754 1801/2047/1801
f 1838/2085/1838 1828/2075/1828 1830/2077/1830
f 1861/2108/1861 1856/2103/1856 1871/2118/1871
f 1791/2036/1791 1829/2076/1829 1830/2077/1830
f 1897/2145/1897 1898/2146/1898 1899/2147/1899
f 1843/2090/1843 1862/2109/1862 1860/2107/1860
f 1765/2010/1765 1775/2020/1775 1837/2084/1837
f 1795/2041/1795 1776/2021/1776 1774/2019/1774
f 1866/2113/1866 1854/2101/1854 1877/2124/1877
f 1791/2036/1791 1774/2019/1774 1773/2018/1773
f 1722/1967/1722 1715/1960/1715 1678/1921/1678
f 1701/1945/1701 1658/1944/1658 1900/2148/1900
f 1766/2011/1766 1765/2010/1765 1762/2007/1762
f 1821/2068/1821 1806/2052/1806 1803/2049/1803
f 1773/2018/1773 1801/2047/1801 1829/2076/1829
f 1803/2049/1803 1802/2048/1802 1821/2068/1821
f 1724/1969/1724 1841/2088/1841 1840/2087/1840
f 1791/2036/1791 1773/2018/1773 1829/2076/1829
f 1850/2097/1850 1837/2084/1837 1813/2059/1813
f 1901/2149/1901 1902/2150/1902 1903/2151/1903
f 1891/2139/1891 1690/1933/1690 1904/2152/1904
f 1861/2108/1861 1855/2102/1855 1856/2103/1856
f 1859/2106/1859 1860/2107/1860 1877/2124/1877
f 1697/1940/1697 1704/1949/1704 1706/1951/1706
f 1851/2098/1851 1858/2105/1858 1905/2153/1905
f 1632/2154/1632 1906/2155/1906 1634/2156/1634
f 1907/2157/1907 1895/2143/1895 1894/2142/1894
f 1684/1927/1684 1678/1921/1678 1714/1959/1714
f 1806/2052/1806 1756/2001/1756 1755/2000/1755
f 1908/2158/1908 1909/2159/1909 1910/2160/1910
f 1676/1919/1676 1911/2161/1911 1674/1917/1674
f 1912/2162/1912 1913/2163/1913 1914/2164/1914
f 1784/2029/1784 1915/2165/1915 1676/1919/1676
f 1916/2166/1916 1820/2067/1820 1910/2160/1910
f 1903/2151/1903 1917/2167/1917 1918/2168/1918
f 1919/2169/1919 1920/2170/1920 1921/2171/1921
f 1726/1971/1726 1731/1976/1731 1922/2172/1922
f 1371/2173/1371 1923/2174/1923 1845/2092/1845
f 1924/2175/1924 1646/2176/1646 1314/2177/1314
f 1925/2178/1925 1902/2150/1902 1926/2179/1926
f 1927/2180/1927 1911/2161/1911 1928/2181/1928
f 1896/2144/1896 1914/2164/1914 1929/2182/1929
f 1371/2173/1371 1891/2139/1891 1372/2138/1372
f 1550/2183/1550 1930/2184/1930 1931/2185/1931
f 993/2186/993 1708/1953/1708 922/2187/922
f 1932/2188/1932 1870/2117/1870 1933/2189/1933
f 1934/2190/1934 1928/2181/1928 1911/2161/1911
f 1912/2162/1912 1914/2164/1914 1896/2144/1896
f 1935/2191/1935 1936/2192/1936 1937/2193/1937
f 1938/2194/1938 1734/1979/1734 1819/2066/1819
f 1733/1978/1733 1727/1972/1727 1934/2190/1934
f 1928/2181/1928 1934/2190/1934 1939/2195/1939
f 1940/2196/1940 1922/2172/1922 1941/2197/1941
f 1734/1979/1734 1938/2194/1938 1942/2198/1942
f 1819/2066/1819 1793/2038/1793 1938/2194/1938
f 1942/2198/1942 1938/2194/1938 1703/1948/1703
f 1863/2110/1863 1943/2199/1943 1944/2200/1944
f 1809/2055/1809 1945/2201/1945 1807/2053/1807
f 1946/2202/1946 1863/2110/1863 1947/2203/1947
f 1948/2204/1948 1888/2135/1888 1949/2205/1949
f 1928/2181/1928 1939/2195/1939 1898/2146/1898
f 1734/1979/1734 1942/2198/1942 1732/1977/1732
f 1708/1953/1708 1950/2206/1950 992/2207/992
f 1727/1972/1727 1951/2208/1951 1934/2190/1934
f 1934/2190/1934 1899/2147/1899 1939/2195/1939
f 1897/2145/1897 1899/2147/1899 1952/2209/1952
f 1953/2210/1953 1899/2147/1899 1934/2190/1934
f 1347/2211/1347 1793/2038/1793 1428/2212/1428
f 1793/2038/1793 1815/2062/1815 1938/2194/1938
f 1954/2213/1954 1846/2093/1846 1955/2214/1955
f 1956/2215/1956 1957/2216/1957 1958/2217/1958
f 1899/2147/1899 1898/2146/1898 1939/2195/1939
f 1732/1977/1732 1942/2198/1942 1702/1947/1702
f 1760/2005/1760 1959/2218/1959 1758/2003/1758
f 1728/1973/1728 1727/1972/1727 1732/1977/1732
f 1727/1972/1727 1960/2219/1960 1951/2208/1951
f 1951/2208/1951 1953/2210/1953 1934/2190/1934
f 1347/2211/1347 1346/2220/1346 1793/2038/1793
f 1689/1932/1689 1703/1948/1703 1938/2194/1938
f 1942/2198/1942 1703/1948/1703 1702/1947/1702
f 1961/2221/1961 1732/1977/1732 1702/1947/1702
f 1766/2011/1766 1762/2007/1762 1761/2006/1761
f 1346/2220/1346 1607/2039/1607 1793/2038/1793
f 1729/1974/1729 1728/1973/1728 1732/1977/1732
f 1960/2219/1960 1962/2222/1962 1951/2208/1951
f 1963/2223/1963 1953/2210/1953 1951/2208/1951
f 1952/2209/1952 1899/2147/1899 1953/2210/1953
f 1689/1932/1689 1815/2062/1815 1904/2152/1904
f 1819/2066/1819 1734/1979/1734 1784/2029/1784
f 1895/2143/1895 1960/2219/1960 1729/1974/1729
f 1962/2222/1962 1963/2223/1963 1951/2208/1951
f 1952/2209/1952 1953/2210/1953 1963/2223/1963
f 1749/1994/1749 1748/1993/1748 992/2207/992
f 1935/2191/1935 1964/2224/1964 1965/2225/1965
f 1702/1947/1702 1689/1932/1689 1691/1934/1691
f 1815/2062/1815 1890/2137/1890 1904/2152/1904
f 1885/2132/1885 1966/2226/1966 1847/2094/1847
f 1909/2159/1909 1918/2168/1918 1808/2054/1808
f 1690/1933/1690 1689/1932/1689 1904/2152/1904
f 1961/2221/1961 1691/1934/1691 1729/1974/1729
f 1967/2227/1967 894/2228/894 1968/2229/1968
f 1729/1974/1729 1691/1934/1691 1895/2143/1895
f 1907/2157/1907 1960/2219/1960 1895/2143/1895
f 1969/2230/1969 1970/2231/1970 1900/2148/1900
f 1963/2223/1963 1962/2222/1962 1925/2178/1925
f 1943/2199/1943 1946/2202/1946 1962/2222/1962
f 1940/2196/1940 1883/2130/1883 1922/2172/1922
f 1907/2157/1907 1943/2199/1943 1960/2219/1960
f 1952/2209/1952 1963/2223/1963 1926/2179/1926
f 1954/2213/1954 1971/2232/1971 1972/2233/1972
f 1890/2137/1890 1891/2139/1891 1904/2152/1904
f 1925/2178/1925 1946/2202/1946 1902/2150/1902
f 1895/2143/1895 1691/1934/1691 1690/1933/1690
f 1973/2234/1973 1739/1984/1739 1738/1983/1738
f 1946/2202/1946 1925/2178/1925 1962/2222/1962
f 1863/2110/1863 1946/2202/1946 1943/2199/1943
f 1907/2157/1907 1944/2200/1944 1943/2199/1943
f 1926/2179/1926 1901/2149/1901 1952/2209/1952
f 1632/2154/1632 1641/2235/1641 1974/2236/1974
f 1975/2237/1975 1976/2238/1976 1977/2239/1977
f 1974/2236/1974 1641/2235/1641 1978/2240/1978
f 1944/2200/1944 1907/2157/1907 1972/2233/1972
f 1902/2150/1902 1901/2149/1901 1926/2179/1926
f 1894/2142/1894 1690/1933/1690 1844/2091/1844
f 1947/2203/1947 1902/2150/1902 1946/2202/1946
f 1960/2219/1960 1943/2199/1943 1962/2222/1962
f 1944/2200/1944 1864/2111/1864 1863/2110/1863
f 1944/2200/1944 1972/2233/1972 1937/2193/1937
f 1979/2241/1979 1869/2116/1869 1868/2115/1868
f 1954/2213/1954 1894/2142/1894 1844/2091/1844
f 1980/2242/1980 1941/2197/1941 1922/2172/1922
f 1947/2203/1947 1981/2243/1981 1902/2150/1902
f 1944/2200/1944 1936/2192/1936 1864/2111/1864
f 1865/2112/1865 1982/2244/1982 1947/2203/1947
f 1936/2192/1936 1944/2200/1944 1937/2193/1937
f 1972/2233/1972 1971/2232/1971 1937/2193/1937
f 1901/2149/1901 1903/2151/1903 1983/2245/1983
f 1938/2194/1938 1815/2062/1815 1689/1932/1689
f 1984/2246/1984 1985/2247/1985 1986/2248/1986
f 1917/2167/1917 1903/2151/1903 1902/2150/1902
f 1845/2092/1845 1987/2249/1987 1846/2093/1846
f 1676/1919/1676 1745/1990/1745 1783/2028/1783
f 1982/2244/1982 1981/2243/1981 1947/2203/1947
f 1981/2243/1981 1917/2167/1917 1902/2150/1902
f 1936/2192/1936 1985/2247/1985 1864/2111/1864
f 1865/2112/1865 1864/2111/1864 1985/2247/1985
f 1985/2247/1985 1982/2244/1982 1865/2112/1865
f 1935/2191/1935 1937/2193/1937 1971/2232/1971
f 1954/2213/1954 1955/2214/1955 1971/2232/1971
f 1930/2184/1930 1550/2183/1550 1551/2250/1551
f 1988/2251/1988 1989/2252/1989 1990/2253/1990
f 1903/2151/1903 1769/2014/1769 1983/2245/1983
f 1845/2092/1845 1923/2174/1923 1987/2249/1987
f 1923/2174/1923 1371/2173/1371 1634/2156/1634
f 1991/2254/1991 1846/2093/1846 1987/2249/1987
f 1771/2016/1771 1770/2015/1770 1992/2255/1992
f 1917/2167/1917 1981/2243/1981 1984/2246/1984
f 1982/2244/1982 1985/2247/1985 1984/2246/1984
f 1965/2225/1965 1936/2192/1936 1935/2191/1935
f 1960/2219/1960 1727/1972/1727 1729/1974/1729
f 1935/2191/1935 1971/2232/1971 1955/2214/1955
f 1983/2245/1983 1769/2014/1769 1804/2050/1804
f 1767/2012/1767 1769/2014/1769 1903/2151/1903
f 1903/2151/1903 1918/2168/1918 1908/2158/1908
f 1955/2214/1955 1846/2093/1846 1993/2256/1993
f 1991/2254/1991 1993/2256/1993 1846/2093/1846
f 1917/2167/1917 1984/2246/1984 1994/2257/1994
f 1986/2248/1986 1985/2247/1985 1965/2225/1965
f 1769/2014/1769 1802/2048/1802 1804/2050/1804
f 1903/2151/1903 1908/2158/1908 1767/2012/1767
f 1909/2159/1909 1908/2158/1908 1918/2168/1918
f 1994/2257/1994 1995/2258/1995 1917/2167/1917
f 1991/2254/1991 1634/2156/1634 1996/2259/1996
f 1964/2224/1964 1955/2214/1955 1993/2256/1993
f 1993/2256/1993 1991/2254/1991 1906/2155/1906
f 1984/2246/1984 1986/2248/1986 1994/2257/1994
f 1551/2250/1551 1651/1946/1651 1930/2184/1930
f 1910/2160/1910 1767/2012/1767 1908/2158/1908
f 1994/2257/1994 1986/2248/1986 1995/2258/1995
f 1995/2258/1995 1997/2260/1997 1809/2055/1809
f 1906/2155/1906 1991/2254/1991 1996/2259/1996
f 1906/2155/1906 1996/2259/1996 1634/2156/1634
f 1998/2261/1998 1964/2224/1964 1993/2256/1993
f 1906/2155/1906 1998/2261/1998 1993/2256/1993
f 1979/2241/1979 1999/2262/1999 1986/2248/1986
f 1869/2116/1869 1979/2241/1979 1965/2225/1965
f 1820/2067/1820 1802/2048/1802 1768/2013/1768
f 1910/2160/1910 1820/2067/1820 1768/2013/1768
f 1787/2032/1787 1814/2061/1814 1694/1937/1694
f 2000/2263/2000 1909/2159/1909 1808/2054/1808
f 2001/2264/2001 2002/2265/2002 1787/2032/1787
f 1995/2258/1995 1986/2248/1986 1999/2262/1999
f 1995/2258/1995 1999/2262/1999 1997/2260/1997
f 1906/2155/1906 1632/2154/1632 1974/2236/1974
f 1998/2261/1998 2003/2266/2003 1964/2224/1964
f 1998/2261/1998 1906/2155/1906 1978/2240/1978
f 1868/2115/1868 1999/2262/1999 1979/2241/1979
f 1869/2116/1869 2004/2267/2004 1933/2189/1933
f 1909/2159/1909 2000/2263/2000 2005/2268/2005
f 1857/2104/1857 1910/2160/1910 2005/2268/2005
f 1807/2053/1807 2000/2263/2000 1808/2054/1808
f 1999/2262/1999 1798/2044/1798 1997/2260/1997
f 1974/2236/1974 1978/2240/1978 1906/2155/1906
f 1978/2240/1978 2003/2266/2003 1998/2261/1998
f 1799/2045/1799 1999/2262/1999 1868/2115/1868
f 2003/2266/2003 1933/2189/1933 2004/2267/2004
f 2006/2269/2006 1836/2083/1836 2007/2270/2007
f 1870/2117/1870 1869/2116/1869 1933/2189/1933
f 1756/2001/1756 1821/2068/1821 1820/2067/1820
f 1857/2104/1857 1820/2067/1820 1916/2166/1916
f 1857/2104/1857 1916/2166/1916 1910/2160/1910
f 2000/2263/2000 1912/2162/1912 2005/2268/2005
f 1858/2105/1858 1857/2104/1857 2005/2268/2005
f 1807/2053/1807 1945/2201/1945 1913/2163/1913
f 1978/2240/1978 2008/2271/2008 2003/2266/2003
f 1643/2272/1643 1978/2240/1978 1641/2235/1641
f 1799/2045/1799 1868/2115/1868 2009/2273/2009
f 1802/2048/1802 1769/2014/1769 1768/2013/1768
f 1868/2115/1868 1870/2117/1870 2009/2273/2009
f 2008/2271/2008 1933/2189/1933 2003/2266/2003
f 1820/2067/1820 1857/2104/1857 1756/2001/1756
f 1923/2174/1923 1991/2254/1991 1987/2249/1987
f 2000/2263/2000 1913/2163/1913 1912/2162/1912
f 2005/2268/2005 1912/2162/1912 1858/2105/1858
f 1797/2043/1797 2010/2274/2010 1798/2044/1798
f 2008/2271/2008 1978/2240/1978 1643/2272/1643
f 1643/2272/1643 1550/2183/1550 2008/2271/2008
f 2009/2273/2009 1780/2025/1780 1799/2045/1799
f 1933/2189/1933 2008/2271/2008 1931/2185/1931
f 1976/2238/1976 1932/2188/1932 1933/2189/1933
f 2004/2267/2004 1964/2224/1964 2003/2266/2003
f 1757/2002/1757 1756/2001/1756 1857/2104/1857
f 1880/2127/1880 1858/2105/1858 1912/2162/1912
f 2011/2275/2011 2012/2276/2012 1969/2230/1969
f 1858/2105/1858 1851/2098/1851 1757/2002/1757
f 930/2277/930 970/2060/970 2002/2265/2002
f 2010/2274/2010 1929/2182/1929 1913/2163/1913
f 1797/2043/1797 1799/2045/1799 1780/2025/1780
f 1797/2043/1797 2013/2278/2013 2010/2274/2010
f 1931/2185/1931 2008/2271/2008 1550/2183/1550
f 1932/2188/1932 2014/2279/2014 2009/2273/2009
f 1932/2188/1932 1976/2238/1976 2014/2279/2014
f 1929/2182/1929 1914/2164/1914 1913/2163/1913
f 1912/2162/1912 1896/2144/1896 1880/2127/1880
f 2010/2274/2010 1945/2201/1945 1798/2044/1798
f 1789/2034/1789 1757/2002/1757 1851/2098/1851
f 1831/2078/1831 1797/2043/1797 1780/2025/1780
f 2015/2280/2015 2016/2281/2016 2017/2282/2017
f 1976/2238/1976 1975/2237/1975 2014/2279/2014
f 1910/2160/1910 1768/2013/1768 1767/2012/1767
f 2018/2283/2018 1977/2239/1977 1976/2238/1976
f 1905/2153/1905 1880/2127/1880 1852/2099/1852
f 1851/2098/1851 1788/2033/1788 1789/2034/1789
f 1852/2099/1852 1851/2098/1851 1905/2153/1905
f 1782/2027/1782 1831/2078/1831 1780/2025/1780
f 1929/2182/1929 1744/1989/1744 1896/2144/1896
f 1744/1989/1744 1794/2040/1794 1896/2144/1896
f 1880/2127/1880 1794/2040/1794 1881/2128/1881
f 1929/2182/1929 1831/2078/1831 1744/1989/1744
f 1738/1983/1738 1831/2078/1831 1782/2027/1782
f 1955/2214/1955 1964/2224/1964 1935/2191/1935
f 2019/2284/2019 1651/1946/1651 1701/1945/1701
f 2020/2285/2020 1781/2026/1781 1975/2237/1975
f 1782/2027/1782 1781/2026/1781 1759/2004/1759
f 1977/2239/1977 2012/2276/2012 1975/2237/1975
f 1852/2099/1852 1881/2128/1881 2021/2286/2021
f 1740/1985/1740 1831/2078/1831 1738/1983/1738
f 1977/2239/1977 2019/2284/2019 2012/2276/2012
f 1664/2287/1664 1900/2148/1900 1658/1944/1658
f 1975/2237/1975 2022/2288/2022 2020/2285/2020
f 1759/2004/1759 1781/2026/1781 2020/2285/2020
f 989/2289/989 2023/2290/2023 2024/2291/2024
f 1794/2040/1794 1743/1988/1743 1874/2121/1874
f 1936/2192/1936 1965/2225/1965 1985/2247/1985
f 1794/2040/1794 1874/2121/1874 2021/2286/2021
f 2021/2286/2021 1882/2129/1882 1852/2099/1852
f 1763/2008/1763 1788/2033/1788 1882/2129/1882
f 2012/2276/2012 2019/2284/2019 1970/2231/1970
f 1372/2138/1372 1890/2137/1890 1607/2039/1607
f 1900/2148/1900 1664/2287/1664 1671/2292/1671
f 1760/2005/1760 2020/2285/2020 2022/2288/2022
f 2020/2285/2020 1760/2005/1760 1759/2004/1759
f 2006/2269/2006 1743/1988/1743 1740/1985/1740
f 1743/1988/1743 2025/2293/2025 1874/2121/1874
f 1809/2055/1809 1997/2260/1997 1798/2044/1798
f 2021/2286/2021 1874/2121/1874 1873/2120/1873
f 2014/2279/2014 1781/2026/1781 1780/2025/1780
f 1958/2217/1958 1882/2129/1882 2021/2286/2021
f 1762/2007/1762 1788/2033/1788 1763/2008/1763
f 1918/2168/1918 1995/2258/1995 1809/2055/1809
f 1763/2008/1763 1882/2129/1882 1958/2217/1958
f 2026/2294/2026 1739/1984/1739 1973/2234/1973
f 1683/1926/1683 2015/2280/2015 2017/2282/2017
f 2022/2288/2022 2027/2295/2027 1760/2005/1760
f 1759/2004/1759 1772/2017/1772 2028/2296/2028
f 2022/2288/2022 2011/2275/2011 2029/2297/2029
f 1846/2093/1846 1954/2213/1954 1844/2091/1844
f 2006/2269/2006 2025/2293/2025 1743/1988/1743
f 1836/2083/1836 2006/2269/2006 1740/1985/1740
f 1874/2121/1874 2025/2293/2025 1872/2119/1872
f 2021/2286/2021 1873/2120/1873 1958/2217/1958
f 1958/2217/1958 1966/2226/1966 1763/2008/1763
f 2026/2294/2026 1835/2082/1835 1739/1984/1739
f 1671/2292/1671 2030/2298/2030 1969/2230/1969
f 1760/2005/1760 2027/2295/2027 1786/2031/1786
f 2027/2295/2027 2022/2288/2022 2029/2297/2029
f 1758/2003/1758 1772/2017/1772 1759/2004/1759
f 1772/2017/1772 2026/2294/2026 2028/2296/2028
f 1749/1994/1749 992/2207/992 1950/2206/1950
f 1969/2230/1969 2030/2298/2030 2011/2275/2011
f 2025/2293/2025 1893/2141/1893 1872/2119/1872
f 989/2289/989 901/2299/901 2023/2290/2023
f 1872/2119/1872 1956/2215/1956 1873/2120/1873
f 1873/2120/1873 1956/2215/1956 1958/2217/1958
f 1761/2006/1761 1763/2008/1763 1966/2226/1966
f 1847/2094/1847 1966/2226/1966 1958/2217/1958
f 2031/2300/2031 1835/2082/1835 2026/2294/2026
f 2007/2270/2007 1836/2083/1836 1835/2082/1835
f 1760/2005/1760 1786/2031/1786 2032/2301/2032
f 1770/2015/1770 1758/2003/1758 1959/2218/1959
f 1770/2015/1770 1772/2017/1772 1758/2003/1758
f 1772/2017/1772 2031/2300/2031 2026/2294/2026
f 2033/2302/2033 2034/2303/2034 2025/2293/2025
f 1893/2141/1893 2025/2293/2025 2034/2303/2034
f 1844/2091/1844 1891/2139/1891 1845/2092/1845
f 1872/2119/1872 1893/2141/1893 1892/2140/1892
f 2035/2304/2035 2036/2305/2036 1848/2095/1848
f 1892/2140/1892 1956/2215/1956 1872/2119/1872
f 2035/2304/2035 1848/2095/1848 1919/2169/1919
f 1927/2180/1927 1928/2181/1928 2037/2306/2037
f 1693/1936/1693 991/2307/991 1967/2227/1967
f 1966/2226/1966 1885/2132/1885 1761/2006/1761
f 1884/2131/1884 1766/2011/1766 1761/2006/1761
f 1958/2217/1958 1957/2216/1957 1847/2094/1847
f 2027/2295/2027 1924/2175/1924 1786/2031/1786
f 1720/1965/1720 1835/2082/1835 2031/2300/2031
f 1917/2167/1917 1995/2258/1995 1918/2168/1918
f 1891/2139/1891 1371/2173/1371 1845/2092/1845
f 2018/2283/2018 2038/2308/2038 1977/2239/1977
f 1835/2082/1835 2039/2309/2039 2007/2270/2007
f 1646/2176/1646 1924/2175/1924 1673/2310/1673
f 2018/2283/2018 1931/2185/1931 2038/2308/2038
f 1924/2175/1924 2040/2311/2040 1786/2031/1786
f 2032/2301/2032 2041/2312/2041 1959/2218/1959
f 1770/2015/1770 1959/2218/1959 1992/2255/1992
f 1934/2190/1934 1911/2161/1911 1733/1978/1733
f 2010/2274/2010 1913/2163/1913 1945/2201/1945
f 1771/2016/1771 2031/2300/2031 1772/2017/1772
f 2019/2284/2019 1977/2239/1977 2038/2308/2038
f 1957/2216/1957 1956/2215/1956 1920/2170/1920
f 2034/2303/2034 2033/2302/2033 2007/2270/2007
f 1957/2216/1957 1848/2095/1848 1847/2094/1847
f 1920/2170/1920 1956/2215/1956 1892/2140/1892
f 2040/2311/2040 1924/2175/1924 1314/2177/1314
f 1931/2185/1931 1930/2184/1930 2038/2308/2038
f 1885/2132/1885 1884/2131/1884 1761/2006/1761
f 1941/2197/1941 1766/2011/1766 1884/2131/1884
f 1682/1925/1682 2016/2281/2016 2015/2280/2015
f 1885/2132/1885 1847/2094/1847 1849/2096/1849
f 1720/1965/1720 1816/2063/1816 1835/2082/1835
f 1720/1965/1720 2031/2300/2031 1718/1963/1718
f 1915/2165/1915 1784/2029/1784 1734/1979/1734
f 2039/2309/2039 1889/2136/1889 2007/2270/2007
f 2039/2309/2039 1835/2082/1835 1816/2063/1816
f 2042/2313/2042 2035/2304/2035 2043/2314/2043
f 2044/2315/2044 1786/2031/1786 1694/1937/1694
f 1607/2039/1607 1890/2137/1890 1792/2037/1792
f 1787/2032/1787 1786/2031/1786 2040/2311/2040
f 1988/2251/1988 1959/2218/1959 2041/2312/2041
f 2045/2316/2045 2041/2312/2041 2032/2301/2032
f 1959/2218/1959 1988/2251/1988 1992/2255/1992
f 1913/2163/1913 2000/2263/2000 1807/2053/1807
f 1988/2251/1988 2031/2300/2031 1771/2016/1771
f 1889/2136/1889 2034/2303/2034 2007/2270/2007
f 1892/2140/1892 1921/2171/1921 1920/2170/1920
f 1848/2095/1848 1957/2216/1957 1920/2170/1920
f 1884/2131/1884 1940/2196/1940 1941/2197/1941
f 1764/2009/1764 1766/2011/1766 1941/2197/1941
f 1849/2096/1849 1887/2134/1887 1885/2132/1885
f 1816/2063/1816 1778/2023/1778 2039/2309/2039
f 2040/2311/2040 1314/2177/1314 2001/2264/2001
f 1911/2161/1911 1676/1919/1676 1915/2165/1915
f 1988/2251/1988 2041/2312/2041 1989/2252/1989
f 2045/2316/2045 1989/2252/1989 2041/2312/2041
f 2045/2316/2045 2032/2301/2032 1693/1936/1693
f 1988/2251/1988 1771/2016/1771 1992/2255/1992
f 1990/2253/1990 2031/2300/2031 1988/2251/1988
f 1892/2140/1892 1888/2135/1888 1948/2204/1948
f 1970/2231/1970 1969/2230/1969 2012/2276/2012
f 1892/2140/1892 1948/2204/1948 1921/2171/1921
f 1920/2170/1920 1919/2169/1919 1848/2095/1848
f 1884/2131/1884 1883/2130/1883 1940/2196/1940
f 1733/1978/1733 1915/2165/1915 1734/1979/1734
f 1764/2009/1764 1941/2197/1941 1980/2242/1980
f 1718/1963/1718 1990/2253/1990 2046/2317/2046
f 2039/2309/2039 1778/2023/1778 1779/2024/1779
f 1778/2023/1778 1816/2063/1816 1875/2122/1875
f 2001/2264/2001 1314/2177/1314 929/2318/929
f 2045/2316/2045 2047/2319/2047 1989/2252/1989
f 1693/1936/1693 1967/2227/1967 2045/2316/2045
f 1888/2135/1888 1779/2024/1779 2048/2320/2048
f 1919/2169/1919 1921/2171/1921 2049/2321/2049
f 1671/2292/1671 1673/2310/1673 2030/2298/2030
f 1858/2105/1858 1880/2127/1880 1905/2153/1905
f 1948/2204/1948 2050/2322/2050 1921/2171/1921
f 1727/1972/1727 1733/1978/1733 1732/1977/1732
f 1776/2021/1776 1764/2009/1764 1980/2242/1980
f 1792/2037/1792 1890/2137/1890 1815/2062/1815
f 1849/2096/1849 2036/2305/2036 2051/2323/2051
f 1778/2023/1778 1875/2122/1875 1853/2100/1853
f 1887/2134/1887 2052/2324/2052 2017/2282/2017
f 1875/2122/1875 1749/1994/1749 1950/2206/1950
f 1849/2096/1849 2051/2323/2051 2052/2324/2052
f 1819/2066/1819 1428/2212/1428 1793/2038/1793
f 1875/2122/1875 1719/1964/1719 1749/1994/1749
f 2053/2325/2053 1718/1963/1718 2054/2326/2054
f 1869/2116/1869 1964/2224/1964 2004/2267/2004
f 1990/2253/1990 2047/2319/2047 2046/2317/2046
f 2034/2303/2034 1889/2136/1889 1893/2141/1893
f 2054/2326/2054 1718/1963/1718 2046/2317/2046
f 1693/1936/1693 1695/1938/1695 991/2307/991
f 2002/2265/2002 1814/2061/1814 1787/2032/1787
f 929/2318/929 930/2277/930 2001/2264/2001
f 1989/2252/1989 2047/2319/2047 1990/2253/1990
f 2018/2283/2018 1976/2238/1976 1933/2189/1933
f 1949/2205/1949 1888/2135/1888 2048/2320/2048
f 1779/2024/1779 1777/2022/1777 2048/2320/2048
f 1898/2146/1898 2037/2306/2037 1928/2181/1928
f 1784/2029/1784 1817/2064/1817 1819/2066/1819
f 1973/2234/1973 1738/1983/1738 1782/2027/1782
f 1708/1953/1708 1853/2100/1853 1950/2206/1950
f 1948/2204/1948 1949/2205/1949 2055/2327/2055
f 2049/2321/2049 1921/2171/1921 2056/2328/2056
f 1919/2169/1919 2049/2321/2049 2057/2329/2057
f 2050/2322/2050 1948/2204/1948 2055/2327/2055
f 1921/2171/1921 2050/2322/2050 2056/2328/2056
f 2057/2329/2057 2035/2304/2035 1919/2169/1919
f 1682/1925/1682 1922/2172/1922 1883/2130/1883
f 1781/2026/1781 2014/2279/2014 1975/2237/1975
f 2017/2282/2017 2016/2281/2016 1887/2134/1887
f 2016/2281/2016 1682/1925/1682 1883/2130/1883
f 1980/2242/1980 1922/2172/1922 1731/1976/1731
f 1980/2242/1980 1731/1976/1731 1776/2021/1776
f 2036/2305/2036 2035/2304/2035 2051/2323/2051
f 2017/2282/2017 2052/2324/2052 2058/2330/2058
f 2058/2330/2058 2052/2324/2052 2051/2323/2051
f 1881/2128/1881 1794/2040/1794 2021/2286/2021
f 1747/1992/1747 1749/1994/1749 1719/1964/1719
f 2059/2331/2059 1747/1992/1747 2053/2325/2053
f 2032/2301/2032 1959/2218/1959 1760/2005/1760
f 2047/2319/2047 1967/2227/1967 2046/2317/2046
f 1848/2095/1848 2036/2305/2036 1849/2096/1849
f 2046/2317/2046 1968/2229/1968 2054/2326/2054
f 1929/2182/1929 2010/2274/2010 2013/2278/2013
f 1777/2022/1777 1778/2023/1778 1853/2100/1853
f 1965/2225/1965 1964/2224/1964 1869/2116/1869
f 1950/2206/1950 1853/2100/1853 1875/2122/1875
f 1695/1938/1695 915/2332/915 991/2307/991
f 2002/2265/2002 970/2060/970 1814/2061/1814
f 915/2332/915 1695/1938/1695 970/2060/970
f 991/2307/991 936/2333/936 1967/2227/1967
f 1709/1954/1709 1949/2205/1949 2048/2320/2048
f 1709/1954/1709 2055/2327/2055 1949/2205/1949
f 2056/2328/2056 2060/2334/2060 2049/2321/2049
f 1924/2175/1924 2011/2275/2011 2030/2298/2030
f 1982/2244/1982 1984/2246/1984 1981/2243/1981
f 2049/2321/2049 2024/2291/2024 2057/2329/2057
f 1923/2174/1923 1634/2156/1634 1991/2254/1991
f 2052/2324/2052 1887/2134/1887 1849/2096/1849
f 2055/2327/2055 982/2335/982 2050/2322/2050
f 2050/2322/2050 2060/2334/2060 2056/2328/2056
f 2061/2336/2061 2035/2304/2035 2057/2329/2057
f 1682/1925/1682 1726/1971/1726 1922/2172/1922
f 1739/1984/1739 1836/2083/1836 1740/1985/1740
f 2014/2279/2014 1780/2025/1780 2009/2273/2009
f 2051/2323/2051 2035/2304/2035 2042/2313/2042
f 2058/2330/2058 2051/2323/2051 2042/2313/2042
f 2062/2337/2062 1747/1992/1747 2059/2331/2059
f 1709/1954/1709 2048/2320/2048 1777/2022/1777
f 1888/2135/1888 1892/2140/1892 1889/2136/1889
f 1968/2229/1968 2046/2317/2046 1967/2227/1967
f 1968/2229/1968 2059/2331/2059 2054/2326/2054
f 1809/2055/1809 1808/2054/1808 1918/2168/1918
f 2017/2282/2017 2058/2330/2058 2063/2338/2063
f 1967/2227/1967 936/2333/936 894/2228/894
f 1709/1954/1709 1708/1953/1708 2055/2327/2055
f 2060/2334/2060 989/2289/989 2049/2321/2049
f 2061/2336/2061 2057/2329/2057 2024/2291/2024
f 2024/2291/2024 2049/2321/2049 989/2289/989
f 2044/2315/2044 2032/2301/2032 1786/2031/1786
f 2050/2322/2050 982/2335/982 986/2339/986
f 2055/2327/2055 981/2340/981 982/2335/982
f 986/2339/986 2060/2334/2060 2050/2322/2050
f 1990/2253/1990 1718/1963/1718 2031/2300/2031
f 2061/2336/2061 2043/2314/2043 2035/2304/2035
f 1683/1926/1683 1682/1925/1682 2015/2280/2015
f 2063/2338/2063 2058/2330/2058 2064/2341/2064
f 1687/1930/1687 2017/2282/2017 2063/2338/2063
f 2065/2342/2065 2058/2330/2058 2042/2313/2042
f 1748/1993/1748 1747/1992/1747 2062/2337/2062
f 1968/2229/1968 893/2343/893 2059/2331/2059
f 1853/2100/1853 1708/1953/1708 1707/1952/1707
f 2055/2327/2055 1708/1953/1708 993/2186/993
f 2024/2291/2024 2023/2290/2023 2061/2336/2061
f 2055/2327/2055 993/2186/993 981/2340/981
f 2066/2344/2066 2043/2314/2043 2061/2336/2061
f 2039/2309/2039 1779/2024/1779 1889/2136/1889
f 1687/1930/1687 1683/1926/1683 2017/2282/2017
f 2047/2319/2047 2045/2316/2045 1967/2227/1967
f 2065/2342/2065 2042/2313/2042 2043/2314/2043
f 2058/2330/2058 2065/2342/2065 2064/2341/2064
f 1748/1993/1748 962/2345/962 992/2207/992
f 2006/2269/2006 2033/2302/2033 2025/2293/2025
f 1831/2078/1831 2013/2278/2013 1797/2043/1797
f 979/2346/979 1748/1993/1748 2062/2337/2062
f 930/2277/930 2002/2265/2002 2001/2264/2001
f 971/2347/971 979/2346/979 2062/2337/2062
f 893/2343/893 971/2347/971 2059/2331/2059
f 1719/1964/1719 1718/1963/1718 2053/2325/2053
f 1968/2229/1968 894/2228/894 893/2343/893
f 2061/2336/2061 2023/2290/2023 2066/2344/2066
f 2043/2314/2043 2064/2341/2064 2065/2342/2065
f 1883/2130/1883 1887/2134/1887 2016/2281/2016
f 1671/2292/1671 1969/2230/1969 1900/2148/1900
f 1748/1993/1748 979/2346/979 962/2345/962
f 1870/2117/1870 1932/2188/1932 2009/2273/2009
f 2038/2308/2038 1930/2184/1930 1651/1946/1651
f 2044/2315/2044 1693/1936/1693 2032/2301/2032
f 1831/2078/1831 1929/2182/1929 2013/2278/2013
f 1894/2142/1894 1954/2213/1954 1907/2157/1907
f 1701/1945/1701 1900/2148/1900 1970/2231/1970
f 2067/2348/2067 1804/2050/1804 1724/1969/1724
f 2067/2348/2067 1724/1969/1724 2068/2349/2068
f 1983/2245/1983 2068/2349/2068 2069/2350/2069
f 2068/2349/2068 1724/1969/1724 2069/2350/2069
f 1975/2237/1975 2012/2276/2012 2022/2288/2022
f 2070/2351/2070 1983/2245/1983 2071/2352/2071
f 1798/2044/1798 1999/2262/1999 1799/2045/1799
f 1819/2066/1819 1818/2065/1818 1428/2212/1428
f 1952/2209/1952 2070/2351/2070 2072/2353/2072
f 2073/2354/2073 2071/2352/2071 1983/2245/1983
f 2071/2352/2071 2073/2354/2073 2074/2355/2074
f 2071/2352/2071 2075/2356/2075 2072/2353/2072
f 1963/2223/1963 1925/2178/1925 1926/2179/1926
f 1721/1966/1721 2076/2357/2076 1713/1958/1713
f 1863/2110/1863 1865/2112/1865 1947/2203/1947
f 2077/2358/2077 2074/2355/2074 2076/2357/2076
f 2077/2358/2077 2078/2359/2078 2074/2355/2074
f 2077/2358/2077 1721/1966/1721 2079/2360/2079
f 2080/2361/2080 2081/2362/2081 1898/2146/1898
f 1804/2050/1804 2067/2348/2067 2068/2349/2068
f 2081/2362/2081 2075/2356/2075 2078/2359/2078
f 2082/2363/2082 2078/2359/2078 2077/2358/2077
f 2079/2360/2079 2082/2363/2082 2077/2358/2077
f 2007/2270/2007 2033/2302/2033 2006/2269/2006
f 1787/2032/1787 2040/2311/2040 2001/2264/2001
f 2083/2364/2083 2037/2306/2037 1898/2146/1898
f 2011/2275/2011 1924/2175/1924 2029/2297/2029
f 1724/1969/1724 1713/1958/1713 2069/2350/2069
f 1898/2146/1898 1897/2145/1897 2080/2361/2080
f 2081/2362/2081 2078/2359/2078 2084/2365/2084
f 2082/2363/2082 2084/2365/2084 2078/2359/2078
f 2080/2361/2080 2072/2353/2072 2075/2356/2075
f 2085/2366/2085 2037/2306/2037 2083/2364/2083
f 2083/2364/2083 2081/2362/2081 2086/2367/2086
f 1983/2245/1983 2070/2351/2070 1901/2149/1901
f 2081/2362/2081 2080/2361/2080 2075/2356/2075
f 2081/2362/2081 2083/2364/2083 1898/2146/1898
f 2084/2365/2084 2086/2367/2086 2081/2362/2081
f 2060/2334/2060 986/2339/986 989/2289/989
f 2062/2337/2062 2059/2331/2059 971/2347/971
f 2068/2349/2068 1983/2245/1983 1804/2050/1804
f 2078/2359/2078 2075/2356/2075 2074/2355/2074
f 2086/2367/2086 2085/2366/2085 2083/2364/2083
f 2012/2276/2012 2011/2275/2011 2022/2288/2022
f 2073/2354/2073 2076/2357/2076 2074/2355/2074
f 1924/2175/1924 2027/2295/2027 2029/2297/2029
f 2072/2353/2072 2080/2361/2080 1897/2145/1897
f 2077/2358/2077 2076/2357/2076 1721/1966/1721
f 1970/2231/1970 2019/2284/2019 1701/1945/1701
f 2075/2356/2075 2071/2352/2071 2074/2355/2074
f 2076/2357/2076 2069/2350/2069 1713/1958/1713
f 1952/2209/1952 1901/2149/1901 2070/2351/2070
f 2073/2354/2073 2069/2350/2069 2076/2357/2076
f 1907/2157/1907 1954/2213/1954 1972/2233/1972
f 1897/2145/1897 1952/2209/1952 2072/2353/2072
f 1747/1992/1747 1719/1964/1719 2053/2325/2053
f 2070/2351/2070 2071/2352/2071 2072/2353/2072
f 2073/2354/2073 1983/2245/1983 2069/2350/2069
f 2087/2368/2087 2088/2369/2088 2089/2370/2089
f 2090/2371/2090 2087/2368/2087 2089/2370/2089
f 1696/1939/1696 2091/2372/2091 1790/2035/1790
f 2030/2298/2030 1673/2310/1673 1924/2175/1924
f 2092/2373/2092 2088/2369/2088 2087/2368/2087
f 1708/1953/1708 992/2207/992 922/2187/922
f 2019/2284/2019 2038/2308/2038 1651/1946/1651
f 2092/2373/2092 2087/2368/2087 1705/1950/1705
f 1690/1933/1690 1891/2139/1891 1844/2091/1844
f 1692/1935/1692 1687/1930/1687 2063/2338/2063
f 2005/2268/2005 1910/2160/1910 1909/2159/1909
f 1911/2161/1911 1915/2165/1915 1733/1978/1733
f 1695/1938/1695 1694/1937/1694 1814/2061/1814
f 2093/2374/2093 1692/1935/1692 2063/2338/2063
f 2064/2341/2064 2043/2314/2043 2094/2375/2094
f 1692/1935/1692 2095/2376/2095 1688/1931/1688
f 2093/2374/2093 2064/2341/2064 2096/2377/2096
f 2097/2378/2097 2043/2314/2043 2066/2344/2066
f 2094/2375/2094 2096/2377/2096 2064/2341/2064
f 2093/2374/2093 2096/2377/2096 2095/2376/2095
f 2098/2379/2098 1790/2035/1790 2091/2372/2091
f 1686/1929/1686 2098/2379/2098 1705/1950/1705
f 1798/2044/1798 1945/2201/1945 1809/2055/1809
f 1692/1935/1692 2093/2374/2093 2095/2376/2095
f 2093/2374/2093 2063/2338/2063 2064/2341/2064
f 2094/2375/2094 2043/2314/2043 2097/2378/2097
f 1688/1931/1688 2095/2376/2095 1696/1939/1696
f 1705/1950/1705 2098/2379/2098 2092/2373/2092
f 2059/2331/2059 2053/2325/2053 2054/2326/2054
f 1790/2035/1790 2098/2379/2098 1686/1929/1686
f 2099/2380/2099 1705/1950/1705 2087/2368/2087
f 2087/2368/2087 2090/2371/2090 2100/2381/2100
f 1973/2234/1973 1782/2027/1782 1759/2004/1759
f 2101/2382/2101 2099/2380/2099 2087/2368/2087
f 2101/2382/2101 2087/2368/2087 2100/2381/2100
f 2102/2383/2102 2103/2384/2103 2104/2385/2104
f 1973/2234/1973 1759/2004/1759 2028/2296/2028
f 2105/2386/2105 2106/2387/2106 2107/2388/2107
f 1961/2221/1961 1702/1947/1702 1691/1934/1691
f 2108/2389/2108 2100/2381/2100 2102/2383/2102
f 2108/2389/2108 1750/1995/1750 1735/1980/1735
f 2103/2384/2103 2109/2390/2109 2104/2385/2104
f 2107/2388/2107 2110/2391/2110 2105/2386/2105
f 2103/2384/2103 2105/2386/2105 2111/2392/2111
f 2112/2393/2112 1750/1995/1750 2108/2389/2108
f 2112/2393/2112 2109/2390/2109 2113/2394/2113
f 2109/2390/2109 2112/2393/2112 2104/2385/2104
f 2114/2395/2114 1867/2114/1867 1838/2085/1838
f 1732/1977/1732 1961/2221/1961 1729/1974/1729
f 2108/2389/2108 2102/2383/2102 2104/2385/2104
f 1694/1937/1694 1693/1936/1693 2044/2315/2044
f 2104/2385/2104 2112/2393/2112 2108/2389/2108
f 2113/2394/2113 1785/2030/1785 2112/2393/2112
f 2112/2393/2112 1785/2030/1785 1750/1995/1750
f 2026/2294/2026 1973/2234/1973 2028/2296/2028
f 1674/1917/1674 1911/2161/1911 1927/2180/1927
f 2114/2395/2114 1838/2085/1838 1800/2046/1800
f 2103/2384/2103 2111/2392/2111 2109/2390/2109
f 1931/2185/1931 2018/2283/2018 1933/2189/1933
f 2101/2382/2101 1735/1980/1735 1706/1951/1706
f 2106/2387/2106 2103/2384/2103 2102/2383/2102
f 2108/2389/2108 1735/1980/1735 2101/2382/2101
f 1979/2241/1979 1986/2248/1986 1965/2225/1965
f 2114/2395/2114 1800/2046/1800 1785/2030/1785
f 1706/1951/1706 2099/2380/2099 2101/2382/2101
f 2106/2387/2106 2102/2383/2102 2100/2381/2100
f 2111/2392/2111 2105/2386/2105 2110/2391/2110
f 2099/2380/2099 1706/1951/1706 1705/1950/1705
f 2108/2389/2108 2101/2382/2101 2100/2381/2100
f 2105/2386/2105 2103/2384/2103 2106/2387/2106
f 2090/2371/2090 2106/2387/2106 2100/2381/2100
f 2115/2396/2115 2116/2397/2116 2117/2398/2117
f 2118/2399/2118 2119/2400/2119 2120/2401/2120
f 2121/2402/2121 2122/2403/2122 2123/2404/2123
f 2123/2404/2123 2124/2405/2124 2121/2402/2121
f 2125/2406/2125 2126/2407/2126 2127/2408/2127
f 2128/2409/2128 2124/2405/2124 2129/2410/2129
f 2106/2411/2106 2090/2412/2090 2130/2413/2130
f 2131/2414/2131 2132/2415/2132 2133/2416/2133
f 2134/2417/2134 2135/2418/2135 2136/2419/2136
f 2137/2420/2137 2138/2421/2138 2139/2422/2139
f 2140/2423/2140 2141/2424/2141 2142/2425/2142
f 2143/2426/2143 2144/2427/2144 2145/2428/2145
f 2090/2412/2090 2089/2429/2089 2146/2430/2146
f 2147/2431/2147 2116/2397/2116 2148/2432/2148
f 2149/2433/2149 2150/2434/2150 2151/2435/2151
f 2152/2436/2152 2153/2437/2153 2126/2407/2126
f 2154/2438/2154 2155/2439/2155 2156/2440/2156
f 2157/2441/2157 2134/2417/2134 2158/2442/2158
f 2159/2443/2159 2160/2444/2160 2161/2445/2161
f 2162/2446/2162 2154/2438/2154 2163/2447/2163
f 2164/2448/2164 2165/2449/2165 2150/2434/2150
f 2166/2450/2166 2135/2418/2135 2167/2451/2167
f 2168/2452/2168 2169/2453/2169 2170/2454/2170
f 2157/2441/2157 2171/2455/2171 2134/2417/2134
f 2172/2456/2172 2173/2457/2173 2174/2458/2174
f 2158/2442/2158 2175/2459/2175 2157/2441/2157
f 2066/2460/2066 2023/2461/2023 2176/2462/2176
f 977/2463/977 2177/2464/2177 2178/2465/2178
f 2179/2466/2179 2180/2467/2180 2181/2468/2181
f 2182/2469/2182 2183/2470/2183 2119/2400/2119
f 2119/2400/2119 2184/2471/2184 2182/2469/2182
f 2185/2472/2185 2186/2473/2186 2187/2474/2187
f 2187/2474/2187 2188/2475/2188 2169/2453/2169
f 2177/2464/2177 977/2463/977 933/2476/933
f 2189/2477/2189 2167/2451/2167 2190/2478/2190
f 2191/2479/2191 2096/2480/2096 2094/2481/2094
f 2185/2472/2185 2192/2482/2192 2186/2473/2186
f 2193/2483/2193 2138/2421/2138 2194/2484/2194
f 2195/2485/2195 2196/2486/2196 2197/2487/2197
f 2198/2488/2198 2141/2424/2141 2199/2489/2199
f 2200/2490/2200 2201/2491/2201 2152/2436/2152
f 2202/2492/2202 2172/2456/2172 2174/2458/2174
f 2203/2493/2203 2204/2494/2204 2205/2495/2205
f 2206/2496/2206 2176/2462/2176 2207/2497/2207
f 2208/2498/2208 2196/2486/2196 2209/2499/2209
f 2141/2424/2141 2198/2488/2198 2142/2425/2142
f 2210/2500/2210 2211/2501/2211 2212/2502/2212
f 2142/2425/2142 2213/2503/2213 2214/2504/2214
f 2206/2496/2206 2155/2439/2155 2215/2505/2215
f 2216/2506/2216 2217/2507/2217 2218/2508/2218
f 2219/2509/2219 2220/2510/2220 2221/2511/2221
f 2222/2512/2222 2223/2513/2223 2224/2514/2224
f 945/2515/945 2202/2492/2202 2177/2464/2177
f 2225/2516/2225 2226/2517/2226 2227/2518/2227
f 2227/2518/2227 189/2519/189 188/2520/188
f 2228/2521/2228 2229/2522/2229 2230/2523/2230
f 2231/2524/2231 2232/2525/2232 2233/2526/2233
f 2222/2512/2222 2234/2527/2234 2235/2528/2235
f 2236/2529/2236 2237/2530/2237 2135/2418/2135
f 2238/2531/2238 2212/2502/2212 2239/2532/2239
f 2240/2533/2240 2136/2419/2136 2164/2448/2164
f 2240/2533/2240 2164/2448/2164 2149/2433/2149
f 2217/2507/2217 2213/2503/2213 2142/2425/2142
f 2241/2534/2241 2242/2535/2242 2243/2536/2243
f 2240/2533/2240 2149/2433/2149 2220/2510/2220
f 2215/2505/2215 2155/2439/2155 2244/2537/2244
f 2232/2525/2232 2245/2538/2245 2246/2539/2246
f 2213/2503/2213 2246/2539/2246 2247/2540/2247
f 2200/2490/2200 2160/2444/2160 2248/2541/2248
f 2249/2542/2249 2162/2446/2162 2250/2543/2250
f 2222/2512/2222 2224/2514/2224 2251/2544/2251
f 2167/2451/2167 2252/2545/2252 2166/2450/2166
f 2215/2505/2215 2224/2514/2224 2191/2479/2191
f 2136/2419/2136 2135/2418/2135 2237/2530/2237
f 2152/2436/2152 2126/2407/2126 2125/2406/2125
f 2092/2546/2092 2098/2547/2098 2253/2548/2253
f 2240/2533/2240 2254/2549/2254 2136/2419/2136
f 984/2550/984 2202/2492/2202 945/2515/945
f 2252/2545/2252 2255/2551/2255 2166/2450/2166
f 2236/2529/2236 2135/2418/2135 2166/2450/2166
f 2221/2511/2221 2256/2552/2256 2257/2553/2257
f 2216/2506/2216 2232/2525/2232 2246/2539/2246
f 2236/2529/2236 2241/2534/2241 2258/2554/2258
f 2259/2555/2259 2238/2531/2238 2239/2532/2239
f 2165/2449/2165 2260/2556/2260 2150/2434/2150
f 2261/2557/2261 2262/2558/2262 2263/2559/2263
f 2264/2560/2264 2146/2430/2146 2265/2561/2265
f 2217/2507/2217 2198/2488/2198 2266/2562/2266
f 2230/2523/2230 2153/2437/2153 2267/2563/2267
f 2268/2564/2268 2235/2528/2235 2234/2527/2234
f 980/2565/980 2226/2517/2226 2269/2566/2269
f 2270/2567/2270 2140/2423/2140 2271/2568/2271
f 2272/2569/2272 2262/2558/2262 2261/2557/2261
f 2273/2570/2273 2274/2571/2274 2275/2572/2275
f 2171/2455/2171 2190/2478/2190 2167/2451/2167
f 2276/2573/2276 2137/2420/2137 2277/2574/2277
f 2243/2536/2243 2278/2575/2278 2279/2576/2279
f 2187/2474/2187 2151/2435/2151 2185/2472/2185
f 984/2550/984 855/2577/855 2269/2566/2269
f 980/2565/980 189/2519/189 2227/2518/2227
f 188/2520/188 2280/2578/2280 2227/2518/2227
f 2125/2406/2125 2250/2543/2250 2281/2579/2281
f 2250/2543/2250 2162/2446/2162 2180/2467/2180
f 2165/2449/2165 2237/2530/2237 2258/2554/2258
f 2257/2553/2257 2256/2552/2256 2168/2452/2168
f 2282/2580/2282 2283/2581/2283 2284/2582/2284
f 2236/2529/2236 2166/2450/2166 2285/2583/2285
f 2286/2584/2286 2257/2553/2257 2168/2452/2168
f 2246/2539/2246 2245/2538/2245 2167/2451/2167
f 2165/2449/2165 2258/2554/2258 2260/2556/2260
f 2287/2585/2287 2288/2586/2288 2289/2587/2289
f 2290/2588/2290 2200/2490/2200 2291/2589/2291
f 2292/2590/2292 2130/2413/2130 2293/2591/2293
f 2294/2592/2294 2187/2474/2187 2169/2453/2169
f 2295/2593/2295 2296/2594/2296 2289/2587/2289
f 2203/2493/2203 2297/2595/2297 2204/2494/2204
f 2170/2454/2170 2298/2596/2298 2286/2584/2286
f 2193/2483/2193 2299/2597/2299 2138/2421/2138
f 2218/2508/2218 2217/2507/2217 2266/2562/2266
f 2193/2483/2193 2200/2490/2200 2152/2436/2152
f 2186/2473/2186 2192/2482/2192 2182/2469/2182
f 2167/2451/2167 2135/2418/2135 2171/2455/2171
f 2163/2447/2163 2300/2598/2300 2301/2599/2301
f 2269/2566/2269 2202/2492/2202 984/2550/984
f 2258/2554/2258 2287/2585/2287 2260/2556/2260
f 2302/2600/2302 2300/2598/2300 2303/2601/2303
f 2265/2561/2265 2092/2546/2092 2253/2548/2253
f 2110/2602/2110 2107/2603/2107 2304/2604/2304
f 2089/2429/2089 2265/2561/2265 2146/2430/2146
f 2305/2605/2305 2306/2606/2306 2304/2604/2304
f 2307/2607/2307 2231/2524/2231 2233/2526/2233
f 2270/2567/2270 2141/2424/2141 2140/2423/2140
f 2250/2543/2250 2180/2467/2180 2281/2579/2281
f 2149/2433/2149 2164/2448/2164 2150/2434/2150
f 2285/2583/2285 2255/2551/2255 2308/2608/2308
f 2154/2438/2154 2309/2609/2309 2163/2447/2163
f 2236/2529/2236 2285/2583/2285 2242/2535/2242
f 2096/2480/2096 2224/2514/2224 2223/2513/2223
f 2296/2594/2296 2295/2593/2295 2310/2610/2310
f 2307/2607/2307 2311/2611/2311 2231/2524/2231
f 2271/2568/2271 2140/2423/2140 2312/2612/2312
f 2142/2425/2142 2198/2488/2198 2217/2507/2217
f 2313/2613/2313 2314/2614/2314 2315/2615/2315
f 2166/2450/2166 2255/2551/2255 2285/2583/2285
f 2297/2595/2297 2310/2610/2310 2204/2494/2204
f 2207/2497/2207 2155/2439/2155 2206/2496/2206
f 2196/2486/2196 2195/2485/2195 2209/2499/2209
f 2271/2568/2271 2316/2616/2316 2317/2617/2317
f 2215/2505/2215 2251/2544/2251 2224/2514/2224
f 2239/2532/2239 2313/2613/2313 2315/2615/2315
f 2149/2433/2149 2294/2592/2294 2221/2511/2221
f 2230/2523/2230 2267/2563/2267 2228/2521/2228
f 2318/2618/2318 2319/2619/2319 2320/2620/2320
f 2307/2607/2307 2273/2570/2273 2321/2621/2321
f 2322/2622/2322 2295/2593/2295 2289/2587/2289
f 2122/2403/2122 2323/2623/2323 2324/2624/2324
f 2325/2625/2325 2182/2469/2182 2184/2471/2184
f 2326/2626/2326 2261/2557/2261 2263/2559/2263
f 2225/2516/2225 2227/2518/2227 2280/2578/2280
f 2327/2627/2327 2188/2475/2188 2328/2628/2328
f 2274/2571/2274 2307/2607/2307 2266/2562/2266
f 2329/2629/2329 2310/2610/2310 2295/2593/2295
f 2226/2517/2226 2172/2456/2172 2269/2566/2269
f 2326/2626/2326 2225/2516/2225 2330/2630/2330
f 2210/2500/2210 2238/2531/2238 2331/2631/2331
f 2332/2632/2332 2199/2489/2199 2270/2567/2270
f 2329/2629/2329 2333/2633/2333 2204/2494/2204
f 2301/2599/2301 2180/2467/2180 2162/2446/2162
f 2282/2580/2282 2284/2582/2284 2209/2499/2209
f 2334/2634/2334 2335/2635/2335 2336/2636/2336
f 2317/2617/2317 2337/2637/2337 2271/2568/2271
f 2228/2521/2228 2338/2638/2338 2282/2580/2282
f 2230/2523/2230 2268/2564/2268 2234/2527/2234
f 2329/2629/2329 2204/2494/2204 2310/2610/2310
f 2090/2412/2090 2339/2639/2339 2293/2591/2293
f 2292/2590/2292 2293/2591/2293 2340/2640/2340
f 2311/2611/2311 2341/2641/2341 2231/2524/2231
f 2234/2527/2234 2222/2512/2222 2342/2642/2342
f 2343/2643/2343 2194/2484/2194 2138/2421/2138
f 2207/2497/2207 2344/2644/2344 2335/2635/2335
f 2283/2581/2283 2338/2638/2338 2248/2541/2248
f 2275/2572/2275 2205/2495/2205 2273/2570/2273
f 2273/2570/2273 2205/2495/2205 2333/2633/2333
f 2196/2486/2196 2208/2498/2208 2239/2532/2239
f 2335/2635/2335 2344/2644/2344 837/2645/837
f 2308/2608/2308 2232/2525/2232 2231/2524/2231
f 2345/2646/2345 2326/2626/2326 2330/2630/2330
f 2208/2498/2208 2209/2499/2209 2284/2582/2284
f 2169/2453/2169 2188/2475/2188 2346/2647/2346
f 2174/2458/2174 2179/2466/2179 2347/2648/2347
f 2255/2551/2255 2232/2525/2232 2308/2608/2308
f 2196/2486/2196 2239/2532/2239 2315/2615/2315
f 2308/2608/2308 2242/2535/2242 2285/2583/2285
f 2279/2576/2279 2278/2575/2278 2311/2611/2311
f 2311/2611/2311 2307/2607/2307 2321/2621/2321
f 2147/2431/2147 2348/2649/2348 2323/2623/2323
f 2106/2411/2106 2130/2413/2130 2107/2603/2107
f 2213/2503/2213 2217/2507/2217 2216/2506/2216
f 2193/2483/2193 2152/2436/2152 2299/2597/2299
f 2238/2531/2238 2210/2500/2210 2212/2502/2212
f 2301/2599/2301 2181/2468/2181 2180/2467/2180
f 2097/2650/2097 2066/2460/2066 2206/2496/2206
f 2349/2651/2349 2263/2559/2263 2350/2652/2350
f 2199/2489/2199 2141/2424/2141 2270/2567/2270
f 2325/2625/2325 2328/2628/2328 2182/2469/2182
f 2287/2585/2287 2185/2472/2185 2260/2556/2260
f 2308/2608/2308 2278/2575/2278 2242/2535/2242
f 2279/2576/2279 2322/2622/2322 2288/2586/2288
f 2134/2417/2134 2136/2419/2136 2254/2549/2254
f 2320/2620/2320 2173/2457/2173 2349/2651/2349
f 2329/2629/2329 2322/2622/2322 2311/2611/2311
f 2343/2643/2343 2324/2624/2324 2194/2484/2194
f 2259/2555/2259 2159/2443/2159 2161/2445/2161
f 2185/2472/2185 2151/2435/2151 2150/2434/2150
f 2202/2492/2202 2269/2566/2269 2172/2456/2172
f 2241/2534/2241 2236/2529/2236 2242/2535/2242
f 2351/2653/2351 2263/2559/2263 2349/2651/2349
f 2352/2654/2352 2353/2655/2353 2253/2548/2253
f 2294/2592/2294 2149/2433/2149 2151/2435/2151
f 2159/2443/2159 2248/2541/2248 2160/2444/2160
f 2322/2622/2322 2279/2576/2279 2311/2611/2311
f 2350/2652/2350 2320/2620/2320 2349/2651/2349
f 2248/2541/2248 2338/2638/2338 2267/2563/2267
f 2138/2421/2138 2299/2597/2299 2139/2422/2139
f 2299/2597/2299 2354/2656/2354 2139/2422/2139
f 2307/2607/2307 2233/2526/2233 2218/2508/2218
f 2280/2578/2280 188/2520/188 203/2657/203
f 2355/2658/2355 2310/2610/2310 2297/2595/2297
f 2238/2531/2238 2259/2555/2259 2161/2445/2161
f 2356/2659/2356 2317/2617/2317 2316/2616/2316
f 2272/2569/2272 2298/2596/2298 2170/2454/2170
f 2278/2575/2278 2308/2608/2308 2341/2641/2341
f 2276/2573/2276 2277/2574/2277 2325/2625/2325
f 2258/2554/2258 2241/2534/2241 2288/2586/2288
f 2139/2422/2139 2354/2656/2354 2180/2467/2180
f 2277/2574/2277 2357/2660/2357 2318/2618/2318
f 2300/2598/2300 2302/2600/2302 2347/2648/2347
f 2339/2639/2339 2146/2430/2146 2358/2661/2358
f 2347/2648/2347 2202/2492/2202 2174/2458/2174
f 2300/2598/2300 2178/2465/2178 2303/2601/2303
f 2359/2662/2359 2158/2442/2158 2134/2417/2134
f 2223/2513/2223 1696/2663/1696 2095/2664/2095
f 2156/2440/2156 2155/2439/2155 2207/2497/2207
f 2324/2624/2324 2343/2643/2343 2123/2404/2123
f 2098/2547/2098 2091/2665/2091 2352/2654/2352
f 2350/2652/2350 2263/2559/2263 2360/2666/2360
f 2088/2667/2088 2092/2546/2092 2265/2561/2265
f 2334/2634/2334 2163/2447/2163 2309/2609/2309
f 2337/2637/2337 2317/2617/2317 2356/2659/2356
f 2326/2626/2326 2345/2646/2345 2261/2557/2261
f 2281/2579/2281 2299/2597/2299 2125/2406/2125
f 2326/2626/2326 2263/2559/2263 2351/2653/2351
f 2157/2441/2157 2190/2478/2190 2171/2455/2171
f 2329/2629/2329 2311/2611/2311 2321/2621/2321
f 837/2645/837 977/2463/977 2336/2636/2336
f 2340/2640/2340 2197/2487/2197 2292/2590/2292
f 2179/2466/2179 2139/2422/2139 2180/2467/2180
f 855/2577/855 980/2565/980 2269/2566/2269
f 2351/2653/2351 2225/2516/2225 2326/2626/2326
f 2244/2537/2244 2155/2439/2155 2154/2438/2154
f 2244/2537/2244 2251/2544/2251 2215/2505/2215
f 2173/2457/2173 2320/2620/2320 2174/2458/2174
f 2307/2607/2307 2218/2508/2218 2266/2562/2266
f 2304/2604/2304 2306/2606/2306 2110/2602/2110
f 2123/2404/2123 2122/2403/2122 2324/2624/2324
f 2343/2643/2343 2124/2405/2124 2123/2404/2123
f 2291/2589/2291 2200/2490/2200 2193/2483/2193
f 2135/2418/2135 2134/2417/2134 2171/2455/2171
f 2137/2420/2137 2343/2643/2343 2138/2421/2138
f 2222/2512/2222 2251/2544/2251 2342/2642/2342
f 2234/2527/2234 2342/2642/2342 2230/2523/2230
f 2218/2508/2218 2233/2526/2233 2216/2506/2216
f 2345/2646/2345 2272/2569/2272 2261/2557/2261
f 2361/2668/2361 2191/2479/2191 2094/2481/2094
f 2137/2420/2137 2139/2422/2139 2179/2466/2179
f 2307/2607/2307 2274/2571/2274 2273/2570/2273
f 2362/2669/2362 2248/2541/2248 2267/2563/2267
f 2220/2510/2220 2254/2549/2254 2240/2533/2240
f 2319/2619/2319 2179/2466/2179 2174/2458/2174
f 2303/2601/2303 2177/2464/2177 2302/2600/2302
f 2200/2490/2200 2362/2669/2362 2201/2491/2201
f 2319/2619/2319 2174/2458/2174 2320/2620/2320
f 2124/2405/2124 2343/2643/2343 2363/2670/2363
f 2343/2643/2343 2137/2420/2137 2363/2670/2363
f 2335/2635/2335 2334/2634/2334 2207/2497/2207
f 2358/2661/2358 2146/2430/2146 2264/2560/2264
f 2336/2636/2336 2335/2635/2335 837/2645/837
f 2293/2591/2293 2339/2639/2339 2358/2661/2358
f 2159/2443/2159 2259/2555/2259 2283/2581/2283
f 2348/2649/2348 2290/2588/2290 2291/2589/2291
f 2137/2420/2137 2179/2466/2179 2357/2660/2357
f 2124/2405/2124 2363/2670/2363 2184/2471/2184
f 2219/2509/2219 2221/2511/2221 2257/2553/2257
f 2238/2531/2238 2161/2445/2161 2364/2671/2364
f 2164/2448/2164 2237/2530/2237 2165/2449/2165
f 2365/2672/2365 2228/2521/2228 2282/2580/2282
f 2303/2601/2303 2178/2465/2178 2177/2464/2177
f 2180/2467/2180 2354/2656/2354 2281/2579/2281
f 2347/2648/2347 2181/2468/2181 2300/2598/2300
f 2366/2673/2366 2367/2674/2367 2368/2675/2368
f 2369/2676/2369 2370/2677/2370 2371/2678/2371
f 2372/2679/2372 2373/2680/2373 2374/2681/2374
f 2375/2682/2375 2376/2683/2376 2377/2684/2377
f 2378/2685/2378 2374/2681/2374 2373/2680/2373
f 1265/2686/1265 1267/2687/1267 2133/2416/2133
f 2209/2499/2209 2358/2661/2358 2365/2672/2365
f 2379/2688/2379 2380/2689/2380 2381/2690/2381
f 2382/2691/2382 2383/2692/2383 2384/2693/2384
f 2228/2521/2228 2267/2563/2267 2338/2638/2338
f 2274/2571/2274 2373/2680/2373 2385/2694/2385
f 2386/2695/2386 2387/2696/2387 2388/2697/2388
f 2389/2698/2389 2390/2699/2390 2384/2693/2384
f 2332/2632/2332 2337/2637/2337 2391/2700/2391
f 2378/2685/2378 2373/2680/2373 2199/2489/2199
f 2192/2482/2192 2185/2472/2185 2392/2701/2392
f 2393/2702/2393 2367/2674/2367 2394/2703/2394
f 2324/2624/2324 2291/2589/2291 2193/2483/2193
f 2361/2668/2361 2094/2481/2094 2097/2650/2097
f 2184/2471/2184 2119/2400/2119 2129/2410/2129
f 2205/2495/2205 2275/2572/2275 2395/2704/2395
f 2131/2414/2131 2133/2416/2133 2396/2705/2396
f 2397/2706/2397 2398/2707/2398 2399/2708/2399
f 2353/2655/2353 2352/2654/2352 2235/2528/2235
f 2263/2559/2263 2262/2558/2262 2360/2666/2360
f 2400/2709/2400 2401/2710/2401 2402/2711/2402
f 2403/2712/2403 2404/2713/2404 2405/2714/2405
f 2406/2715/2406 2407/2716/2407 2388/2697/2388
f 2350/2652/2350 2408/2717/2408 2320/2620/2320
f 1264/2718/1264 1256/2719/1256 2409/2720/2409
f 2259/2555/2259 2239/2532/2239 2208/2498/2208
f 2226/2517/2226 980/2565/980 2227/2518/2227
f 2379/2688/2379 2410/2721/2410 2411/2722/2411
f 2310/2610/2310 2355/2658/2355 2296/2594/2296
f 2199/2489/2199 2373/2680/2373 2266/2562/2266
f 2186/2473/2186 2188/2475/2188 2187/2474/2187
f 2412/2723/2412 2203/2493/2203 2413/2724/2413
f 2298/2596/2298 2272/2569/2272 2414/2725/2414
f 2415/2726/2415 2374/2681/2374 2404/2713/2404
f 2319/2619/2319 2318/2618/2318 2357/2660/2357
f 2182/2469/2182 2192/2482/2192 2183/2470/2183
f 2315/2615/2315 2197/2487/2197 2196/2486/2196
f 2416/2727/2416 2403/2712/2403 2366/2673/2366
f 2417/2728/2417 2418/2729/2418 2389/2698/2389
f 2366/2673/2366 2403/2712/2403 2367/2674/2367
f 2349/2651/2349 2225/2516/2225 2351/2653/2351
f 2276/2573/2276 2184/2471/2184 2363/2670/2363
f 2253/2548/2253 2353/2655/2353 2419/2730/2419
f 2388/2697/2388 2415/2726/2415 2416/2727/2416
f 2413/2724/2413 2143/2426/2143 2420/2731/2420
f 2421/2732/2421 2407/2716/2407 2422/2733/2422
f 2323/2623/2323 2291/2589/2291 2324/2624/2324
f 2356/2659/2356 2423/2734/2423 2391/2700/2391
f 2225/2516/2225 2280/2578/2280 203/2657/203
f 2424/2735/2424 2220/2510/2220 2425/2736/2425
f 2426/2737/2426 2411/2722/2411 2427/2738/2427
f 2428/2739/2428 2429/2740/2429 2430/2741/2430
f 2200/2490/2200 2248/2541/2248 2362/2669/2362
f 2353/2655/2353 2229/2522/2229 2365/2672/2365
f 2431/2742/2431 2432/2743/2432 2433/2744/2433
f 2299/2597/2299 2152/2436/2152 2125/2406/2125
f 2434/2745/2434 2345/2646/2345 2330/2630/2330
f 2309/2609/2309 2156/2440/2156 2207/2497/2207
f 2375/2682/2375 2435/2746/2435 2436/2747/2436
f 2367/2674/2367 2405/2714/2405 2394/2703/2394
f 2244/2537/2244 2154/2438/2154 2127/2408/2127
f 2275/2572/2275 2385/2694/2385 2401/2710/2401
f 2219/2509/2219 2425/2736/2425 2220/2510/2220
f 2398/2707/2398 2416/2727/2416 2399/2708/2399
f 2251/2544/2251 2244/2537/2244 2127/2408/2127
f 2437/2748/2437 2438/2749/2438 2439/2750/2439
f 2220/2510/2220 2424/2735/2424 2254/2549/2254
f 2213/2503/2213 2247/2540/2247 2214/2504/2214
f 2440/2751/2440 2425/2736/2425 2219/2509/2219
f 2441/2752/2441 2131/2414/2131 2442/2753/2442
f 2390/2699/2390 2382/2691/2382 2384/2693/2384
f 2443/2754/2443 2423/2734/2423 2444/2755/2444
f 2352/2654/2352 1696/2663/1696 2235/2528/2235
f 2199/2489/2199 2443/2754/2443 2378/2685/2378
f 2385/2694/2385 2275/2572/2275 2274/2571/2274
f 2429/2740/2429 2386/2695/2386 2398/2707/2398
f 2440/2751/2440 2219/2509/2219 2445/2756/2445
f 2446/2757/2446 2447/2758/2447 2448/2759/2448
f 2387/2696/2387 2406/2715/2406 2388/2697/2388
f 2449/2760/2449 2450/2761/2450 2382/2691/2382
f 2451/2762/2451 2415/2726/2415 2402/2711/2402
f 2385/2694/2385 2372/2679/2372 2402/2711/2402
f 2194/2484/2194 2324/2624/2324 2193/2483/2193
f 2372/2679/2372 2374/2681/2374 2451/2762/2451
f 2212/2502/2212 2314/2614/2314 2313/2613/2313
f 2364/2671/2364 2348/2649/2348 2147/2431/2147
f 2222/2512/2222 2235/2528/2235 1696/2663/1696
f 2361/2668/2361 2215/2505/2215 2191/2479/2191
f 2126/2407/2126 2342/2642/2342 2251/2544/2251
f 2242/2535/2242 2278/2575/2278 2243/2536/2243
f 2122/2403/2122 2376/2683/2376 2375/2682/2375
f 2443/2754/2443 2391/2700/2391 2423/2734/2423
f 2438/2749/2438 2437/2748/2437 2435/2746/2435
f 2373/2680/2373 2372/2679/2372 2385/2694/2385
f 2407/2716/2407 2446/2757/2446 2448/2759/2448
f 2374/2681/2374 2378/2685/2378 2452/2763/2452
f 2426/2737/2426 2409/2720/2409 2379/2688/2379
f 2230/2523/2230 2342/2642/2342 2153/2437/2153
f 2360/2666/2360 2262/2558/2262 2170/2454/2170
f 2399/2708/2399 2416/2727/2416 2453/2764/2453
f 2122/2403/2122 2375/2682/2375 2116/2397/2116
f 2205/2495/2205 2454/2765/2454 2203/2493/2203
f 2277/2574/2277 2328/2628/2328 2325/2625/2325
f 2356/2659/2356 2391/2700/2391 2337/2637/2337
f 2362/2669/2362 2153/2437/2153 2201/2491/2201
f 2451/2762/2451 2402/2711/2402 2372/2679/2372
f 2088/2667/2088 2265/2561/2265 2089/2429/2089
f 2455/2766/2455 2442/2753/2442 2456/2767/2456
f 2398/2707/2398 2397/2706/2397 2429/2740/2429
f 2431/2742/2431 2444/2755/2444 2423/2734/2423
f 2350/2652/2350 2360/2666/2360 2408/2717/2408
f 2369/2676/2369 2457/2768/2457 2370/2677/2370
f 2219/2509/2219 2286/2584/2286 2445/2756/2445
f 2333/2633/2333 2321/2621/2321 2273/2570/2273
f 2405/2714/2405 2444/2755/2444 2394/2703/2394
f 2277/2574/2277 2137/2420/2137 2357/2660/2357
f 2442/2753/2442 2145/2428/2145 2441/2752/2441
f 2254/2549/2254 2359/2662/2359 2134/2417/2134
f 2407/2716/2407 2400/2709/2400 2388/2697/2388
f 2408/2717/2408 2346/2647/2346 2318/2618/2318
f 2444/2755/2444 2431/2742/2431 2394/2703/2394
f 2410/2721/2410 2386/2695/2386 2411/2722/2411
f 2276/2573/2276 2325/2625/2325 2184/2471/2184
f 2446/2757/2446 2406/2715/2406 2458/2769/2458
f 2367/2674/2367 2403/2712/2403 2405/2714/2405
f 2259/2555/2259 2208/2498/2208 2284/2582/2284
f 2397/2706/2397 2453/2764/2453 2459/2770/2459
f 2404/2713/2404 2403/2712/2403 2415/2726/2415
f 2312/2612/2312 2460/2771/2460 2316/2616/2316
f 2142/2425/2142 2214/2504/2214 2140/2423/2140
f 2453/2764/2453 2397/2706/2397 2399/2708/2399
f 2454/2765/2454 2422/2733/2422 2461/2772/2461
f 2461/2772/2461 2203/2493/2203 2454/2765/2454
f 2422/2733/2422 2448/2759/2448 2461/2772/2461
f 2117/2398/2117 2462/2773/2462 2115/2396/2115
f 2207/2497/2207 2334/2634/2334 2309/2609/2309
f 2429/2740/2429 2427/2738/2427 2411/2722/2411
f 2454/2765/2454 2395/2704/2395 2422/2733/2422
f 2266/2562/2266 2373/2680/2373 2274/2571/2274
f 2129/2410/2129 2119/2400/2119 2118/2399/2118
f 2097/2650/2097 2206/2496/2206 2361/2668/2361
f 1265/2686/1265 2133/2416/2133 1256/2719/1256
f 2287/2585/2287 2463/2774/2463 2392/2701/2392
f 2438/2749/2438 2464/2775/2464 2418/2729/2418
f 2450/2761/2450 2120/2401/2120 2463/2774/2463
f 2289/2587/2289 2288/2586/2288 2322/2622/2322
f 2447/2758/2447 2446/2757/2446 2458/2769/2458
f 2122/2403/2122 2116/2397/2116 2147/2431/2147
f 2398/2707/2398 2386/2695/2386 2416/2727/2416
f 2272/2569/2272 2170/2454/2170 2262/2558/2262
f 2403/2712/2403 2416/2727/2416 2415/2726/2415
f 2167/2451/2167 2245/2538/2245 2252/2545/2252
f 1267/2687/1267 2396/2705/2396 2133/2416/2133
f 2345/2646/2345 2434/2745/2434 2414/2725/2414
f 2423/2734/2423 2356/2659/2356 2432/2743/2432
f 2383/2692/2383 2417/2728/2417 2384/2693/2384
f 2431/2742/2431 2423/2734/2423 2432/2743/2432
f 2463/2774/2463 2120/2401/2120 2183/2470/2183
f 2405/2714/2405 2443/2754/2443 2444/2755/2444
f 2323/2623/2323 2122/2403/2122 2147/2431/2147
f 2198/2488/2198 2199/2489/2199 2266/2562/2266
f 2211/2501/2211 2210/2500/2210 2465/2776/2465
f 2431/2742/2431 2466/2777/2466 2394/2703/2394
f 2467/2778/2467 2468/2779/2468 2420/2731/2420
f 2268/2564/2268 2229/2522/2229 2353/2655/2353
f 2172/2456/2172 2226/2517/2226 2173/2457/2173
f 2459/2770/2459 2368/2675/2368 2469/2780/2469
f 2132/2415/2132 2131/2414/2131 2381/2690/2381
f 2210/2500/2210 2148/2432/2148 2465/2776/2465
f 2125/2406/2125 2127/2408/2127 2250/2543/2250
f 2168/2452/2168 2170/2454/2170 2286/2584/2286
f 2331/2631/2331 2238/2531/2238 2364/2671/2364
f 2170/2454/2170 2169/2453/2169 2360/2666/2360
f 2401/2710/2401 2395/2704/2395 2275/2572/2275
f 2406/2715/2406 2446/2757/2446 2407/2716/2407
f 2421/2732/2421 2401/2710/2401 2400/2709/2400
f 2395/2704/2395 2454/2765/2454 2205/2495/2205
f 2286/2584/2286 2298/2596/2298 2445/2756/2445
f 2203/2493/2203 2412/2723/2412 2297/2595/2297
f 2428/2739/2428 2427/2738/2427 2429/2740/2429
f 2470/2781/2470 2305/2605/2305 2292/2590/2292
f 2358/2661/2358 2264/2560/2264 2365/2672/2365
f 2299/2597/2299 2281/2579/2281 2354/2656/2354
f 2160/2444/2160 2200/2490/2200 2161/2445/2161
f 2411/2722/2411 2426/2737/2426 2379/2688/2379
f 2098/2547/2098 2352/2654/2352 2253/2548/2253
f 2460/2771/2460 2312/2612/2312 2471/2782/2471
f 2229/2522/2229 2268/2564/2268 2230/2523/2230
f 2340/2640/2340 2358/2661/2358 2209/2499/2209
f 2472/2783/2472 2371/2678/2371 2370/2677/2370
f 2353/2655/2353 2235/2528/2235 2268/2564/2268
f 2458/2769/2458 2379/2688/2379 2381/2690/2381
f 2448/2759/2448 2447/2758/2447 2381/2690/2381
f 2473/2784/2473 2466/2777/2466 2431/2742/2431
f 2346/2647/2346 2408/2717/2408 2360/2666/2360
f 2474/2785/2474 2462/2773/2462 2371/2678/2371
f 2461/2772/2461 2144/2427/2144 2413/2724/2413
f 2448/2759/2448 2381/2690/2381 2441/2752/2441
f 2441/2752/2441 2144/2427/2144 2461/2772/2461
f 2463/2774/2463 2183/2470/2183 2392/2701/2392
f 1264/2718/1264 2426/2737/2426 2427/2738/2427
f 2430/2741/2430 2475/2786/2475 2476/2787/2476
f 2407/2716/2407 2421/2732/2421 2400/2709/2400
f 2430/2741/2430 2476/2787/2476 2428/2739/2428
f 2421/2732/2421 2422/2733/2422 2395/2704/2395
f 2345/2646/2345 2414/2725/2414 2272/2569/2272
f 2419/2730/2419 2353/2655/2353 2264/2560/2264
f 2292/2590/2292 2304/2604/2304 2107/2603/2107
f 2459/2770/2459 2453/2764/2453 2366/2673/2366
f 2327/2627/2327 2277/2574/2277 2318/2618/2318
f 2431/2742/2431 2433/2744/2433 2473/2784/2473
f 2216/2506/2216 2233/2526/2233 2232/2525/2232
f 2315/2615/2315 2314/2614/2314 2477/2788/2477
f 2353/2655/2353 2365/2672/2365 2264/2560/2264
f 2301/2599/2301 2162/2446/2162 2163/2447/2163
f 2420/2731/2420 2412/2723/2412 2413/2724/2413
f 2318/2618/2318 2320/2620/2320 2408/2717/2408
f 2443/2754/2443 2405/2714/2405 2404/2713/2404
f 2478/2789/2478 2462/2773/2462 2474/2785/2474
f 2441/2752/2441 2145/2428/2145 2144/2427/2144
f 1251/2790/1251 1264/2718/1264 2427/2738/2427
f 2243/2536/2243 2288/2586/2288 2241/2534/2241
f 2409/2720/2409 2426/2737/2426 1264/2718/1264
f 2443/2754/2443 2404/2713/2404 2452/2763/2452
f 2117/2398/2117 2116/2397/2116 2436/2747/2436
f 2302/2600/2302 2202/2492/2202 2347/2648/2347
f 2300/2598/2300 2181/2468/2181 2301/2599/2301
f 2355/2658/2355 2297/2595/2297 2412/2723/2412
f 2413/2724/2413 2203/2493/2203 2461/2772/2461
f 2479/2791/2479 2457/2768/2457 2369/2676/2369
f 2318/2618/2318 2346/2647/2346 2327/2627/2327
f 2270/2567/2270 2271/2568/2271 2332/2632/2332
f 2206/2496/2206 2066/2460/2066 2176/2462/2176
f 2312/2612/2312 2316/2616/2316 2271/2568/2271
f 2283/2581/2283 2248/2541/2248 2159/2443/2159
f 2428/2739/2428 2476/2787/2476 1251/2790/1251
f 2232/2525/2232 2252/2545/2252 2245/2538/2245
f 2427/2738/2427 2428/2739/2428 1251/2790/1251
f 2294/2592/2294 2169/2453/2169 2256/2552/2256
f 2459/2770/2459 2366/2673/2366 2368/2675/2368
f 2327/2627/2327 2328/2628/2328 2277/2574/2277
f 2387/2696/2387 2458/2769/2458 2406/2715/2406
f 2449/2760/2449 2480/2792/2480 2118/2399/2118
f 1696/2663/1696 2352/2654/2352 2091/2665/2091
f 2143/2426/2143 2145/2428/2145 2481/2793/2481
f 2379/2688/2379 2409/2720/2409 2380/2689/2380
f 2337/2637/2337 2332/2632/2332 2271/2568/2271
f 2380/2689/2380 2132/2415/2132 2381/2690/2381
f 2458/2769/2458 2410/2721/2410 2379/2688/2379
f 2468/2779/2468 2412/2723/2412 2420/2731/2420
f 2157/2441/2157 2189/2477/2189 2190/2478/2190
f 2437/2748/2437 2117/2398/2117 2436/2747/2436
f 2090/2412/2090 2146/2430/2146 2339/2639/2339
f 2416/2727/2416 2366/2673/2366 2453/2764/2453
f 2448/2759/2448 2441/2752/2441 2461/2772/2461
f 2331/2631/2331 2147/2431/2147 2148/2432/2148
f 2294/2592/2294 2256/2552/2256 2221/2511/2221
f 2161/2445/2161 2290/2588/2290 2364/2671/2364
f 1256/2719/1256 2380/2689/2380 2409/2720/2409
f 2225/2516/2225 2349/2651/2349 2226/2517/2226
f 2181/2468/2181 2347/2648/2347 2179/2466/2179
f 2413/2724/2413 2144/2427/2144 2143/2426/2143
f 2420/2731/2420 2482/2794/2482 2467/2778/2467
f 2455/2766/2455 2481/2793/2481 2442/2753/2442
f 2464/2775/2464 2438/2749/2438 2435/2746/2435
f 2417/2728/2417 2355/2658/2355 2412/2723/2412
f 2463/2774/2463 2289/2587/2289 2450/2761/2450
f 2150/2434/2150 2260/2556/2260 2185/2472/2185
f 2412/2723/2412 2468/2779/2468 2418/2729/2418
f 2436/2747/2436 2116/2397/2116 2375/2682/2375
f 2140/2423/2140 2471/2782/2471 2312/2612/2312
f 2482/2794/2482 2420/2731/2420 2143/2426/2143
f 2388/2697/2388 2402/2711/2402 2415/2726/2415
f 2402/2711/2402 2401/2710/2401 2385/2694/2385
f 2202/2492/2202 2302/2600/2302 2177/2464/2177
f 2131/2414/2131 2479/2791/2479 2442/2753/2442
f 2329/2629/2329 2321/2621/2321 2333/2633/2333
f 2456/2767/2456 2371/2678/2371 2117/2398/2117
f 2145/2428/2145 2442/2753/2442 2481/2793/2481
f 2161/2445/2161 2200/2490/2200 2290/2588/2290
f 2386/2695/2386 2410/2721/2410 2387/2696/2387
f 2340/2640/2340 2195/2485/2195 2197/2487/2197
f 2383/2692/2383 2355/2658/2355 2417/2728/2417
f 2452/2763/2452 2378/2685/2378 2443/2754/2443
f 2121/2402/2121 2128/2409/2128 2464/2775/2464
f 2253/2548/2253 2419/2730/2419 2265/2561/2265
f 2361/2668/2361 2206/2496/2206 2215/2505/2215
f 2255/2551/2255 2252/2545/2252 2232/2525/2232
f 2479/2791/2479 2483/2795/2483 2457/2768/2457
f 2435/2746/2435 2437/2748/2437 2436/2747/2436
f 2479/2791/2479 2456/2767/2456 2442/2753/2442
f 2438/2749/2438 2418/2729/2418 2468/2779/2468
f 2417/2728/2417 2412/2723/2412 2418/2729/2418
f 2438/2749/2438 2468/2779/2468 2467/2778/2467
f 2482/2794/2482 2143/2426/2143 2481/2793/2481
f 2479/2791/2479 2131/2414/2131 2396/2705/2396
f 2443/2754/2443 2332/2632/2332 2391/2700/2391
f 2484/2796/2484 2246/2539/2246 2167/2451/2167
f 2381/2690/2381 2447/2758/2447 2458/2769/2458
f 2407/2716/2407 2448/2759/2448 2422/2733/2422
f 2344/2644/2344 792/2797/792 837/2645/837
f 2485/2798/2485 2471/2782/2471 2140/2423/2140
f 2199/2489/2199 2332/2632/2332 2443/2754/2443
f 2237/2530/2237 2236/2529/2236 2258/2554/2258
f 2197/2487/2197 2470/2781/2470 2292/2590/2292
f 2383/2692/2383 2296/2594/2296 2355/2658/2355
f 2467/2778/2467 2482/2794/2482 2481/2793/2481
f 2439/2750/2439 2438/2749/2438 2467/2778/2467
f 2371/2678/2371 2462/2773/2462 2117/2398/2117
f 2479/2791/2479 2396/2705/2396 2483/2795/2483
f 790/2799/790 792/2797/792 2344/2644/2344
f 2388/2697/2388 2416/2727/2416 2386/2695/2386
f 2455/2766/2455 2439/2750/2439 2481/2793/2481
f 2279/2576/2279 2288/2586/2288 2243/2536/2243
f 2163/2447/2163 2178/2465/2178 2300/2598/2300
f 2156/2440/2156 2309/2609/2309 2154/2438/2154
f 2480/2792/2480 2128/2409/2128 2118/2399/2118
f 2249/2542/2249 2127/2408/2127 2154/2438/2154
f 790/2799/790 2344/2644/2344 2176/2462/2176
f 2127/2408/2127 2126/2407/2126 2251/2544/2251
f 2319/2619/2319 2357/2660/2357 2179/2466/2179
f 2389/2698/2389 2384/2693/2384 2417/2728/2417
f 2397/2706/2397 2475/2786/2475 2430/2741/2430
f 2226/2517/2226 2349/2651/2349 2173/2457/2173
f 203/2657/203 2330/2630/2330 2225/2516/2225
f 2382/2691/2382 2296/2594/2296 2383/2692/2383
f 2176/2462/2176 901/2800/901 790/2799/790
f 2418/2729/2418 2464/2775/2464 2390/2699/2390
f 2182/2469/2182 2328/2628/2328 2186/2473/2186
f 2315/2615/2315 2477/2788/2477 2470/2781/2470
f 2229/2522/2229 2228/2521/2228 2365/2672/2365
f 2481/2793/2481 2439/2750/2439 2467/2778/2467
f 2459/2770/2459 2475/2786/2475 2397/2706/2397
f 2387/2696/2387 2410/2721/2410 2458/2769/2458
f 2287/2585/2287 2392/2701/2392 2185/2472/2185
f 2124/2405/2124 2184/2471/2184 2129/2410/2129
f 2117/2398/2117 2455/2766/2455 2456/2767/2456
f 2342/2642/2342 2126/2407/2126 2153/2437/2153
f 2152/2436/2152 2201/2491/2201 2153/2437/2153
f 2437/2748/2437 2439/2750/2439 2455/2766/2455
f 945/2515/945 2177/2464/2177 933/2476/933
f 2415/2726/2415 2451/2762/2451 2374/2681/2374
f 2346/2647/2346 2188/2475/2188 2327/2627/2327
f 2178/2465/2178 2334/2634/2334 2336/2636/2336
f 2401/2710/2401 2421/2732/2421 2395/2704/2395
f 2153/2437/2153 2362/2669/2362 2267/2563/2267
f 2396/2705/2396 1267/2687/1267 2483/2795/2483
f 2291/2589/2291 2323/2623/2323 2348/2649/2348
f 2137/2420/2137 2276/2573/2276 2363/2670/2363
f 2288/2586/2288 2287/2585/2287 2258/2554/2258
f 2430/2741/2430 2429/2740/2429 2397/2706/2397
f 2336/2636/2336 977/2463/977 2178/2465/2178
f 2450/2761/2450 2296/2594/2296 2382/2691/2382
f 2377/2684/2377 2464/2775/2464 2435/2746/2435
f 2148/2432/2148 2210/2500/2210 2331/2631/2331
f 2168/2452/2168 2256/2552/2256 2169/2453/2169
f 2480/2792/2480 2390/2699/2390 2464/2775/2464
f 2191/2479/2191 2224/2514/2224 2096/2480/2096
f 2209/2499/2209 2365/2672/2365 2282/2580/2282
f 2292/2590/2292 2305/2605/2305 2304/2604/2304
f 2437/2748/2437 2455/2766/2455 2117/2398/2117
f 2133/2416/2133 2380/2689/2380 1256/2719/1256
f 2178/2465/2178 2163/2447/2163 2334/2634/2334
f 2456/2767/2456 2479/2791/2479 2369/2676/2369
f 2192/2482/2192 2392/2701/2392 2183/2470/2183
f 2364/2671/2364 2147/2431/2147 2331/2631/2331
f 901/2800/901 2176/2462/2176 2023/2461/2023
f 2429/2740/2429 2411/2722/2411 2386/2695/2386
f 2296/2594/2296 2450/2761/2450 2289/2587/2289
f 1696/2663/1696 2223/2513/2223 2222/2512/2222
f 2341/2641/2341 2308/2608/2308 2231/2524/2231
f 2480/2792/2480 2382/2691/2382 2390/2699/2390
f 2257/2553/2257 2286/2584/2286 2219/2509/2219
f 2120/2401/2120 2119/2400/2119 2183/2470/2183
f 2239/2532/2239 2212/2502/2212 2313/2613/2313
f 2435/2746/2435 2375/2682/2375 2377/2684/2377
f 2464/2775/2464 2128/2409/2128 2480/2792/2480
f 2358/2661/2358 2340/2640/2340 2293/2591/2293
f 2122/2403/2122 2121/2402/2121 2376/2683/2376
f 2464/2775/2464 2377/2684/2377 2376/2683/2376
f 2223/2513/2223 2095/2664/2095 2096/2480/2096
f 2284/2582/2284 2283/2581/2283 2259/2555/2259
f 2290/2588/2290 2348/2649/2348 2364/2671/2364
f 2136/2419/2136 2237/2530/2237 2164/2448/2164
f 2315/2615/2315 2470/2781/2470 2197/2487/2197
f 2456/2767/2456 2369/2676/2369 2371/2678/2371
f 2462/2773/2462 2465/2776/2465 2148/2432/2148
f 2213/2503/2213 2216/2506/2216 2246/2539/2246
f 2265/2561/2265 2419/2730/2419 2264/2560/2264
f 2175/2459/2175 2189/2477/2189 2157/2441/2157
f 2449/2760/2449 2382/2691/2382 2480/2792/2480
f 2120/2401/2120 2450/2761/2450 2449/2760/2449
f 2376/2683/2376 2121/2402/2121 2464/2775/2464
f 2374/2681/2374 2452/2763/2452 2404/2713/2404
f 2107/2603/2107 2130/2413/2130 2292/2590/2292
f 2472/2783/2472 2474/2785/2474 2371/2678/2371
f 2187/2474/2187 2294/2592/2294 2151/2435/2151
f 2360/2666/2360 2169/2453/2169 2346/2647/2346
f 2176/2462/2176 2344/2644/2344 2207/2497/2207
f 2388/2697/2388 2400/2709/2400 2402/2711/2402
f 2090/2412/2090 2293/2591/2293 2130/2413/2130
f 2484/2796/2484 2167/2451/2167 2189/2477/2189
f 2418/2729/2418 2390/2699/2390 2389/2698/2389
f 2204/2494/2204 2333/2633/2333 2205/2495/2205
f 2328/2628/2328 2188/2475/2188 2186/2473/2186
f 2209/2499/2209 2195/2485/2195 2340/2640/2340
f 2162/2446/2162 2249/2542/2249 2154/2438/2154
f 2132/2415/2132 2380/2689/2380 2133/2416/2133
f 2311/2611/2311 2278/2575/2278 2341/2641/2341
f 2368/2675/2368 2367/2674/2367 2393/2702/2393
f 2118/2399/2118 2120/2401/2120 2449/2760/2449
f 2115/2396/2115 2148/2432/2148 2116/2397/2116
f 2220/2510/2220 2149/2433/2149 2221/2511/2221
f 2289/2587/2289 2463/2774/2463 2287/2585/2287
f 2131/2414/2131 2441/2752/2441 2381/2690/2381
f 2338/2638/2338 2283/2581/2283 2282/2580/2282
f 2121/2402/2121 2124/2405/2124 2128/2409/2128
f 2295/2593/2295 2322/2622/2322 2329/2629/2329
f 2128/2409/2128 2129/2410/2129 2118/2399/2118
f 2250/2543/2250 2127/2408/2127 2249/2542/2249
f 2214/2504/2214 2485/2798/2485 2140/2423/2140
f 2472/2783/2472 2478/2789/2478 2474/2785/2474
f 2462/2773/2462 2148/2432/2148 2115/2396/2115
f 2486/2801/2486 2487/2802/2487 2488/2803/2488
f 2489/2804/2489 2490/2805/2490 2491/2806/2491
f 2492/2807/2492 2493/2808/2493 1490/2809/1490
f 2494/2810/2494 2495/2811/2495 2496/2812/2496
f 1326/2813/1326 2497/2814/2497 1539/2815/1539
f 2498/2816/2498 2499/2817/2499 2500/2818/2500
f 2501/2819/2501 2502/2820/2502 2503/2821/2503
f 2504/2822/2504 2505/2823/2505 2506/2824/2506
f 2507/2825/2507 1532/2826/1532 1519/2827/1519
f 1343/2828/1343 2493/2808/2493 2508/2829/2508
f 2509/2830/2509 2510/2831/2510 2511/2832/2511
f 2512/2833/2512 2513/2834/2513 2514/2835/2514
f 2515/2836/2515 2516/2837/2516 2517/2838/2517
f 2518/2839/2518 2519/2840/2519 2520/2841/2520
f 2521/2842/2521 2522/2843/2522 2523/2844/2523
f 2524/2845/2524 2525/2846/2525 2526/2847/2526
f 2527/2848/2527 2526/2847/2526 2525/2846/2525
f 2528/2849/2528 2529/2850/2529 2508/2829/2508
f 2530/2851/2530 2531/2852/2531 2532/2853/2532
f 2533/2854/2533 2501/2819/2501 2534/2855/2534
f 2503/2821/2503 2535/2856/2535 2501/2819/2501
f 1549/2857/1549 1539/2815/1539 2497/2814/2497
f 2536/2858/2536 2537/2859/2537 2538/2860/2538
f 2539/2861/2539 2540/2862/2540 2541/2863/2541
f 2534/2855/2534 2542/2864/2542 2543/2865/2543
f 2543/2865/2543 2544/2866/2544 2534/2855/2534
f 2545/2867/2545 2546/2868/2546 2547/2869/2547
f 2493/2808/2493 2492/2807/2492 2548/2870/2548
f 2549/2871/2549 2550/2872/2550 2551/2873/2551
f 2552/2874/2552 2553/2875/2553 1140/2876/1140
f 2554/2877/2554 2555/2878/2555 2556/2879/2556
f 2557/2880/2557 2558/2881/2558 2559/2882/2559
f 2560/2883/2560 2561/2884/2561 2562/2885/2562
f 2563/2886/2563 2564/2887/2564 2565/2888/2565
f 2546/2868/2546 2566/2889/2566 2496/2812/2496
f 2497/2814/2497 2567/2890/2567 1549/2857/1549
f 2568/2891/2568 2569/2892/2569 2570/2893/2570
f 2495/2811/2495 2537/2859/2537 2546/2868/2546
f 2550/2872/2550 2549/2871/2549 2497/2814/2497
f 2571/2894/2571 2572/2895/2572 1812/2896/1812
f 2573/2897/2573 2574/2898/2574 2575/2899/2575
f 2576/2900/2576 2577/2901/2577 2574/2898/2574
f 2502/2820/2502 2501/2819/2501 2533/2854/2533
f 2578/2902/2578 2579/2903/2579 2580/2904/2580
f 2497/2814/2497 1326/2813/1326 2550/2872/2550
f 2581/2905/2581 2582/2906/2582 2583/2907/2583
f 2575/2899/2575 2502/2820/2502 2573/2897/2573
f 2575/2899/2575 2574/2898/2574 2577/2901/2577
f 2577/2901/2577 2576/2900/2576 2550/2872/2550
f 2550/2872/2550 1326/2813/1326 2577/2901/2577
f 2577/2901/2577 2584/2908/2584 2575/2899/2575
f 2585/2909/2585 2506/2824/2506 2586/2910/2586
f 2587/2911/2587 2503/2821/2503 2502/2820/2502
f 2588/2912/2588 2589/2913/2589 2590/2914/2590
f 2490/2805/2490 2591/2915/2591 2592/2916/2592
f 2587/2911/2587 2575/2899/2575 2584/2908/2584
f 2593/2917/2593 2594/2918/2594 2595/2919/2595
f 2540/2862/2540 2524/2845/2524 2596/2920/2596
f 2584/2908/2584 1326/2813/1326 1500/2921/1500
f 2597/2922/2597 2512/2833/2512 2535/2856/2535
f 2598/2923/2598 2541/2863/2541 2521/2842/2521
f 2599/2924/2599 2600/2925/2600 2601/2926/2601
f 2529/2850/2529 2528/2849/2528 1500/2921/1500
f 182/2927/182 2602/2928/2602 2603/2929/2603
f 2604/2930/2604 375/2931/375 400/2932/400
f 1636/2933/1636 2529/2850/2529 1500/2921/1500
f 1201/2934/1201 2605/2935/2605 2552/2874/2552
f 2606/2936/2606 2607/2937/2607 2608/2938/2608
f 2576/2900/2576 2609/2939/2609 2551/2873/2551
f 2566/2889/2566 2610/2940/2610 2496/2812/2496
f 2611/2941/2611 2610/2940/2610 2516/2837/2516
f 2612/2942/2612 2613/2943/2613 379/2944/379
f 2535/2856/2535 2512/2833/2512 2542/2864/2542
f 2609/2939/2609 2576/2900/2576 2614/2945/2614
f 2615/2946/2615 2603/2929/2603 2602/2928/2602
f 2616/2947/2616 2617/2948/2617 2566/2889/2566
f 2495/2811/2495 2546/2868/2546 2496/2812/2496
f 2618/2949/2618 2619/2950/2619 2620/2951/2620
f 2612/2942/2612 1549/2857/1549 2567/2890/2567
f 2621/2952/2621 2622/2953/2622 2623/2954/2623
f 2624/2955/2624 2625/2956/2625 2606/2936/2606
f 2544/2866/2544 2548/2870/2548 2626/2957/2626
f 2627/2958/2627 1201/2934/1201 1195/2959/1195
f 2582/2906/2582 2628/2960/2628 2629/2961/2629
f 2538/2860/2538 2537/2859/2537 2495/2811/2495
f 2630/2962/2630 2631/2963/2631 2632/2964/2632
f 2504/2822/2504 2633/2965/2633 2532/2853/2532
f 2596/2920/2596 2526/2847/2526 2634/2966/2634
f 2635/2967/2635 2636/2968/2636 2637/2969/2637
f 2614/2945/2614 2638/2970/2638 2609/2939/2609
f 165/2971/165 407/2972/407 2639/2973/2639
f 2573/2897/2573 2640/2974/2640 2641/2975/2641
f 2527/2848/2527 2642/2976/2642 2634/2966/2634
f 2643/2977/2643 2642/2976/2642 2644/2978/2644
f 2645/2979/2645 11/2980/11 12/2981/12
f 2646/2982/2646 2647/2983/2647 2521/2842/2521
f 2648/2984/2648 2649/2985/2649 2650/2986/2650
f 2613/2943/2613 2604/2930/2604 400/2932/400
f 2651/2987/2651 2652/2988/2652 2560/2883/2560
f 2546/2868/2546 2545/2867/2545 2566/2889/2566
f 2540/2862/2540 2637/2969/2637 2541/2863/2541
f 2609/2939/2609 2638/2970/2638 2653/2989/2653
f 2533/2854/2533 2654/2990/2654 2655/2991/2655
f 2566/2889/2566 2517/2838/2517 2610/2940/2610
f 2656/2992/2656 2657/2993/2657 2658/2994/2658
f 2659/2995/2659 2660/2996/2660 2661/2997/2661
f 2607/2937/2607 2606/2936/2606 2662/2998/2662
f 2640/2974/2640 2533/2854/2533 2663/2999/2663
f 2547/2869/2547 2644/2978/2644 2527/2848/2527
f 2508/2829/2508 2513/2834/2513 2528/2849/2528
f 2664/3000/2664 2647/2983/2647 2646/2982/2646
f 2665/3001/2665 2666/3002/2666 2660/2996/2660
f 2613/2943/2613 2612/2942/2612 2567/2890/2567
f 2634/2966/2634 2667/3003/2667 2596/2920/2596
f 2548/2870/2548 2668/3004/2668 2626/2957/2626
f 2669/3005/2669 2670/3006/2670 2671/3007/2671
f 2642/2976/2642 2527/2848/2527 2644/2978/2644
f 2672/3008/2672 2608/2938/2608 2607/2937/2607
f 2673/3009/2673 2598/2923/2598 2674/3010/2674
f 2675/3011/2675 2542/2864/2542 2512/2833/2512
f 2676/3012/2676 2654/2990/2654 2677/3013/2677
f 2678/3014/2678 2620/2951/2620 2679/3015/2679
f 2609/2939/2609 2680/3016/2680 2551/2873/2551
f 2598/2923/2598 2673/3009/2673 2539/2861/2539
f 1549/2857/1549 2612/2942/2612 1615/3017/1615
f 2640/2974/2640 2573/2897/2573 2502/2820/2502
f 2643/2977/2643 2644/2978/2644 2681/3018/2681
f 2682/3019/2682 2486/2801/2486 2488/2803/2488
f 2683/3020/2683 2520/2841/2520 2519/2840/2519
f 2684/3021/2684 2685/3022/2685 2686/3023/2686
f 2644/2978/2644 2536/2858/2536 2681/3018/2681
f 400/2932/400 379/2944/379 2613/2943/2613
f 2549/2871/2549 2567/2890/2567 2497/2814/2497
f 2687/3024/2687 2688/3025/2688 2689/3026/2689
f 2549/2871/2549 2551/2873/2551 2680/3016/2680
f 2690/3027/2690 2622/2953/2622 2621/2952/2621
f 2680/3016/2680 2609/2939/2609 2653/2989/2653
f 2604/2930/2604 2613/2943/2613 2567/2890/2567
f 2680/3016/2680 2567/2890/2567 2549/2871/2549
f 2691/3028/2691 2692/3029/2692 2693/3030/2693
f 2514/2835/2514 2675/3011/2675 2512/2833/2512
f 2686/3023/2686 375/2931/375 2684/3021/2684
f 2508/2829/2508 2514/2835/2514 2513/2834/2513
f 2623/2954/2623 2622/2953/2622 2694/3031/2694
f 2695/3032/2695 2696/3033/2696 2559/2882/2559
f 2697/3034/2697 2698/3035/2698 2667/3003/2667
f 2699/3036/2699 2700/3037/2700 2490/2805/2490
f 2641/2975/2641 2701/3038/2701 2614/2945/2614
f 2567/2890/2567 2680/3016/2680 2604/2930/2604
f 2578/2902/2578 2580/2904/2580 2702/3039/2702
f 2703/3040/2703 2704/3041/2704 186/3042/186
f 2636/2968/2636 2635/2967/2635 2705/3043/2705
f 2706/3044/2706 2707/3045/2707 2676/3012/2676
f 2671/3007/2671 2708/3046/2708 2669/3005/2669
f 2493/2808/2493 1342/3047/1342 1374/3048/1374
f 2638/2970/2638 2701/3038/2701 2709/3049/2709
f 2596/2920/2596 2710/3050/2710 2670/3006/2670
f 2533/2854/2533 2640/2974/2640 2502/2820/2502
f 2698/3035/2698 2697/3034/2697 2711/3051/2711
f 2712/3052/2712 2713/3053/2713 2559/2882/2559
f 2556/2879/2556 2617/2948/2617 2616/2947/2616
f 2670/3006/2670 2669/3005/2669 2637/2969/2637
f 2657/2993/2657 376/3054/376 2714/3055/2714
f 2542/2864/2542 2548/2870/2548 2543/2865/2543
f 2617/2948/2617 2715/3056/2715 2517/2838/2517
f 2715/3056/2715 2556/2879/2556 2555/2878/2555
f 2641/2975/2641 2574/2898/2574 2573/2897/2573
f 2515/2836/2515 2517/2838/2517 2715/3056/2715
f 2534/2855/2534 2654/2990/2654 2533/2854/2533
f 2665/3001/2665 2709/3049/2709 2666/3002/2666
f 2710/3050/2710 2671/3007/2671 2670/3006/2670
f 2716/3057/2716 2717/3058/2717 2652/2988/2652
f 1525/3059/1525 1618/3060/1618 2718/3061/2718
f 2719/3062/2719 2720/3063/2720 2554/2877/2554
f 2559/2882/2559 2696/3033/2696 2712/3052/2712
f 2675/3011/2675 2514/2835/2514 2493/2808/2493
f 2721/3064/2721 2639/2973/2639 407/2972/407
f 2722/3065/2722 2723/3066/2723 2724/3067/2724
f 2725/3068/2725 2685/3022/2685 2684/3021/2684
f 2646/2982/2646 2521/2842/2521 2523/2844/2523
f 2612/2942/2612 378/3069/378 1615/3017/1615
f 2492/2807/2492 2519/2840/2519 2518/2839/2518
f 376/3054/376 2657/2993/2657 387/3070/387
f 2684/3021/2684 2604/2930/2604 2725/3068/2725
f 2726/3071/2726 2727/3072/2727 2728/3073/2728
f 2720/3063/2720 2729/3074/2729 2555/2878/2555
f 2546/2868/2546 2537/2859/2537 2547/2869/2547
f 2689/3026/2689 2730/3075/2730 2731/3076/2731
f 1490/2809/1490 2493/2808/2493 1374/3048/1374
f 2610/2940/2610 2494/2810/2494 2496/2812/2496
f 2732/3077/2732 2608/2938/2608 2672/3008/2672
f 2618/2949/2618 2733/3078/2733 2708/3046/2708
f 2714/3055/2714 406/3079/406 2657/2993/2657
f 2685/3022/2685 2725/3068/2725 2657/2993/2657
f 2715/3056/2715 2734/3080/2734 2515/2836/2515
f 2565/2888/2565 2719/3062/2719 2728/3073/2728
f 2661/2997/2661 2735/3081/2735 2625/2956/2625
f 2624/2955/2624 407/2972/407 2736/3082/2736
f 2656/2992/2656 2736/3082/2736 2737/3083/2737
f 2652/2988/2652 2651/2987/2651 2716/3057/2716
f 2614/2945/2614 2574/2898/2574 2641/2975/2641
f 2695/3032/2695 2559/2882/2559 2558/2881/2558
f 2685/3022/2685 406/3079/406 375/2931/375
f 2727/3072/2727 2563/2886/2563 2565/2888/2565
f 2660/2996/2660 2735/3081/2735 2661/2997/2661
f 2709/3049/2709 2738/3084/2738 2666/3002/2666
f 2714/3055/2714 376/3054/376 406/3079/406
f 1525/3059/1525 2739/3085/2739 1526/3086/1526
f 2533/2854/2533 2655/2991/2655 2663/2999/2663
f 2639/2973/2639 2721/3064/2721 182/2927/182
f 2606/2936/2606 2735/3081/2735 2666/3002/2666
f 2563/2886/2563 2740/3087/2740 2564/2887/2564
f 2598/2923/2598 2647/2983/2647 2726/3071/2726
f 2738/3084/2738 2662/2998/2662 2666/3002/2666
f 2579/2903/2579 2578/2902/2578 2569/2892/2569
f 2504/2822/2504 2532/2853/2532 2741/3088/2741
f 2686/3023/2686 2685/3022/2685 375/2931/375
f 2666/3002/2666 2735/3081/2735 2660/2996/2660
f 2602/2928/2602 2742/3089/2742 2615/2946/2615
f 2525/2846/2525 2524/2845/2524 2539/2861/2539
f 2708/3046/2708 2743/3090/2743 2618/2949/2618
f 2588/2912/2588 2590/2914/2590 2744/3091/2744
f 2623/2954/2623 2745/3092/2745 2746/3093/2746
f 1573/3094/1573 2747/3095/2747 1618/3060/1618
f 2606/2936/2606 2666/3002/2666 2662/2998/2662
f 2667/3003/2667 2710/3050/2710 2596/2920/2596
f 2667/3003/2667 2634/2966/2634 2697/3034/2697
f 2732/3077/2732 2742/3089/2742 2748/3096/2748
f 2651/2987/2651 2562/2885/2562 2723/3066/2723
f 2734/3080/2734 2712/3052/2712 2515/2836/2515
f 2733/3078/2733 2635/2967/2635 2708/3046/2708
f 2744/3091/2744 2749/3097/2749 2588/2912/2588
f 2750/3098/2750 407/2972/407 2624/2955/2624
f 8/3099/8 2648/2984/2648 9/3100/9
f 2751/3101/2751 2636/2968/2636 2705/3043/2705
f 2737/3083/2737 387/3070/387 2656/2992/2656
f 2752/3102/2752 2705/3043/2705 2635/2967/2635
f 2737/3083/2737 2736/3082/2736 407/2972/407
f 2608/2938/2608 2624/2955/2624 2606/2936/2606
f 2652/2988/2652 2678/3014/2678 2560/2883/2560
f 2750/3098/2750 2742/3089/2742 2721/3064/2721
f 2753/3103/2753 2754/3104/2754 2755/3105/2755
f 2703/3040/2703 2756/3106/2756 2704/3041/2704
f 2757/3107/2757 2621/2952/2621 2758/3108/2758
f 2729/3074/2729 2720/3063/2720 2627/2958/2627
f 2608/2938/2608 2732/3077/2732 2748/3096/2748
f 2539/2861/2539 2524/2845/2524 2540/2862/2540
f 2759/3109/2759 2579/2903/2579 2568/2891/2568
f 2530/2851/2530 2760/3110/2760 2761/3111/2761
f 2762/3112/2762 2759/3109/2759 2763/3113/2763
f 2764/3114/2764 2765/3115/2765 2518/2839/2518
f 2766/3116/2766 2672/3008/2672 2607/2937/2607
f 2704/3041/2704 1189/3117/1189 186/3042/186
f 2665/3001/2665 2638/2970/2638 2709/3049/2709
f 1886/3118/1886 2571/2894/2571 1812/2896/1812
f 2509/2830/2509 2767/3119/2767 2762/3112/2762
f 2748/3096/2748 2624/2955/2624 2608/2938/2608
f 2636/2968/2636 2541/2863/2541 2637/2969/2637
f 2717/3058/2717 2716/3057/2716 2768/3120/2768
f 2671/3007/2671 2667/3003/2667 2743/3090/2743
f 2769/3121/2769 2560/2883/2560 2706/3044/2706
f 2748/3096/2748 2750/3098/2750 2624/2955/2624
f 2713/3053/2713 2770/3122/2770 2557/2880/2557
f 379/2944/379 378/3069/378 2612/2942/2612
f 2667/3003/2667 2671/3007/2671 2710/3050/2710
f 158/3123/158 2603/2929/2603 176/3124/176
f 2771/3125/2771 2746/3093/2746 2772/3126/2772
f 2661/2997/2661 2625/2956/2625 2736/3082/2736
f 2673/3009/2673 2556/2879/2556 2545/2867/2545
f 2738/3084/2738 2709/3049/2709 2701/3038/2701
f 2541/2863/2541 2636/2968/2636 2773/3127/2773
f 2688/3025/2688 2642/2976/2642 2643/2977/2643
f 2637/2969/2637 2669/3005/2669 2635/2967/2635
f 2733/3078/2733 2752/3102/2752 2635/2967/2635
f 2729/3074/2729 2627/2958/2627 2712/3052/2712
f 2619/2950/2619 2698/3035/2698 2679/3015/2679
f 2750/3098/2750 2748/3096/2748 2742/3089/2742
f 2721/3064/2721 407/2972/407 2750/3098/2750
f 2763/3113/2763 2764/3114/2764 2518/2839/2518
f 2715/3056/2715 2729/3074/2729 2734/3080/2734
f 2511/2832/2511 2774/3128/2774 2585/2909/2585
f 375/2931/375 2604/2930/2604 2684/3021/2684
f 2639/2973/2639 182/2927/182 163/3129/163
f 2685/3022/2685 2657/2993/2657 406/3079/406
f 2775/3130/2775 2589/2913/2589 2588/2912/2588
f 2776/3131/2776 2777/3132/2777 2778/3133/2778
f 2701/3038/2701 2638/2970/2638 2614/2945/2614
f 2718/3061/2718 2739/3085/2739 1525/3059/1525
f 2656/2992/2656 2658/2994/2658 2659/2995/2659
f 2602/2928/2602 182/2927/182 2721/3064/2721
f 2779/3134/2779 2780/3135/2780 2781/3136/2781
f 2762/3112/2762 2692/3029/2692 2782/3137/2782
f 2665/3001/2665 2653/2989/2653 2638/2970/2638
f 2744/3091/2744 2783/3138/2783 2784/3139/2784
f 2591/2915/2591 2739/3085/2739 2718/3061/2718
f 165/2971/165 2639/2973/2639 163/3129/163
f 2721/3064/2721 2742/3089/2742 2602/2928/2602
f 2505/2823/2505 2586/2910/2586 2506/2824/2506
f 2593/2917/2593 2595/2919/2595 2599/2924/2599
f 2785/3140/2785 2749/3097/2749 2786/3141/2786
f 158/3123/158 182/2927/182 2603/2929/2603
f 2557/2880/2557 2770/3122/2770 2704/3041/2704
f 2758/3108/2758 2532/2853/2532 2633/2965/2633
f 2719/3062/2719 2605/2935/2605 2720/3063/2720
f 2556/2879/2556 2616/2947/2616 2545/2867/2545
f 2680/3016/2680 2725/3068/2725 2604/2930/2604
f 2787/3142/2787 2746/3093/2746 2745/3092/2745
f 2624/2955/2624 2736/3082/2736 2625/2956/2625
f 2662/2998/2662 2766/3116/2766 2607/2937/2607
f 2788/3143/2788 2600/2925/2600 2599/2924/2599
f 2715/3056/2715 2555/2878/2555 2729/3074/2729
f 2786/3141/2786 2749/3097/2749 2788/3143/2788
f 2720/3063/2720 2605/2935/2605 2627/2958/2627
f 2556/2879/2556 2673/3009/2673 2674/3010/2674
f 176/3124/176 2603/2929/2603 2789/3144/2789
f 1195/2959/1195 2770/3122/2770 2627/2958/2627
f 393/3145/393 1615/3017/1615 378/3069/378
f 407/2972/407 387/3070/387 2737/3083/2737
f 2657/2993/2657 2656/2992/2656 387/3070/387
f 2627/2958/2627 2605/2935/2605 1201/2934/1201
f 2696/3033/2696 2515/2836/2515 2712/3052/2712
f 2590/2914/2590 2783/3138/2783 2744/3091/2744
f 2725/3068/2725 2658/2994/2658 2657/2993/2657
f 2627/2958/2627 2770/3122/2770 2713/3053/2713
f 2603/2929/2603 2615/2946/2615 2789/3144/2789
f 2756/3106/2756 2789/3144/2789 2790/3146/2790
f 2661/2997/2661 2736/3082/2736 2656/2992/2656
f 2661/2997/2661 2656/2992/2656 2659/2995/2659
f 2726/3071/2726 2674/3010/2674 2598/2923/2598
f 2625/2956/2625 2735/3081/2735 2606/2936/2606
f 2791/3147/2791 2792/3148/2792 2793/3149/2793
f 2793/3149/2793 2794/3150/2794 2791/3147/2791
f 2610/2940/2610 2517/2838/2517 2516/2837/2516
f 2719/3062/2719 2565/2888/2565 2564/2887/2564
f 2673/3009/2673 2545/2867/2545 2525/2846/2525
f 2726/3071/2726 2647/2983/2647 2727/3072/2727
f 2795/3151/2795 2796/3152/2796 2797/3153/2797
f 2740/3087/2740 2553/2875/2553 2564/2887/2564
f 2565/2888/2565 2728/3073/2728 2727/3072/2727
f 2798/3154/2798 2792/3148/2792 2791/3147/2791
f 2749/3097/2749 2785/3140/2785 2799/3155/2799
f 2704/3041/2704 2558/2881/2558 2557/2880/2557
f 2532/2853/2532 2758/3108/2758 2530/2851/2530
f 2800/3156/2800 2801/3157/2801 2802/3158/2802
f 2637/2969/2637 2540/2862/2540 2596/2920/2596
f 2803/3159/2803 2804/3160/2804 2805/3161/2805
f 2800/3156/2800 2752/3102/2752 2733/3078/2733
f 2629/2961/2629 2628/2960/2628 2806/3162/2806
f 2801/3157/2801 2807/3163/2807 2802/3158/2802
f 2808/3164/2808 2809/3165/2809 2810/3166/2810
f 2719/3062/2719 2554/2877/2554 2728/3073/2728
f 2581/2905/2581 2811/3167/2811 2649/2985/2649
f 2636/2968/2636 2751/3101/2751 2773/3127/2773
f 2812/3168/2812 2802/3158/2802 2813/3169/2813
f 2805/3161/2805 2804/3160/2804 2814/3170/2814
f 2711/3051/2711 2688/3025/2688 2687/3024/2687
f 2791/3147/2791 2815/3171/2815 2798/3154/2798
f 2802/3158/2802 2807/3163/2807 2816/3172/2816
f 2816/3172/2816 2813/3169/2813 2802/3158/2802
f 2545/2867/2545 2616/2947/2616 2566/2889/2566
f 2591/2915/2591 2774/3128/2774 2739/3085/2739
f 2814/3170/2814 2817/3173/2817 2805/3161/2805
f 2586/2910/2586 2509/2830/2509 2585/2909/2585
f 2818/3174/2818 2724/3067/2724 2500/2818/2500
f 2623/2954/2623 2819/3175/2819 2807/3163/2807
f 2539/2861/2539 2541/2863/2541 2598/2923/2598
f 2626/2957/2626 2668/3004/2668 2765/3115/2765
f 2805/3161/2805 2817/3173/2817 2820/3176/2820
f 2821/3177/2821 2822/3178/2822 2823/3179/2823
f 2813/3169/2813 2816/3172/2816 2814/3170/2814
f 2820/3176/2820 2798/3154/2798 2805/3161/2805
f 2558/2881/2558 2756/3106/2756 2790/3146/2790
f 2824/3180/2824 2816/3172/2816 2819/3175/2819
f 1817/3181/1817 2783/3138/2783 2590/2914/2590
f 2816/3172/2816 2825/3182/2825 2814/3170/2814
f 2814/3170/2814 2825/3182/2825 2826/3183/2826
f 2822/3178/2822 2827/3184/2827 2828/3185/2828
f 2817/3173/2817 2814/3170/2814 2826/3183/2826
f 2829/3186/2829 2830/3187/2830 2822/3178/2822
f 2510/2831/2510 2509/2830/2509 2762/3112/2762
f 2488/2803/2488 2601/2926/2601 2831/3188/2831
f 2734/3080/2734 2729/3074/2729 2712/3052/2712
f 2832/3189/2832 2593/2917/2593 2833/3190/2833
f 2805/3161/2805 2798/3154/2798 2815/3171/2815
f 2822/3178/2822 2834/3191/2834 2827/3184/2827
f 2820/3176/2820 2835/3192/2835 2798/3154/2798
f 2822/3178/2822 2821/3177/2821 2829/3186/2829
f 2825/3182/2825 2824/3180/2824 2834/3191/2834
f 2836/3193/2836 2837/3194/2837 2809/3165/2809
f 2824/3180/2824 2819/3175/2819 2694/3031/2694
f 2694/3031/2694 2827/3184/2827 2824/3180/2824
f 2816/3172/2816 2824/3180/2824 2825/3182/2825
f 2795/3151/2795 2838/3195/2838 2839/3196/2839
f 2611/2941/2611 2516/2837/2516 2515/2836/2515
f 2807/3163/2807 2801/3157/2801 2840/3197/2840
f 2826/3183/2826 2825/3182/2825 2830/3187/2830
f 2841/3198/2841 2842/3199/2842 2821/3177/2821
f 2762/3112/2762 2763/3113/2763 2692/3029/2692
f 2792/3148/2792 2798/3154/2798 2843/3200/2843
f 2811/3167/2811 2581/2905/2581 2583/2907/2583
f 2844/3201/2844 2821/3177/2821 2842/3199/2842
f 2845/3202/2845 11/2980/11 2846/3203/2846
f 2531/2852/2531 2847/3204/2847 2848/3205/2848
f 1195/2959/1195 1190/3206/1190 2770/3122/2770
f 2619/2950/2619 2743/3090/2743 2698/3035/2698
f 2807/3163/2807 2840/3197/2840 2623/2954/2623
f 2679/3015/2679 2698/3035/2698 2711/3051/2711
f 2818/3174/2818 2716/3057/2716 2722/3065/2722
f 2531/2852/2531 2530/2851/2530 2847/3204/2847
f 2835/3192/2835 2829/3186/2829 2844/3201/2844
f 2814/3170/2814 2804/3160/2804 2813/3169/2813
f 2849/3207/2849 2843/3200/2843 2835/3192/2835
f 2830/3187/2830 2820/3176/2820 2817/3173/2817
f 2821/3177/2821 2844/3201/2844 2829/3186/2829
f 1616/3208/1616 1345/3209/1345 2850/3210/2850
f 2825/3182/2825 2834/3191/2834 2830/3187/2830
f 2792/3148/2792 2843/3200/2843 2851/3211/2851
f 2819/3175/2819 2623/2954/2623 2694/3031/2694
f 2728/3073/2728 2674/3010/2674 2726/3071/2726
f 2822/3178/2822 2830/3187/2830 2834/3191/2834
f 2852/3212/2852 2711/3051/2711 2687/3024/2687
f 2840/3197/2840 2787/3142/2787 2745/3092/2745
f 2823/3179/2823 2841/3198/2841 2821/3177/2821
f 2635/2967/2635 2669/3005/2669 2708/3046/2708
f 2768/3120/2768 2716/3057/2716 2818/3174/2818
f 2826/3183/2826 2830/3187/2830 2817/3173/2817
f 2844/3201/2844 2849/3207/2849 2835/3192/2835
f 2703/3040/2703 2789/3144/2789 2756/3106/2756
f 2835/3192/2835 2830/3187/2830 2829/3186/2829
f 2835/3192/2835 2843/3200/2843 2798/3154/2798
f 2853/3213/2853 2854/3214/2854 2855/3215/2855
f 2823/3179/2823 2822/3178/2822 2828/3185/2828
f 2816/3172/2816 2807/3163/2807 2819/3175/2819
f 2820/3176/2820 2830/3187/2830 2835/3192/2835
f 2633/2965/2633 2777/3132/2777 2856/3216/2856
f 2827/3184/2827 2857/3217/2857 2832/3189/2832
f 2834/3191/2834 2824/3180/2824 2827/3184/2827
f 2753/3103/2753 2858/3218/2858 2785/3140/2785
f 2584/2908/2584 2577/2901/2577 1326/2813/1326
f 2587/2911/2587 2528/2849/2528 2597/2922/2597
f 2619/2950/2619 2618/2949/2618 2743/3090/2743
f 2697/3034/2697 2634/2966/2634 2642/2976/2642
f 2633/2965/2633 2491/2806/2491 2778/3133/2778
f 2525/2846/2525 2539/2861/2539 2673/3009/2673
f 2731/3076/2731 2859/3219/2859 2860/3220/2860
f 2527/2848/2527 2525/2846/2525 2547/2869/2547
f 2597/2922/2597 2528/2849/2528 2512/2833/2512
f 2860/3220/2860 2852/3212/2852 2689/3026/2689
f 2576/2900/2576 2551/2873/2551 2550/2872/2550
f 2600/2925/2600 2788/3143/2788 2749/3097/2749
f 2493/2808/2493 2542/2864/2542 2675/3011/2675
f 2502/2820/2502 2575/2899/2575 2587/2911/2587
f 2493/2808/2493 1343/2828/1343 1342/3047/1342
f 2784/3139/2784 2861/3221/2861 2682/3019/2682
f 2501/2819/2501 2535/2856/2535 2542/2864/2542
f 2837/3194/2837 2862/3222/2862 2809/3165/2809
f 2548/2870/2548 2542/2864/2542 2493/2808/2493
f 2529/2850/2529 1343/2828/1343 2508/2829/2508
f 2668/3004/2668 2548/2870/2548 2492/2807/2492
f 2572/2895/2572 2571/2894/2571 2863/3223/2863
f 2514/2835/2514 2508/2829/2508 2493/2808/2493
f 2637/2969/2637 2596/2920/2596 2670/3006/2670
f 2490/2805/2490 2489/2804/2489 2864/3224/2864
f 2501/2819/2501 2542/2864/2542 2534/2855/2534
f 2570/2893/2570 2764/3114/2764 2568/2891/2568
f 1343/2828/1343 2529/2850/2529 1636/2933/1636
f 1500/2921/1500 2587/2911/2587 2584/2908/2584
f 2776/3131/2776 2778/3133/2778 2700/3037/2700
f 1818/3225/1818 2590/2914/2590 1429/3226/1429
f 2679/3015/2679 2620/2951/2620 2619/2950/2619
f 2852/3212/2852 2678/3014/2678 2679/3015/2679
f 2522/2843/2522 2521/2842/2521 2541/2863/2541
f 2528/2849/2528 2513/2834/2513 2512/2833/2512
f 2860/3220/2860 2859/3219/2859 2810/3166/2810
f 2574/2898/2574 2614/2945/2614 2576/2900/2576
f 2548/2870/2548 2544/2866/2544 2543/2865/2543
f 2587/2911/2587 2597/2922/2597 2503/2821/2503
f 2765/3115/2765 2570/2893/2570 2626/2957/2626
f 2535/2856/2535 2503/2821/2503 2597/2922/2597
f 2792/3148/2792 2851/3211/2851 2793/3149/2793
f 2857/3217/2857 2694/3031/2694 2622/2953/2622
f 1618/3060/1618 2865/3227/2865 2718/3061/2718
f 2528/2849/2528 2587/2911/2587 1500/2921/1500
f 2866/3228/2866 2867/3229/2867 2868/3230/2868
f 2674/3010/2674 2728/3073/2728 2554/2877/2554
f 2869/3231/2869 2870/3232/2870 2868/3230/2868
f 2868/3230/2868 2867/3229/2867 2869/3231/2869
f 2871/3233/2871 2872/3234/2872 2505/2823/2505
f 1151/3235/1151 2645/2979/2645 12/2981/12
f 2664/3000/2664 2873/3236/2873 2874/3237/2874
f 2688/3025/2688 2730/3075/2730 2689/3026/2689
f 2875/3238/2875 2876/3239/2876 2874/3237/2874
f 2854/3214/2854 2632/2964/2632 2877/3240/2877
f 2878/3241/2878 2803/3159/2803 2879/3242/2879
f 2868/3230/2868 2870/3232/2870 2880/3243/2880
f 2881/3244/2881 2882/3245/2882 2883/3246/2883
f 2859/3219/2859 2884/3247/2884 2810/3166/2810
f 2664/3000/2664 2874/3237/2874 2563/2886/2563
f 2811/3167/2811 2885/3248/2885 2650/2986/2650
f 2876/3239/2876 1134/3249/1134 1131/3250/1131
f 2868/3230/2868 2880/3243/2880 2866/3228/2866
f 2569/2892/2569 2568/2891/2568 2579/2903/2579
f 2886/3251/2886 2866/3228/2866 2873/3236/2873
f 2876/3239/2876 2875/3238/2875 2887/3252/2887
f 2719/3062/2719 2564/2887/2564 2553/2875/2553
f 2522/2843/2522 2541/2863/2541 2773/3127/2773
f 2875/3238/2875 2880/3243/2880 2888/3253/2888
f 2889/3254/2889 1105/3255/1105 2890/3256/2890
f 2563/2886/2563 2727/3072/2727 2664/3000/2664
f 2879/3242/2879 2891/3257/2891 2878/3241/2878
f 2889/3254/2889 1151/3235/1151 1105/3255/1105
f 2664/3000/2664 2646/2982/2646 2886/3251/2886
f 2651/2987/2651 2560/2883/2560 2562/2885/2562
f 2779/3134/2779 1812/2896/1812 2572/2895/2572
f 2887/3252/2887 1134/3249/1134 2876/3239/2876
f 2875/3238/2875 2888/3253/2888 2887/3252/2887
f 2517/2838/2517 2566/2889/2566 2617/2948/2617
f 2886/3251/2886 2873/3236/2873 2664/3000/2664
f 2874/3237/2874 2876/3239/2876 2740/3087/2740
f 2873/3236/2873 2875/3238/2875 2874/3237/2874
f 2719/3062/2719 2552/2874/2552 2605/2935/2605
f 2740/3087/2740 2563/2886/2563 2874/3237/2874
f 2688/3025/2688 2711/3051/2711 2697/3034/2697
f 2880/3243/2880 2875/3238/2875 2873/3236/2873
f 2880/3243/2880 2870/3232/2870 2888/3253/2888
f 2880/3243/2880 2873/3236/2873 2866/3228/2866
f 2870/3232/2870 2794/3150/2794 2888/3253/2888
f 2870/3232/2870 2791/3147/2791 2794/3150/2794
f 2889/3254/2889 2645/2979/2645 1151/3235/1151
f 2649/2985/2649 2845/3202/2845 2581/2905/2581
f 1151/3235/1151 12/2981/12 1144/3258/1144
f 2664/3000/2664 2727/3072/2727 2647/2983/2647
f 2523/2844/2523 2866/3228/2866 2886/3251/2886
f 2837/3194/2837 2678/3014/2678 2852/3212/2852
f 2646/2982/2646 2523/2844/2523 2886/3251/2886
f 2770/3122/2770 1189/3117/1189 2704/3041/2704
f 2890/3256/2890 2839/3196/2839 2889/3254/2889
f 2645/2979/2645 2889/3254/2889 2839/3196/2839
f 2628/2960/2628 2892/3259/2892 2893/3260/2893
f 2866/3228/2866 2894/3261/2894 2867/3229/2867
f 2523/2844/2523 2891/3257/2891 2866/3228/2866
f 2782/3137/2782 2510/2831/2510 2762/3112/2762
f 2652/2988/2652 2717/3058/2717 2620/2951/2620
f 2869/3231/2869 2867/3229/2867 2894/3261/2894
f 2891/3257/2891 2894/3261/2894 2866/3228/2866
f 2884/3247/2884 2808/3164/2808 2810/3166/2810
f 2894/3261/2894 2895/3262/2895 2869/3231/2869
f 2879/3242/2879 2894/3261/2894 2891/3257/2891
f 2800/3156/2800 2840/3197/2840 2801/3157/2801
f 2800/3156/2800 2618/2949/2618 2896/3263/2896
f 2897/3264/2897 2840/3197/2840 2800/3156/2800
f 2897/3264/2897 2898/3265/2898 2840/3197/2840
f 2682/3019/2682 2861/3221/2861 2899/3266/2899
f 2800/3156/2800 2896/3263/2896 2897/3264/2897
f 2770/3122/2770 1190/3206/1190 1189/3117/1189
f 2896/3263/2896 2818/3174/2818 2898/3265/2898
f 2768/3120/2768 2896/3263/2896 2618/2949/2618
f 2897/3264/2897 2896/3263/2896 2898/3265/2898
f 2555/2878/2555 2554/2877/2554 2720/3063/2720
f 2674/3010/2674 2554/2877/2554 2556/2879/2556
f 2818/3174/2818 2896/3263/2896 2768/3120/2768
f 2702/3039/2702 2848/3205/2848 2769/3121/2769
f 2741/3088/2741 2848/3205/2848 2871/3233/2871
f 2848/3205/2848 2561/2884/2561 2769/3121/2769
f 2717/3058/2717 2768/3120/2768 2618/2949/2618
f 2500/2818/2500 2561/2884/2561 2900/3267/2900
f 2847/3204/2847 2900/3267/2900 2561/2884/2561
f 2761/3111/2761 2900/3267/2900 2847/3204/2847
f 2900/3267/2900 2498/2816/2498 2500/2818/2500
f 2847/3204/2847 2561/2884/2561 2848/3205/2848
f 2901/3268/2901 2871/3233/2871 2848/3205/2848
f 2761/3111/2761 2498/2816/2498 2900/3267/2900
f 2901/3268/2901 2848/3205/2848 2702/3039/2702
f 2560/2883/2560 2769/3121/2769 2561/2884/2561
f 2505/2823/2505 2741/3088/2741 2871/3233/2871
f 2751/3101/2751 2891/3257/2891 2902/3269/2902
f 2751/3101/2751 2902/3269/2902 2773/3127/2773
f 2705/3043/2705 2752/3102/2752 2903/3270/2903
f 2812/3168/2812 2800/3156/2800 2802/3158/2802
f 2523/2844/2523 2902/3269/2902 2891/3257/2891
f 2585/2909/2585 2509/2830/2509 2511/2832/2511
f 2902/3269/2902 2522/2843/2522 2773/3127/2773
f 2751/3101/2751 2878/3241/2878 2891/3257/2891
f 2505/2823/2505 2872/3234/2872 2509/2830/2509
f 2751/3101/2751 2705/3043/2705 2878/3241/2878
f 2902/3269/2902 2523/2844/2523 2522/2843/2522
f 2520/2841/2520 2692/3029/2692 2763/3113/2763
f 2878/3241/2878 2705/3043/2705 2903/3270/2903
f 2903/3270/2903 2803/3159/2803 2878/3241/2878
f 2803/3159/2803 2903/3270/2903 2812/3168/2812
f 2697/3034/2697 2642/2976/2642 2688/3025/2688
f 2797/3153/2797 2893/3260/2893 2795/3151/2795
f 2812/3168/2812 2903/3270/2903 2752/3102/2752
f 2904/3271/2904 2837/3194/2837 2836/3193/2836
f 2678/3014/2678 2904/3271/2904 2560/2883/2560
f 2812/3168/2812 2804/3160/2804 2803/3159/2803
f 2752/3102/2752 2800/3156/2800 2812/3168/2812
f 2804/3160/2804 2812/3168/2812 2813/3169/2813
f 2680/3016/2680 2905/3272/2905 2725/3068/2725
f 2653/2989/2653 2665/3001/2665 2905/3272/2905
f 2658/2994/2658 2725/3068/2725 2905/3272/2905
f 2653/2989/2653 2905/3272/2905 2680/3016/2680
f 2905/3272/2905 2906/3273/2906 2658/2994/2658
f 2906/3273/2906 2659/2995/2659 2658/2994/2658
f 2665/3001/2665 2906/3273/2906 2905/3272/2905
f 1573/3094/1573 1462/3274/1462 2747/3095/2747
f 2659/2995/2659 2906/3273/2906 2660/2996/2660
f 2660/2996/2660 2906/3273/2906 2665/3001/2665
f 2687/3024/2687 2689/3026/2689 2852/3212/2852
f 2895/3262/2895 2815/3171/2815 2791/3147/2791
f 2791/3147/2791 2869/3231/2869 2895/3262/2895
f 2815/3171/2815 2895/3262/2895 2803/3159/2803
f 2492/2807/2492 2518/2839/2518 2668/3004/2668
f 2869/3231/2869 2791/3147/2791 2870/3232/2870
f 2815/3171/2815 2803/3159/2803 2805/3161/2805
f 2907/3275/2907 2908/3276/2908 2909/3277/2909
f 2803/3159/2803 2895/3262/2895 2879/3242/2879
f 2879/3242/2879 2895/3262/2895 2894/3261/2894
f 2553/2875/2553 1153/3278/1153 1141/3279/1141
f 2740/3087/2740 2876/3239/2876 1153/3278/1153
f 2553/2875/2553 2740/3087/2740 1153/3278/1153
f 1140/2876/1140 2553/2875/2553 1141/3279/1141
f 1153/3278/1153 2876/3239/2876 1131/3250/1131
f 2671/3007/2671 2743/3090/2743 2708/3046/2708
f 1108/3280/1108 2910/3281/2910 1107/3282/1107
f 2500/2818/2500 2499/2817/2499 2818/3174/2818
f 2911/3283/2911 2793/3149/2793 2912/3284/2912
f 2890/3256/2890 2912/3284/2912 2795/3151/2795
f 1107/3282/1107 2913/3285/2913 2911/3283/2911
f 1140/2876/1140 1201/2934/1201 2552/2874/2552
f 2836/3193/2836 2706/3044/2706 2904/3271/2904
f 2809/3165/2809 2808/3164/2808 2914/3286/2914
f 2887/3252/2887 2888/3253/2888 2910/3281/2910
f 2910/3281/2910 2888/3253/2888 2913/3285/2913
f 2911/3283/2911 2912/3284/2912 2890/3256/2890
f 1107/3282/1107 2910/3281/2910 2913/3285/2913
f 2888/3253/2888 2794/3150/2794 2913/3285/2913
f 2707/3045/2707 2836/3193/2836 2809/3165/2809
f 2910/3281/2910 1134/3249/1134 2887/3252/2887
f 1108/3280/1108 1134/3249/1134 2910/3281/2910
f 2890/3256/2890 1105/3255/1105 1107/3282/1107
f 2794/3150/2794 2911/3283/2911 2913/3285/2913
f 2911/3283/2911 2890/3256/2890 1107/3282/1107
f 2794/3150/2794 2793/3149/2793 2911/3283/2911
f 2793/3149/2793 2795/3151/2795 2912/3284/2912
f 2795/3151/2795 2839/3196/2839 2890/3256/2890
f 2915/3287/2915 2808/3164/2808 2916/3288/2916
f 2914/3286/2914 2655/2991/2655 2654/2990/2654
f 2917/3289/2917 2859/3219/2859 2730/3075/2730
f 2701/3038/2701 2918/3290/2918 2738/3084/2738
f 2918/3290/2918 2919/3291/2919 2920/3292/2920
f 2663/2999/2663 2918/3290/2918 2640/2974/2640
f 2916/3288/2916 2918/3290/2918 2663/2999/2663
f 2918/3290/2918 2641/2975/2641 2640/2974/2640
f 2663/2999/2663 2915/3287/2915 2916/3288/2916
f 2919/3291/2919 2918/3290/2918 2916/3288/2916
f 2701/3038/2701 2641/2975/2641 2918/3290/2918
f 2919/3291/2919 2917/3289/2917 2920/3292/2920
f 2831/3188/2831 2601/2926/2601 2744/3091/2744
f 2915/3287/2915 2663/2999/2663 2655/2991/2655
f 2919/3291/2919 2884/3247/2884 2859/3219/2859
f 2730/3075/2730 2921/3293/2921 2917/3289/2917
f 2884/3247/2884 2919/3291/2919 2916/3288/2916
f 2884/3247/2884 2916/3288/2916 2808/3164/2808
f 2655/2991/2655 2914/3286/2914 2915/3287/2915
f 2808/3164/2808 2915/3287/2915 2914/3286/2914
f 2917/3289/2917 2921/3293/2921 2920/3292/2920
f 2699/3036/2699 2855/3215/2855 2700/3037/2700
f 2921/3293/2921 2918/3290/2918 2920/3292/2920
f 2772/3126/2772 2760/3110/2760 2922/3294/2922
f 2859/3219/2859 2917/3289/2917 2919/3291/2919
f 2923/3295/2923 2578/2902/2578 2676/3012/2676
f 2924/3296/2924 2925/3297/2925 2742/3089/2742
f 2925/3297/2925 2926/3298/2926 2927/3299/2927
f 2678/3014/2678 2652/2988/2652 2620/2951/2620
f 2928/3300/2928 2929/3301/2929 2643/2977/2643
f 2790/3146/2790 2615/2946/2615 2927/3299/2927
f 2930/3302/2930 2925/3297/2925 2931/3303/2931
f 2615/2946/2615 2742/3089/2742 2927/3299/2927
f 2932/3304/2932 2538/2860/2538 2495/2811/2495
f 2536/2858/2536 2538/2860/2538 2933/3305/2933
f 2559/2882/2559 2713/3053/2713 2557/2880/2557
f 2931/3303/2931 2925/3297/2925 2924/3296/2924
f 2924/3296/2924 2934/3306/2934 2931/3303/2931
f 2932/3304/2932 2495/2811/2495 2934/3306/2934
f 2494/2810/2494 2931/3303/2931 2934/3306/2934
f 2703/3040/2703 186/3042/186 180/3307/180
f 2927/3299/2927 2695/3032/2695 2790/3146/2790
f 2935/3308/2935 2936/3309/2936 2928/3300/2928
f 2937/3310/2937 2732/3077/2732 2938/3311/2938
f 2611/2941/2611 2930/3302/2930 2931/3303/2931
f 2924/3296/2924 2742/3089/2742 2932/3304/2932
f 2933/3305/2933 2935/3308/2935 2536/2858/2536
f 2939/3312/2939 2933/3305/2933 2932/3304/2932
f 2695/3032/2695 2926/3298/2926 2696/3033/2696
f 2742/3089/2742 2732/3077/2732 2939/3312/2939
f 2940/3313/2940 2926/3298/2926 2930/3302/2930
f 2495/2811/2495 2494/2810/2494 2934/3306/2934
f 2931/3303/2931 2494/2810/2494 2611/2941/2611
f 2789/3144/2789 2615/2946/2615 2790/3146/2790
f 2927/3299/2927 2742/3089/2742 2925/3297/2925
f 2929/3301/2929 2928/3300/2928 2936/3309/2936
f 2937/3310/2937 2933/3305/2933 2939/3312/2939
f 2719/3062/2719 2553/2875/2553 2552/2874/2552
f 2936/3309/2936 2935/3308/2935 2937/3310/2937
f 2939/3312/2939 2732/3077/2732 2937/3310/2937
f 2941/3314/2941 2929/3301/2929 2942/3315/2942
f 2556/2879/2556 2715/3056/2715 2617/2948/2617
f 2938/3311/2938 2766/3116/2766 2943/3316/2943
f 2933/3305/2933 2538/2860/2538 2932/3304/2932
f 2800/3156/2800 2733/3078/2733 2618/2949/2618
f 2921/3293/2921 2730/3075/2730 2941/3314/2941
f 2926/3298/2926 2940/3313/2940 2696/3033/2696
f 2706/3044/2706 2836/3193/2836 2707/3045/2707
f 2611/2941/2611 2515/2836/2515 2940/3313/2940
f 2933/3305/2933 2937/3310/2937 2935/3308/2935
f 2940/3313/2940 2515/2836/2515 2696/3033/2696
f 2937/3310/2937 2938/3311/2938 2936/3309/2936
f 2672/3008/2672 2938/3311/2938 2732/3077/2732
f 2932/3304/2932 2742/3089/2742 2939/3312/2939
f 2932/3304/2932 2934/3306/2934 2924/3296/2924
f 2935/3308/2935 2928/3300/2928 2536/2858/2536
f 2943/3316/2943 2936/3309/2936 2938/3311/2938
f 2928/3300/2928 2681/3018/2681 2536/2858/2536
f 2930/3302/2930 2611/2941/2611 2940/3313/2940
f 2707/3045/2707 2809/3165/2809 2914/3286/2914
f 2672/3008/2672 2766/3116/2766 2938/3311/2938
f 2944/3317/2944 2936/3309/2936 2943/3316/2943
f 2926/3298/2926 2695/3032/2695 2927/3299/2927
f 2930/3302/2930 2926/3298/2926 2925/3297/2925
f 2936/3309/2936 2942/3315/2942 2929/3301/2929
f 2928/3300/2928 2643/2977/2643 2681/3018/2681
f 2918/3290/2918 2943/3316/2943 2766/3116/2766
f 2942/3315/2942 2936/3309/2936 2944/3317/2944
f 2943/3316/2943 2918/3290/2918 2944/3317/2944
f 2730/3075/2730 2643/2977/2643 2929/3301/2929
f 2766/3116/2766 2662/2998/2662 2918/3290/2918
f 2689/3026/2689 2731/3076/2731 2860/3220/2860
f 2921/3293/2921 2942/3315/2942 2944/3317/2944
f 2918/3290/2918 2921/3293/2921 2944/3317/2944
f 2730/3075/2730 2929/3301/2929 2941/3314/2941
f 2941/3314/2941 2942/3315/2942 2921/3293/2921
f 2662/2998/2662 2738/3084/2738 2918/3290/2918
f 2618/2949/2618 2620/2951/2620 2717/3058/2717
f 1461/3318/1461 2945/3319/2945 2946/3320/2946
f 2810/3166/2810 2809/3165/2809 2862/3222/2862
f 2776/3131/2776 2855/3215/2855 2877/3240/2877
f 2706/3044/2706 2578/2902/2578 2702/3039/2702
f 1501/3321/1501 1526/3086/1526 2691/3028/2691
f 2703/3040/2703 176/3124/176 2789/3144/2789
f 1609/3322/1609 1583/3323/1583 2947/3324/2947
f 2595/2919/2595 2630/2962/2630 2754/3104/2754
f 1583/3323/1583 1532/2826/1532 2507/2825/2507
f 2855/3215/2855 2854/3214/2854 2877/3240/2877
f 2948/3325/2948 1519/2827/1519 1518/3326/1518
f 2787/3142/2787 2840/3197/2840 2949/3327/2949
f 2592/2916/2592 2865/3227/2865 2747/3095/2747
f 2797/3153/2797 2806/3162/2806 2893/3260/2893
f 2594/2918/2594 2631/2963/2631 2630/2962/2630
f 2560/2883/2560 2904/3271/2904 2706/3044/2706
f 1345/3209/1345 2950/3328/2950 2850/3210/2850
f 2601/2926/2601 2488/2803/2488 2599/2924/2599
f 2858/3218/2858 1583/3323/1583 2507/2825/2507
f 2623/2954/2623 2746/3093/2746 2621/2952/2621
f 2558/2881/2558 2704/3041/2704 2756/3106/2756
f 2951/3329/2951 2507/2825/2507 2952/3330/2952
f 176/3124/176 2703/3040/2703 180/3307/180
f 1616/3208/1616 2948/3325/2948 1518/3326/1518
f 2753/3103/2753 2953/3331/2953 2947/3324/2947
f 2767/3119/2767 2872/3234/2872 2580/2904/2580
f 2947/3324/2947 1583/3323/1583 2858/3218/2858
f 2599/2924/2599 2595/2919/2595 2788/3143/2788
f 2857/3217/2857 2954/3332/2954 2832/3189/2832
f 2754/3104/2754 2753/3103/2753 2785/3140/2785
f 2785/3140/2785 2858/3218/2858 2799/3155/2799
f 2952/3330/2952 2507/2825/2507 2948/3325/2948
f 2644/2978/2644 2537/2859/2537 2536/2858/2536
f 2948/3325/2948 1616/3208/1616 2952/3330/2952
f 2858/3218/2858 2507/2825/2507 2799/3155/2799
f 2783/3138/2783 2779/3134/2779 2784/3139/2784
f 2955/3333/2955 9/3100/9 2650/2986/2650
f 2858/3218/2858 2753/3103/2753 2947/3324/2947
f 2956/3334/2956 2945/3319/2945 1591/3335/1591
f 2953/3331/2953 1609/3322/1609 2947/3324/2947
f 1345/3209/1345 1429/3226/1429 2950/3328/2950
f 2850/3210/2850 2952/3330/2952 1616/3208/1616
f 2678/3014/2678 2837/3194/2837 2904/3271/2904
f 1605/3336/1605 2956/3334/2956 1591/3335/1591
f 2786/3141/2786 2788/3143/2788 2595/2919/2595
f 2774/3128/2774 2511/2832/2511 2739/3085/2739
f 2953/3331/2953 2956/3334/2956 1605/3336/1605
f 2650/2986/2650 2649/2985/2649 2811/3167/2811
f 2630/2962/2630 2854/3214/2854 2755/3105/2755
f 2951/3329/2951 2749/3097/2749 2799/3155/2799
f 2860/3220/2860 2862/3222/2862 2837/3194/2837
f 2775/3130/2775 2951/3329/2951 2952/3330/2952
f 2950/3328/2950 1429/3226/1429 2850/3210/2850
f 2952/3330/2952 2850/3210/2850 2589/2913/2589
f 2856/3216/2856 2758/3108/2758 2633/2965/2633
f 1812/2896/1812 2779/3134/2779 2783/3138/2783
f 2786/3141/2786 2595/2919/2595 2754/3104/2754
f 2630/2962/2630 2755/3105/2755 2754/3104/2754
f 2558/2881/2558 2790/3146/2790 2695/3032/2695
f 2853/3213/2853 2956/3334/2956 2953/3331/2953
f 2677/3013/2677 2923/3295/2923 2676/3012/2676
f 2504/2822/2504 2741/3088/2741 2505/2823/2505
f 2827/3184/2827 2694/3031/2694 2857/3217/2857
f 2951/3329/2951 2775/3130/2775 2749/3097/2749
f 2952/3330/2952 2589/2913/2589 2775/3130/2775
f 2690/3027/2690 2621/2952/2621 2757/3107/2757
f 2589/2913/2589 2850/3210/2850 1429/3226/1429
f 2706/3044/2706 2676/3012/2676 2578/2902/2578
f 2854/3214/2854 2753/3103/2753 2755/3105/2755
f 2785/3140/2785 2786/3141/2786 2754/3104/2754
f 1591/3335/1591 2945/3319/2945 1461/3318/1461
f 1462/3274/1462 1461/3318/1461 2946/3320/2946
f 2957/3337/2957 2747/3095/2747 1462/3274/1462
f 2490/2805/2490 2946/3320/2946 2699/3036/2699
f 2488/2803/2488 2593/2917/2593 2599/2924/2599
f 2953/3331/2953 2854/3214/2854 2853/3213/2853
f 2749/3097/2749 2775/3130/2775 2588/2912/2588
f 2589/2913/2589 1429/3226/1429 2590/2914/2590
f 2749/3097/2749 2744/3091/2744 2600/2925/2600
f 2778/3133/2778 2777/3132/2777 2633/2965/2633
f 2945/3319/2945 2853/3213/2853 2699/3036/2699
f 1462/3274/1462 2946/3320/2946 2957/3337/2957
f 2828/3185/2828 2833/3190/2833 2487/2802/2487
f 2630/2962/2630 2632/2964/2632 2854/3214/2854
f 2744/3091/2744 2601/2926/2601 2600/2925/2600
f 2562/2885/2562 2724/3067/2724 2723/3066/2723
f 2853/3213/2853 2855/3215/2855 2699/3036/2699
f 2491/2806/2491 2504/2822/2504 2489/2804/2489
f 1605/3336/1605 1609/3322/1609 2953/3331/2953
f 2648/2984/2648 2650/2986/2650 9/3100/9
f 2946/3320/2946 2945/3319/2945 2699/3036/2699
f 2592/2916/2592 2957/3337/2957 2946/3320/2946
f 2782/3137/2782 2692/3029/2692 2691/3028/2691
f 2954/3332/2954 2594/2918/2594 2593/2917/2593
f 2772/3126/2772 2787/3142/2787 2760/3110/2760
f 2776/3131/2776 2700/3037/2700 2855/3215/2855
f 2841/3198/2841 2823/3179/2823 2487/2802/2487
f 1817/3181/1817 2590/2914/2590 1818/3225/1818
f 2922/3294/2922 2771/3125/2771 2772/3126/2772
f 1618/3060/1618 2747/3095/2747 2865/3227/2865
f 2631/2963/2631 2594/2918/2594 2954/3332/2954
f 2799/3155/2799 2507/2825/2507 2951/3329/2951
f 2722/3065/2722 2716/3057/2716 2723/3066/2723
f 2877/3240/2877 2632/2964/2632 2631/2963/2631
f 2759/3109/2759 2764/3114/2764 2763/3113/2763
f 2958/3338/2958 2841/3198/2841 2487/2802/2487
f 2506/2824/2506 2489/2804/2489 2504/2822/2504
f 2959/3339/2959 2842/3199/2842 2841/3198/2841
f 2818/3174/2818 2722/3065/2722 2724/3067/2724
f 2831/3188/2831 2784/3139/2784 2682/3019/2682
f 2744/3091/2744 2784/3139/2784 2831/3188/2831
f 2782/3137/2782 2691/3028/2691 1526/3086/1526
f 2718/3061/2718 2865/3227/2865 2591/2915/2591
f 2757/3107/2757 2877/3240/2877 2631/2963/2631
f 2877/3240/2877 2856/3216/2856 2776/3131/2776
f 2491/2806/2491 2700/3037/2700 2778/3133/2778
f 2486/2801/2486 2682/3019/2682 2958/3338/2958
f 2960/3340/2960 2881/3244/2881 2961/3341/2961
f 1817/3181/1817 1784/3342/1784 2783/3138/2783
f 2960/3340/2960 2781/3136/2781 2780/3135/2780
f 2962/3343/2962 2963/3344/2963 2842/3199/2842
f 2769/3121/2769 2706/3044/2706 2702/3039/2702
f 2806/3162/2806 2844/3201/2844 2842/3199/2842
f 2796/3152/2796 2793/3149/2793 2851/3211/2851
f 2849/3207/2849 2797/3153/2797 2851/3211/2851
f 2524/2845/2524 2526/2847/2526 2596/2920/2596
f 2849/3207/2849 2844/3201/2844 2806/3162/2806
f 2534/2855/2534 2677/3013/2677 2654/2990/2654
f 2491/2806/2491 2490/2805/2490 2700/3037/2700
f 2519/2840/2519 1489/3345/1489 1453/3346/1453
f 2954/3332/2954 2857/3217/2857 2690/3027/2690
f 2631/2963/2631 2690/3027/2690 2757/3107/2757
f 2757/3107/2757 2856/3216/2856 2877/3240/2877
f 2776/3131/2776 2856/3216/2856 2777/3132/2777
f 2593/2917/2593 2832/3189/2832 2954/3332/2954
f 2962/3343/2962 2959/3339/2959 2908/3276/2908
f 2591/2915/2591 2490/2805/2490 2864/3224/2864
f 2909/3277/2909 2959/3339/2959 2958/3338/2958
f 2861/3221/2861 2784/3139/2784 2781/3136/2781
f 2784/3139/2784 2779/3134/2779 2781/3136/2781
f 2783/3138/2783 1784/3342/1784 1812/2896/1812
f 2908/3276/2908 2964/3347/2964 2962/3343/2962
f 2962/3343/2962 2964/3347/2964 2963/3344/2963
f 2914/3286/2914 2654/2990/2654 2707/3045/2707
f 2842/3199/2842 2963/3344/2963 2806/3162/2806
f 2796/3152/2796 2851/3211/2851 2797/3153/2797
f 2806/3162/2806 2797/3153/2797 2849/3207/2849
f 2525/2846/2525 2545/2867/2545 2547/2869/2547
f 2746/3093/2746 2787/3142/2787 2772/3126/2772
f 2693/3030/2693 2519/2840/2519 1453/3346/1453
f 1453/3346/1453 1455/3348/1455 2693/3030/2693
f 2958/3338/2958 2959/3339/2959 2841/3198/2841
f 2774/3128/2774 2591/2915/2591 2864/3224/2864
f 1489/3345/1489 2519/2840/2519 1490/2809/1490
f 2948/3325/2948 2507/2825/2507 1519/2827/1519
f 2690/3027/2690 2857/3217/2857 2622/2953/2622
f 2531/2852/2531 2848/3205/2848 2741/3088/2741
f 2757/3107/2757 2758/3108/2758 2856/3216/2856
f 2716/3057/2716 2651/2987/2651 2723/3066/2723
f 2504/2822/2504 2491/2806/2491 2633/2965/2633
f 2899/3266/2899 2909/3277/2909 2958/3338/2958
f 1526/3086/1526 2511/2832/2511 2510/2831/2510
f 2960/3340/2960 2899/3266/2899 2861/3221/2861
f 2909/3277/2909 2908/3276/2908 2959/3339/2959
f 2949/3327/2949 2840/3197/2840 2898/3265/2898
f 2908/3276/2908 2907/3275/2907 2964/3347/2964
f 2963/3344/2963 2964/3347/2964 2965/3349/2965
f 2963/3344/2963 2629/2961/2629 2806/3162/2806
f 2693/3030/2693 2683/3020/2683 2519/2840/2519
f 2489/2804/2489 2506/2824/2506 2864/3224/2864
f 2864/3224/2864 2585/2909/2585 2774/3128/2774
f 2909/3277/2909 2899/3266/2899 2960/3340/2960
f 2956/3334/2956 2853/3213/2853 2945/3319/2945
f 2572/2895/2572 2780/3135/2780 2779/3134/2779
f 2907/3275/2907 2965/3349/2965 2964/3347/2964
f 2963/3344/2963 2965/3349/2965 2629/2961/2629
f 2806/3162/2806 2628/2960/2628 2893/3260/2893
f 2595/2919/2595 2594/2918/2594 2630/2962/2630
f 2683/3020/2683 2693/3030/2693 2692/3029/2692
f 2511/2832/2511 1526/3086/1526 2739/3085/2739
f 2585/2909/2585 2864/3224/2864 2506/2824/2506
f 2741/3088/2741 2532/2853/2532 2531/2852/2531
f 2862/3222/2862 2860/3220/2860 2810/3166/2810
f 2960/3340/2960 2907/3275/2907 2909/3277/2909
f 2780/3135/2780 2572/2895/2572 2960/3340/2960
f 2907/3275/2907 2966/3350/2966 2965/3349/2965
f 2629/2961/2629 2965/3349/2965 2583/2907/2583
f 2795/3151/2795 2893/3260/2893 2838/3195/2838
f 2518/2839/2518 2520/2841/2520 2763/3113/2763
f 2852/3212/2852 2679/3015/2679 2711/3051/2711
f 2510/2831/2510 2782/3137/2782 1526/3086/1526
f 2764/3114/2764 2759/3109/2759 2568/2891/2568
f 2746/3093/2746 2771/3125/2771 2621/2952/2621
f 2922/3294/2922 2758/3108/2758 2771/3125/2771
f 2967/3351/2967 2811/3167/2811 2966/3350/2966
f 2961/3341/2961 2907/3275/2907 2960/3340/2960
f 2961/3341/2961 2966/3350/2966 2907/3275/2907
f 2965/3349/2965 2966/3350/2966 2583/2907/2583
f 2629/2961/2629 2583/2907/2583 2582/2906/2582
f 2892/3259/2892 2628/2960/2628 2582/2906/2582
f 2893/3260/2893 2968/3352/2968 2838/3195/2838
f 2893/3260/2893 2892/3259/2892 2968/3352/2968
f 2668/3004/2668 2518/2839/2518 2765/3115/2765
f 2922/3294/2922 2530/2851/2530 2758/3108/2758
f 2827/3184/2827 2832/3189/2832 2833/3190/2833
f 2667/3003/2667 2698/3035/2698 2743/3090/2743
f 2488/2803/2488 2487/2802/2487 2833/3190/2833
f 2962/3343/2962 2842/3199/2842 2959/3339/2959
f 2520/2841/2520 2683/3020/2683 2692/3029/2692
f 2966/3350/2966 2961/3341/2961 2967/3351/2967
f 2572/2895/2572 2863/3223/2863 2881/3244/2881
f 2881/3244/2881 2960/3340/2960 2572/2895/2572
f 2583/2907/2583 2966/3350/2966 2811/3167/2811
f 2526/2847/2526 2527/2848/2527 2634/2966/2634
f 2582/2906/2582 2581/2905/2581 2892/3259/2892
f 2731/3076/2731 2730/3075/2730 2859/3219/2859
f 2838/3195/2838 2968/3352/2968 2839/3196/2839
f 2509/2830/2509 2586/2910/2586 2505/2823/2505
f 2570/2893/2570 2765/3115/2765 2764/3114/2764
f 2593/2917/2593 2488/2803/2488 2833/3190/2833
f 2530/2851/2530 2761/3111/2761 2847/3204/2847
f 2530/2851/2530 2922/3294/2922 2760/3110/2760
f 2682/3019/2682 2488/2803/2488 2831/3188/2831
f 2967/3351/2967 2961/3341/2961 2881/3244/2881
f 2861/3221/2861 2781/3136/2781 2960/3340/2960
f 2863/3223/2863 2882/3245/2882 2881/3244/2881
f 2654/2990/2654 2676/3012/2676 2707/3045/2707
f 2647/2983/2647 2598/2923/2598 2521/2842/2521
f 2645/2979/2645 2839/3196/2839 2968/3352/2968
f 2968/3352/2968 2845/3202/2845 2846/3203/2846
f 2724/3067/2724 2562/2885/2562 2500/2818/2500
f 2892/3259/2892 2845/3202/2845 2968/3352/2968
f 2494/2810/2494 2610/2940/2610 2611/2941/2611
f 2569/2892/2569 2923/3295/2923 2570/2893/2570
f 2519/2840/2519 2492/2807/2492 1490/2809/1490
f 2885/3248/2885 2967/3351/2967 2881/3244/2881
f 2645/2979/2645 2968/3352/2968 2846/3203/2846
f 2627/2958/2627 2713/3053/2713 2712/3052/2712
f 2843/3200/2843 2849/3207/2849 2851/3211/2851
f 2758/3108/2758 2621/2952/2621 2771/3125/2771
f 2767/3119/2767 2759/3109/2759 2762/3112/2762
f 2872/3234/2872 2767/3119/2767 2509/2830/2509
f 2958/3338/2958 2487/2802/2487 2486/2801/2486
f 2570/2893/2570 2923/3295/2923 2626/2957/2626
f 2592/2916/2592 2591/2915/2591 2865/3227/2865
f 2787/3142/2787 2949/3327/2949 2760/3110/2760
f 1429/3226/1429 1428/3353/1428 1818/3225/1818
f 2760/3110/2760 2498/2816/2498 2761/3111/2761
f 2885/3248/2885 2881/3244/2881 2883/3246/2883
f 2845/3202/2845 2649/2985/2649 11/2980/11
f 2578/2902/2578 2923/3295/2923 2569/2892/2569
f 2643/2977/2643 2730/3075/2730 2688/3025/2688
f 1501/3321/1501 2691/3028/2691 1455/3348/1455
f 2846/3203/2846 11/2980/11 2645/2979/2645
f 2623/2954/2623 2840/3197/2840 2745/3092/2745
f 2579/2903/2579 2759/3109/2759 2767/3119/2767
f 2901/3268/2901 2872/3234/2872 2871/3233/2871
f 2626/2957/2626 2923/3295/2923 2544/2866/2544
f 2760/3110/2760 2949/3327/2949 2498/2816/2498
f 2827/3184/2827 2833/3190/2833 2828/3185/2828
f 2747/3095/2747 2957/3337/2957 2592/2916/2592
f 2649/2985/2649 2648/2984/2648 11/2980/11
f 2898/3265/2898 2499/2817/2499 2949/3327/2949
f 2767/3119/2767 2580/2904/2580 2579/2903/2579
f 2562/2885/2562 2561/2884/2561 2500/2818/2500
f 2872/3234/2872 2901/3268/2901 2580/2904/2580
f 2677/3013/2677 2534/2855/2534 2544/2866/2544
f 2544/2866/2544 2923/3295/2923 2677/3013/2677
f 2949/3327/2949 2499/2817/2499 2498/2816/2498
f 2885/3248/2885 2811/3167/2811 2967/3351/2967
f 2883/3246/2883 2955/3333/2955 2650/2986/2650
f 2490/2805/2490 2592/2916/2592 2946/3320/2946
f 11/2980/11 2648/2984/2648 8/3099/8
f 2580/2904/2580 2901/3268/2901 2702/3039/2702
f 2953/3331/2953 2753/3103/2753 2854/3214/2854
f 2954/3332/2954 2690/3027/2690 2631/2963/2631
f 2883/3246/2883 2650/2986/2650 2885/3248/2885
f 2793/3149/2793 2796/3152/2796 2795/3151/2795
f 2499/2817/2499 2898/3265/2898 2818/3174/2818
f 2899/3266/2899 2958/3338/2958 2682/3019/2682
f 2547/2869/2547 2537/2859/2537 2644/2978/2644
f 2860/3220/2860 2837/3194/2837 2852/3212/2852
f 1455/3348/1455 2691/3028/2691 2693/3030/2693
f 2581/2905/2581 2845/3202/2845 2892/3259/2892
f 2823/3179/2823 2828/3185/2828 2487/2802/2487
f 2969/3354/2969 2970/3355/2970 2971/3356/2971
f 2972/3357/2972 2973/3358/2973 2970/3355/2970
f 2974/3359/2974 2970/3355/2970 2969/3354/2969
f 2975/3360/2975 2974/3359/2974 2969/3354/2969
f 2976/3361/2976 2977/3362/2977 2975/3360/2975
f 2978/3363/2978 2979/3364/2979 2971/3356/2971
f 2973/3358/2973 2978/3363/2978 2971/3356/2971
f 2972/3357/2972 2980/3365/2980 2981/3366/2981
f 2977/3362/2977 2980/3365/2980 2975/3360/2975
f 2976/3361/2976 2982/3367/2982 2977/3362/2977
f 2981/3366/2981 2980/3365/2980 2977/3362/2977
f 2981/3366/2981 2977/3362/2977 2983/3368/2983
f 2982/3367/2982 2984/3369/2984 2983/3368/2983
f 2985/3370/2985 2986/3371/2986 2987/3372/2987
f 2988/3373/2988 2989/3374/2989 2984/3369/2984
f 2990/3375/2990 2985/3370/2985 2987/3372/2987
f 2991/3376/2991 2992/3377/2992 2993/3378/2993
f 2994/3379/2994 2981/3366/2981 2983/3368/2983
f 2995/3380/2995 2996/3381/2996 2985/3370/2985
f 2995/3380/2995 2985/3370/2985 2997/3382/2997
f 2972/3357/2972 2970/3355/2970 2974/3359/2974
f 2997/3382/2997 2985/3370/2985 2990/3375/2990
f 2986/3371/2986 2985/3370/2985 2996/3381/2996
f 2989/3374/2989 2988/3373/2988 2998/3383/2998
f 2972/3357/2972 2999/3384/2999 2973/3358/2973
f 2998/3383/2998 2991/3376/2991 2993/3378/2993
f 2981/3366/2981 2994/3379/2994 3000/3385/3000
f 2983/3368/2983 3001/3386/3001 2994/3379/2994
f 2969/3354/2969 2976/3361/2976 2975/3360/2975
f 3002/3387/3002 2995/3380/2995 2997/3382/2997
f 3002/3387/3002 2997/3382/2997 2990/3375/2990
f 3000/3385/3000 2994/3379/2994 3003/3388/3003
f 2980/3365/2980 2972/3357/2972 2974/3359/2974
f 3004/3389/3004 2994/3379/2994 3001/3386/3001
f 2976/3361/2976 2988/3373/2988 2982/3367/2982
f 3005/3390/3005 3006/3391/3006 2037/3392/2037
f 3007/3393/3007 3002/3387/3002 2990/3375/2990
f 2989/3374/2989 3008/3394/3008 3009/3395/3009
f 3001/3386/3001 3009/3395/3009 3004/3389/3004
f 3010/3396/3010 3008/3394/3008 2998/3383/2998
f 2998/3383/2998 3011/3397/3011 3010/3396/3010
f 2998/3383/2998 3008/3394/3008 2989/3374/2989
f 3012/3398/3012 3011/3397/3011 2993/3378/2993
f 3010/3396/3010 3011/3397/3011 3013/3399/3013
f 3014/3400/3014 3015/3401/3015 3016/3402/3016
f 2085/3403/2085 3005/3390/3005 2037/3392/2037
f 3017/3404/3017 3018/3405/3018 3019/3406/3019
f 3020/3407/3020 3021/3408/3021 3022/3409/3022
f 3012/3398/3012 3002/3387/3002 3023/3410/3023
f 3012/3398/3012 3024/3411/3024 3025/3412/3025
f 3026/3413/3026 2971/3356/2971 2979/3364/2979
f 2992/3377/2992 3027/3414/3027 3012/3398/3012
f 3025/3412/3025 3013/3399/3013 3011/3397/3011
f 2989/3374/2989 3009/3395/3009 3001/3386/3001
f 3028/3415/3028 3029/3416/3029 3030/3417/3030
f 3016/3402/3016 3031/3418/3031 3032/3419/3032
f 3004/3389/3004 3009/3395/3009 3033/3420/3033
f 3005/3390/3005 2085/3403/2085 3014/3400/3014
f 3034/3421/3034 3035/3422/3035 3017/3404/3017
f 3030/3417/3030 3036/3423/3036 3007/3393/3007
f 3023/3410/3023 3024/3411/3024 3012/3398/3012
f 3002/3387/3002 3012/3398/3012 2995/3380/2995
f 3033/3420/3033 3037/3424/3037 3004/3389/3004
f 2980/3365/2980 2974/3359/2974 2975/3360/2975
f 3025/3412/3025 3024/3411/3024 3022/3409/3022
f 3007/3393/3007 3023/3410/3023 3002/3387/3002
f 3038/3425/3038 3009/3395/3009 3039/3426/3039
f 3014/3400/3014 3029/3416/3029 3028/3415/3028
f 3040/3427/3040 3023/3410/3023 3007/3393/3007
f 3020/3407/3020 3022/3409/3022 3041/3428/3041
f 3004/3389/3004 3037/3424/3037 3042/3429/3042
f 2993/3378/2993 2992/3377/2992 3012/3398/3012
f 3030/3417/3030 3029/3416/3029 3036/3423/3036
f 2086/3430/2086 2084/3431/2084 3015/3401/3015
f 2982/3367/2982 2983/3368/2983 2977/3362/2977
f 3025/3412/3025 3011/3397/3011 3012/3398/3012
f 2086/3430/2086 3014/3400/3014 2085/3403/2085
f 3040/3427/3040 3007/3393/3007 3036/3423/3036
f 3037/3424/3037 3033/3420/3033 3018/3405/3018
f 2986/3371/2986 2996/3381/2996 3027/3414/3027
f 3041/3428/3041 3022/3409/3022 3024/3411/3024
f 3038/3425/3038 3018/3405/3018 3033/3420/3033
f 3039/3426/3039 3043/3432/3043 3019/3406/3019
f 3043/3432/3043 3013/3399/3013 3022/3409/3022
f 3044/3433/3044 3045/3434/3045 3046/3435/3046
f 3014/3400/3014 3016/3402/3016 3032/3419/3032
f 3042/3429/3042 3003/3388/3003 3004/3389/3004
f 3028/3415/3028 3005/3390/3005 3014/3400/3014
f 3036/3423/3036 3029/3416/3029 3014/3400/3014
f 3042/3429/3042 3037/3424/3037 3047/3436/3047
f 3024/3411/3024 3040/3427/3040 3048/3437/3048
f 3028/3415/3028 3030/3417/3030 3006/3391/3006
f 3031/3418/3031 3049/3438/3049 3050/3439/3050
f 3022/3409/3022 3019/3406/3019 3043/3432/3043
f 3049/3438/3049 3031/3418/3031 3016/3402/3016
f 3048/3437/3048 3041/3428/3041 3024/3411/3024
f 3026/3413/3026 2969/3354/2969 2971/3356/2971
f 3032/3419/3032 3036/3423/3036 3014/3400/3014
f 3047/3436/3047 3051/3440/3051 3042/3429/3042
f 3040/3427/3040 3032/3419/3032 3048/3437/3048
f 3009/3395/3009 3008/3394/3008 3039/3426/3039
f 3047/3436/3047 3018/3405/3018 3035/3422/3035
f 3048/3437/3048 3052/3441/3052 3020/3407/3020
f 3050/3439/3050 3052/3441/3052 3031/3418/3031
f 2082/3442/2082 2079/3443/2079 3015/3401/3015
f 3022/3409/3022 3021/3408/3021 3019/3406/3019
f 3045/3434/3045 3049/3438/3049 3053/3444/3053
f 3039/3426/3039 3019/3406/3019 3038/3425/3038
f 3032/3419/3032 3052/3441/3052 3048/3437/3048
f 2971/3356/2971 2970/3355/2970 2973/3358/2973
f 3018/3405/3018 3017/3404/3017 3035/3422/3035
f 3052/3441/3052 3021/3408/3021 3020/3407/3020
f 3005/3390/3005 3028/3415/3028 3006/3391/3006
f 3044/3433/3044 3034/3421/3034 3054/3445/3054
f 3045/3434/3045 3053/3444/3053 3046/3435/3046
f 3018/3405/3018 3047/3436/3047 3037/3424/3037
f 3043/3432/3043 3039/3426/3039 3010/3396/3010
f 3011/3397/3011 2998/3383/2998 2993/3378/2993
f 3050/3439/3050 3021/3408/3021 3052/3441/3052
f 2082/3442/2082 3015/3401/3015 2084/3431/2084
f 3021/3408/3021 3054/3445/3054 3017/3404/3017
f 2976/3361/2976 2991/3376/2991 2988/3373/2988
f 3030/3417/3030 3007/3393/3007 3006/3391/3006
f 3035/3422/3035 3051/3440/3051 3047/3436/3047
f 3054/3445/3054 3021/3408/3021 3050/3439/3050
f 2989/3374/2989 3001/3386/3001 2984/3369/2984
f 3039/3426/3039 3008/3394/3008 3010/3396/3010
f 2988/3373/2988 2984/3369/2984 2982/3367/2982
f 3034/3421/3034 3055/3446/3055 3035/3422/3035
f 3013/3399/3013 3025/3412/3025 3022/3409/3022
f 3012/3398/3012 2996/3381/2996 2995/3380/2995
f 3013/3399/3013 3043/3432/3043 3010/3396/3010
f 3018/3405/3018 3038/3425/3038 3019/3406/3019
f 3004/3389/3004 3003/3388/3003 2994/3379/2994
f 3054/3445/3054 3034/3421/3034 3017/3404/3017
f 2086/3430/2086 3015/3401/3015 3014/3400/3014
f 3012/3398/3012 3027/3414/3027 2996/3381/2996
f 3035/3422/3035 3055/3446/3055 3051/3440/3051
f 3041/3428/3041 3048/3437/3048 3020/3407/3020
f 3054/3445/3054 3050/3439/3050 3045/3434/3045
f 2998/3383/2998 2988/3373/2988 2991/3376/2991
f 3056/3447/3056 3055/3446/3055 3034/3421/3034
f 3056/3447/3056 3044/3433/3044 3046/3435/3046
f 3045/3434/3045 3050/3439/3050 3049/3438/3049
f 3001/3386/3001 2983/3368/2983 2984/3369/2984
f 3009/3395/3009 3038/3425/3038 3033/3420/3033
f 3056/3447/3056 3034/3421/3034 3044/3433/3044
f 2999/3384/2999 2978/3363/2978 2973/3358/2973
f 3054/3445/3054 3045/3434/3045 3044/3433/3044
f 3023/3410/3023 3040/3427/3040 3024/3411/3024
f 3017/3404/3017 3019/3406/3019 3021/3408/3021
f 3040/3427/3040 3036/3423/3036 3032/3419/3032
f 3032/3419/3032 3031/3418/3031 3052/3441/3052
f 3057/3448/3057 3058/3449/3058 3059/3450/3059
f 3060/3451/3060 3061/3452/3061 3062/3453/3062
f 3063/3454/3063 3064/3455/3064 3065/3456/3065
f 9/3457/9 2955/3458/2955 3066/3459/3066
f 3067/3460/3067 3068/3461/3068 3069/3462/3069
f 3070/3463/3070 3071/3464/3071 3072/3465/3072
f 3073/3466/3073 3074/3467/3074 3075/3468/3075
f 3076/3469/3076 3077/3470/3077 3078/3471/3078
f 3079/3472/3079 3080/3473/3080 3081/3474/3081
f 3082/3475/3082 3083/3476/3083 3084/3477/3084
f 1185/3478/1185 3085/3479/3085 3086/3480/3086
f 3087/3481/3087 3088/3482/3088 3089/3483/3089
f 3090/3484/3090 3089/3483/3089 3074/3467/3074
f 3074/3467/3074 3089/3483/3089 3088/3482/3088
f 3091/3485/3091 3092/3486/3092 3093/3487/3093
f 3091/3485/3091 3093/3487/3093 3094/3488/3094
f 3095/3489/3095 3096/3490/3096 3097/3491/3097
f 3093/3487/3093 3092/3486/3092 3098/3492/3098
f 3099/3493/3099 3098/3492/3098 3100/3494/3100
f 3068/3461/3068 3101/3495/3101 3102/3496/3102
f 3097/3491/3097 3062/3453/3062 3061/3452/3061
f 3062/3453/3062 3103/3497/3103 3060/3451/3060
f 3104/3498/3104 3105/3499/3105 3106/3500/3106
f 3107/3501/3107 3097/3491/3097 3108/3502/3108
f 3109/3503/3109 3110/3504/3110 3111/3505/3111
f 3108/3502/3108 3112/3506/3112 3113/3507/3113
f 3097/3491/3097 3114/3508/3114 3062/3453/3062
f 3062/3453/3062 3115/3509/3115 3103/3497/3103
f 3116/3510/3116 3117/3511/3117 3118/3512/3118
f 3112/3506/3112 3117/3511/3117 3116/3510/3116
f 3072/3465/3072 3104/3498/3104 3070/3463/3070
f 3096/3490/3096 3095/3489/3095 3088/3482/3088
f 3112/3506/3112 3119/3513/3119 3113/3507/3113
f 3120/3514/3120 3121/3515/3121 3122/3516/3122
f 3119/3513/3119 3114/3508/3114 3107/3501/3107
f 3065/3456/3065 3104/3498/3104 3063/3454/3063
f 3065/3456/3065 3064/3455/3064 3123/3517/3123
f 3114/3508/3114 3119/3513/3119 3115/3509/3115
f 3124/3518/3124 3125/3519/3125 3126/3520/3126
f 3127/3521/3127 3128/3522/3128 3129/3523/3129
f 3130/3524/3130 3131/3525/3131 3116/3510/3116
f 3116/3510/3116 3132/3526/3132 3127/3521/3127
f 3119/3513/3119 3129/3523/3129 3128/3522/3128
f 3128/3522/3128 3127/3521/3127 3132/3526/3132
f 3112/3506/3112 3108/3502/3108 3133/3527/3133
f 3128/3522/3128 3132/3526/3132 3134/3528/3134
f 3131/3525/3131 3135/3529/3135 3132/3526/3132
f 3062/3453/3062 3114/3508/3114 3115/3509/3115
f 3136/3530/3136 3137/3531/3137 3125/3519/3125
f 3136/3530/3136 3138/3532/3138 3137/3531/3137
f 3139/3533/3139 3137/3531/3137 2465/3534/2465
f 3131/3525/3131 3140/3535/3140 3141/3536/3141
f 3134/3528/3134 3132/3526/3132 3142/3537/3142
f 1255/3538/1255 3128/3522/3128 3134/3528/3134
f 3135/3529/3135 3142/3537/3142 3132/3526/3132
f 3136/3530/3136 2211/3539/2211 3138/3532/3138
f 3137/3531/3137 3138/3532/3138 2465/3534/2465
f 3112/3506/3112 3129/3523/3129 3119/3513/3119
f 3139/3533/3139 2465/3534/2465 3140/3535/3140
f 3140/3535/3140 3143/3540/3143 3141/3536/3141
f 3141/3536/3141 3144/3541/3144 3135/3529/3135
f 3142/3537/3142 3135/3529/3135 3144/3541/3144
f 3095/3489/3095 3061/3452/3061 3074/3467/3074
f 3066/3459/3066 2955/3458/2955 3145/3542/3145
f 3146/3543/3146 3147/3544/3147 1246/3545/1246
f 3138/3532/3138 2211/3539/2211 2465/3534/2465
f 3143/3540/3143 3148/3546/3148 3141/3536/3141
f 3148/3546/3148 3144/3541/3144 3141/3536/3141
f 3142/3537/3142 3149/3547/3149 1255/3538/1255
f 3149/3547/3149 3150/3548/3150 1255/3538/1255
f 1253/3549/1253 1255/3538/1255 3150/3548/3150
f 3068/3461/3068 3067/3460/3067 3151/3550/3151
f 3143/3540/3143 3152/3551/3152 3148/3546/3148
f 3153/3552/3153 3150/3548/3150 3149/3547/3149
f 3116/3510/3116 3131/3525/3131 3132/3526/3132
f 3154/3553/3154 3076/3469/3076 3100/3494/3100
f 3152/3551/3152 2465/3534/2465 2462/3554/2462
f 3148/3546/3148 3059/3450/3059 3058/3449/3058
f 3152/3551/3152 2478/3555/2478 3148/3546/3148
f 3155/3556/3155 3153/3552/3153 3149/3547/3149
f 2462/3554/2462 2478/3555/2478 3152/3551/3152
f 2478/3555/2478 3059/3450/3059 3148/3546/3148
f 3155/3556/3155 3058/3449/3058 3153/3552/3153
f 2465/3534/2465 3143/3540/3143 3140/3535/3140
f 3058/3449/3058 3057/3448/3057 3153/3552/3153
f 1255/3538/1255 3134/3528/3134 3142/3537/3142
f 1248/3557/1248 3156/3558/3156 1261/3559/1261
f 3157/3560/3157 3158/3561/3158 3159/3562/3159
f 3160/3563/3160 3161/3564/3161 3162/3565/3162
f 3163/3566/3163 1255/3538/1255 1268/3567/1268
f 3057/3448/3057 3156/3558/3156 3153/3552/3153
f 3164/3568/3164 3165/3569/3165 3166/3570/3166
f 3167/3571/3167 3168/3572/3168 3169/3573/3169
f 3170/3574/3170 3171/3575/3171 3172/3576/3172
f 3125/3519/3125 3137/3531/3137 3126/3520/3126
f 3173/3577/3173 3174/3578/3174 3175/3579/3175
f 3176/3580/3176 3177/3581/3177 3178/3582/3178
f 3179/3583/3179 3180/3584/3180 3181/3585/3181
f 3182/3586/3182 3183/3587/3183 3184/3588/3184
f 3185/3589/3185 701/3590/701 3186/3591/3186
f 3160/3563/3160 3187/3592/3187 3188/3593/3188
f 3189/3594/3189 3190/3595/3190 3191/3596/3191
f 3192/3597/3192 3193/3598/3193 3194/3599/3194
f 3195/3600/3195 3196/3601/3196 3197/3602/3197
f 3088/3482/3088 3095/3489/3095 3074/3467/3074
f 3198/3603/3198 3199/3604/3199 3200/3605/3200
f 3057/3448/3057 1267/3606/1267 3156/3558/3156
f 3162/3565/3162 3171/3575/3171 3201/3607/3201
f 3202/3608/3202 3203/3609/3203 3204/3610/3204
f 3205/3611/3205 3086/3480/3086 3085/3479/3085
f 3206/3612/3206 3207/3613/3207 3208/3614/3208
f 3209/3615/3209 3210/3616/3210 3211/3617/3211
f 3212/3618/3212 3213/3619/3213 3214/3620/3214
f 3057/3448/3057 3059/3450/3059 2370/3621/2370
f 3215/3622/3215 778/3623/778 3196/3601/3196
f 3216/3624/3216 3217/3625/3217 3218/3626/3218
f 3219/3627/3219 3220/3628/3220 3172/3576/3172
f 3221/3629/3221 3222/3630/3222 3223/3631/3223
f 3127/3521/3127 3129/3523/3129 3112/3506/3112
f 2483/3632/2483 1267/3606/1267 3057/3448/3057
f 3171/3575/3171 3162/3565/3162 3213/3619/3213
f 3059/3450/3059 2478/3555/2478 2472/3633/2472
f 3224/3634/3224 3225/3635/3225 3226/3636/3226
f 3107/3501/3107 3113/3507/3113 3119/3513/3119
f 3227/3637/3227 3187/3592/3187 3228/3638/3228
f 3229/3639/3229 3230/3640/3230 3194/3599/3194
f 3231/3641/3231 3232/3642/3232 3233/3643/3233
f 3234/3644/3234 3219/3627/3219 3212/3618/3212
f 3166/3570/3166 3235/3645/3235 3236/3646/3236
f 3237/3647/3237 3238/3648/3238 3239/3649/3239
f 3240/3650/3240 3241/3651/3241 3217/3625/3217
f 3242/3652/3242 3243/3653/3243 3244/3654/3244
f 3100/3494/3100 3098/3492/3098 3245/3655/3245
f 3246/3656/3246 3247/3657/3247 3183/3587/3183
f 3248/3658/3248 3230/3640/3230 3249/3659/3249
f 3160/3563/3160 3162/3565/3162 3201/3607/3201
f 2370/3621/2370 2457/3660/2457 3057/3448/3057
f 3193/3598/3193 3192/3597/3192 3250/3661/3250
f 3148/3546/3148 3058/3449/3058 3155/3556/3155
f 3251/3662/3251 3252/3663/3252 3253/3664/3253
f 3183/3587/3183 3254/3665/3254 3246/3656/3246
f 3230/3640/3230 3255/3666/3255 3194/3599/3194
f 3133/3527/3133 3117/3511/3117 3112/3506/3112
f 3256/3667/3256 3257/3668/3257 3258/3669/3258
f 3126/3520/3126 3139/3533/3139 3259/3670/3259
f 3260/3671/3260 3261/3672/3261 3262/3673/3262
f 3263/3674/3263 3222/3630/3222 3231/3641/3231
f 3108/3502/3108 3097/3491/3097 3096/3490/3096
f 3264/3675/3264 3185/3589/3185 3265/3676/3265
f 3101/3495/3101 3068/3461/3068 3266/3677/3266
f 3267/3678/3267 3188/3593/3188 3187/3592/3187
f 3228/3638/3228 3187/3592/3187 3160/3563/3160
f 3188/3593/3188 3159/3562/3159 3158/3561/3158
f 3268/3679/3268 3238/3648/3238 3269/3680/3269
f 701/3590/701 3185/3589/3185 755/3681/755
f 3270/3682/3270 3271/3683/3271 3272/3684/3272
f 3273/3685/3273 3274/3686/3274 3224/3634/3224
f 3213/3619/3213 3162/3565/3162 3275/3687/3275
f 3276/3688/3276 3175/3579/3175 3277/3689/3277
f 3278/3690/3278 3262/3673/3262 3279/3691/3279
f 3280/3692/3280 3200/3605/3200 3250/3661/3250
f 3225/3635/3225 3274/3686/3274 3281/3693/3281
f 3268/3679/3268 3267/3678/3267 3187/3592/3187
f 3282/3694/3282 3283/3695/3283 3284/3696/3284
f 3223/3631/3223 3285/3697/3285 3286/3698/3286
f 3287/3699/3287 3260/3671/3260 3278/3690/3278
f 3288/3700/3288 3289/3701/3289 3290/3702/3290
f 3160/3563/3160 3188/3593/3188 3158/3561/3158
f 3136/3530/3136 2212/3703/2212 2211/3539/2211
f 3235/3645/3235 3166/3570/3166 3290/3702/3290
f 3291/3704/3291 3292/3705/3292 3293/3706/3293
f 3275/3687/3275 3214/3620/3214 3213/3619/3213
f 3176/3580/3176 3294/3707/3294 3295/3708/3295
f 3296/3709/3296 3273/3685/3273 3297/3710/3297
f 3142/3537/3142 3155/3556/3155 3149/3547/3149
f 3258/3669/3258 3298/3711/3298 3256/3667/3256
f 3193/3598/3193 3299/3712/3299 3300/3713/3300
f 3097/3491/3097 3107/3501/3107 3114/3508/3114
f 3301/3714/3301 3302/3715/3302 3303/3716/3303
f 780/3717/780 779/3718/779 3252/3663/3252
f 3201/3607/3201 3228/3638/3228 3160/3563/3160
f 3304/3719/3304 3193/3598/3193 3300/3713/3300
f 3294/3707/3294 3305/3720/3305 3306/3721/3306
f 3215/3622/3215 3196/3601/3196 3253/3664/3253
f 3233/3643/3233 3307/3722/3307 3308/3723/3308
f 3104/3498/3104 3309/3724/3309 3105/3499/3105
f 3310/3725/3310 3311/3726/3311 3312/3727/3312
f 3313/3728/3313 3314/3729/3314 3105/3499/3105
f 3218/3626/3218 3217/3625/3217 3315/3730/3315
f 3163/3566/3163 3115/3509/3115 3119/3513/3119
f 3316/3731/3316 3317/3732/3317 3280/3692/3280
f 3240/3650/3240 3318/3733/3318 3241/3651/3241
f 3314/3729/3314 2969/3354/2969 3026/3413/3026
f 3163/3566/3163 3128/3522/3128 1255/3538/1255
f 3274/3686/3274 3296/3709/3296 3319/3734/3319
f 3320/3735/3320 3321/3736/3321 3322/3737/3322
f 3250/3661/3250 3321/3736/3321 3320/3735/3320
f 3177/3581/3177 3197/3602/3197 3323/3738/3323
f 3324/3739/3324 3325/3740/3325 3326/3741/3326
f 3321/3736/3321 3237/3647/3237 3322/3737/3322
f 3212/3618/3212 3219/3627/3219 3172/3576/3172
f 3327/3742/3327 3026/3413/3026 2979/3364/2979
f 3305/3720/3305 3328/3743/3328 3306/3721/3306
f 3329/3744/3329 3212/3618/3212 3214/3620/3214
f 3330/3745/3330 3331/3746/3331 3327/3742/3327
f 3332/3747/3332 3333/3748/3333 3334/3749/3334
f 3180/3584/3180 3275/3687/3275 3335/3750/3335
f 3268/3679/3268 3187/3592/3187 3239/3649/3239
f 3336/3751/3336 3321/3736/3321 3337/3752/3337
f 3065/3456/3065 3309/3724/3309 3104/3498/3104
f 3291/3704/3291 3338/3753/3338 3292/3705/3292
f 3339/3754/3339 3256/3667/3256 3298/3711/3298
f 3243/3653/3243 3340/3755/3340 3341/3756/3341
f 3190/3595/3190 3342/3757/3342 3191/3596/3191
f 3343/3758/3343 3189/3594/3189 3344/3759/3344
f 3345/3760/3345 3238/3648/3238 3237/3647/3237
f 3213/3619/3213 3212/3618/3212 3346/3761/3346
f 3347/3762/3347 3348/3763/3348 3349/3764/3349
f 3349/3764/3349 3252/3663/3252 3251/3662/3251
f 3350/3765/3350 3351/3766/3351 3352/3767/3352
f 3198/3603/3198 3353/3768/3353 3199/3604/3199
f 3172/3576/3172 3220/3628/3220 3170/3574/3170
f 3064/3455/3064 3354/3769/3354 3355/3770/3355
f 3354/3769/3354 3066/3459/3066 3145/3542/3145
f 3356/3771/3356 3357/3772/3357 3244/3654/3244
f 3237/3647/3237 3336/3751/3336 3345/3760/3345
f 3358/3773/3358 3359/3774/3359 3360/3775/3360
f 3238/3648/3238 3345/3760/3345 3269/3680/3269
f 3361/3776/3361 3362/3777/3362 3363/3778/3363
f 3364/3779/3364 3365/3780/3365 3366/3781/3366
f 3234/3644/3234 3212/3618/3212 3329/3744/3329
f 3214/3620/3214 3179/3583/3179 3247/3657/3247
f 3367/3782/3367 3368/3783/3368 3181/3585/3181
f 3369/3784/3369 3370/3785/3370 3316/3731/3316
f 3164/3568/3164 3342/3757/3342 3165/3569/3165
f 3157/3560/3157 3161/3564/3161 3158/3561/3158
f 3153/3552/3153 1247/3786/1247 1253/3549/1253
f 3371/3787/3371 3372/3788/3372 3288/3700/3288
f 3247/3657/3247 3184/3588/3184 3183/3587/3183
f 3061/3452/3061 3075/3468/3075 3074/3467/3074
f 3155/3556/3155 3144/3541/3144 3148/3546/3148
f 3373/3789/3373 3374/3790/3374 3375/3791/3375
f 3371/3787/3371 3343/3758/3343 3376/3792/3376
f 3242/3652/3242 3244/3654/3244 3357/3772/3357
f 3348/3763/3348 3251/3662/3251 3377/3793/3377
f 3329/3744/3329 3247/3657/3247 3246/3656/3246
f 1248/3557/1248 1247/3786/1247 3153/3552/3153
f 3375/3791/3375 3378/3794/3378 3332/3747/3332
f 3251/3662/3251 3379/3795/3379 3377/3793/3377
f 3239/3649/3239 3187/3592/3187 3227/3637/3227
f 3222/3630/3222 3380/3796/3380 3285/3697/3285
f 3322/3737/3322 3237/3647/3237 3239/3649/3239
f 3179/3583/3179 3181/3585/3181 3368/3783/3368
f 3204/3610/3204 3381/3797/3381 3202/3608/3202
f 3322/3737/3322 3227/3637/3227 3299/3712/3299
f 3382/3798/3382 3383/3799/3383 3384/3800/3384
f 3385/3801/3385 3386/3802/3386 3387/3803/3387
f 3388/3804/3388 3389/3805/3389 3277/3689/3277
f 3156/3558/3156 1248/3557/1248 3153/3552/3153
f 3269/3680/3269 3267/3678/3267 3268/3679/3268
f 3390/3806/3390 3391/3807/3391 3351/3766/3351
f 3179/3583/3179 3184/3588/3184 3247/3657/3247
f 3250/3661/3250 3320/3735/3320 3193/3598/3193
f 3131/3525/3131 3141/3536/3141 3135/3529/3135
f 3216/3624/3216 3392/3808/3392 3393/3809/3393
f 2483/3632/2483 3057/3448/3057 2457/3660/2457
f 3394/3810/3394 3395/3811/3395 3396/3812/3396
f 3223/3631/3223 774/3813/774 3397/3814/3397
f 3142/3537/3142 3144/3541/3144 3155/3556/3155
f 1261/3559/1261 3156/3558/3156 1267/3606/1267
f 3398/3815/3398 3399/3816/3399 3356/3771/3356
f 3107/3501/3107 3108/3502/3108 3113/3507/3113
f 3350/3765/3350 3400/3817/3400 3310/3725/3310
f 3186/3591/3186 3401/3818/3401 3402/3819/3402
f 3192/3597/3192 3280/3692/3280 3250/3661/3250
f 3403/3820/3403 3334/3749/3334 3404/3821/3404
f 3300/3713/3300 3170/3574/3170 3304/3719/3304
f 3397/3814/3397 774/3813/774 770/3822/770
f 3123/3517/3123 3064/3455/3064 3355/3770/3355
f 2465/3534/2465 3152/3551/3152 3143/3540/3143
f 3255/3666/3255 3192/3597/3192 3194/3599/3194
f 3335/3750/3335 3181/3585/3181 3180/3584/3180
f 2370/3621/2370 3059/3450/3059 2472/3633/2472
f 3124/3518/3124 3126/3520/3126 3259/3670/3259
f 3405/3823/3405 3203/3609/3203 3202/3608/3202
f 3403/3820/3403 3406/3824/3406 3407/3825/3407
f 3408/3826/3408 3329/3744/3329 3246/3656/3246
f 3123/3517/3123 3409/3827/3409 3065/3456/3065
f 3293/3706/3293 3410/3828/3410 3369/3784/3369
f 3116/3510/3116 3127/3521/3127 3112/3506/3112
f 3411/3829/3411 3389/3805/3389 3412/3830/3412
f 3371/3787/3371 3288/3700/3288 3342/3757/3342
f 3337/3752/3337 3199/3604/3199 3336/3751/3336
f 3175/3579/3175 3289/3701/3289 3390/3806/3390
f 3413/3831/3413 3363/3778/3363 3414/3832/3414
f 3210/3616/3210 3209/3615/3209 3198/3603/3198
f 3230/3640/3230 3229/3639/3229 3415/3833/3415
f 3170/3574/3170 3228/3638/3228 3201/3607/3201
f 3411/3829/3411 3416/3834/3416 3389/3805/3389
f 3410/3828/3410 3293/3706/3293 3417/3835/3417
f 3102/3496/3102 3418/3836/3418 3419/3837/3419
f 3300/3713/3300 3299/3712/3299 3170/3574/3170
f 3130/3524/3130 3116/3510/3116 3118/3512/3118
f 3420/3838/3420 3393/3809/3393 3401/3818/3401
f 3386/3802/3386 3421/3839/3421 3273/3685/3273
f 3422/3840/3422 3398/3815/3398 3341/3756/3341
f 3297/3710/3297 3415/3833/3415 3296/3709/3296
f 3192/3597/3192 3316/3731/3316 3280/3692/3280
f 3270/3682/3270 3423/3841/3423 3424/3842/3424
f 3348/3763/3348 3425/3843/3425 3426/3844/3426
f 3400/3817/3400 3352/3767/3352 3203/3609/3203
f 3427/3845/3427 3200/3605/3200 3280/3692/3280
f 3304/3719/3304 3170/3574/3170 3220/3628/3220
f 3428/3846/3428 3429/3847/3429 3307/3722/3307
f 3337/3752/3337 3200/3605/3200 3199/3604/3199
f 3087/3481/3087 3089/3483/3089 3090/3484/3090
f 3430/3848/3430 3431/3849/3431 3271/3683/3271
f 1244/3850/1244 1193/3851/1193 3147/3544/3147
f 3254/3665/3254 3432/3852/3432 3294/3707/3294
f 3433/3853/3433 3344/3759/3344 3189/3594/3189
f 3192/3597/3192 3255/3666/3255 3316/3731/3316
f 3154/3553/3154 3100/3494/3100 3245/3655/3245
f 3434/3854/3434 3255/3666/3255 3230/3640/3230
f 3227/3637/3227 3228/3638/3228 3299/3712/3299
f 3408/3826/3408 3246/3656/3246 3254/3665/3254
f 3435/3855/3435 3353/3768/3353 3436/3856/3436
f 3425/3843/3425 3377/3793/3377 3437/3857/3437
f 3438/3858/3438 3408/3826/3408 3306/3721/3306
f 3435/3855/3435 3199/3604/3199 3353/3768/3353
f 3344/3759/3344 3439/3859/3439 3370/3785/3370
f 3126/3520/3126 3137/3531/3137 3139/3533/3139
f 3200/3605/3200 3427/3845/3427 3198/3603/3198
f 3434/3854/3434 3316/3731/3316 3255/3666/3255
f 3230/3640/3230 3297/3710/3297 3249/3659/3249
f 3296/3709/3296 3415/3833/3415 3319/3734/3319
f 3382/3798/3382 3412/3830/3412 3361/3776/3361
f 3292/3705/3292 3202/3608/3202 3440/3860/3440
f 3408/3826/3408 3254/3665/3254 3306/3721/3306
f 3308/3723/3308 3307/3722/3307 3441/3861/3441
f 3287/3699/3287 3442/3862/3442 3248/3658/3248
f 3203/3609/3203 3443/3863/3443 3400/3817/3400
f 3183/3587/3183 3432/3852/3432 3254/3665/3254
f 3073/3466/3073 3090/3484/3090 3074/3467/3074
f 3265/3676/3265 3402/3819/3402 3357/3772/3357
f 3425/3843/3425 3367/3782/3367 3444/3864/3444
f 3184/3588/3184 3437/3857/3437 3182/3586/3182
f 3268/3679/3268 3239/3649/3239 3238/3648/3238
f 3445/3865/3445 3205/3611/3205 3154/3553/3154
f 3295/3708/3295 3294/3707/3294 3432/3852/3432
f 3396/3812/3396 3305/3720/3305 3294/3707/3294
f 3257/3668/3257 3446/3866/3446 1185/3478/1185
f 3447/3867/3447 3067/3460/3067 3448/3868/3448
f 1253/3549/1253 3150/3548/3150 3153/3552/3153
f 3434/3854/3434 3442/3862/3442 3316/3731/3316
f 3248/3658/3248 3442/3862/3442 3434/3854/3434
f 3449/3869/3449 3450/3870/3450 3451/3871/3451
f 3297/3710/3297 3421/3839/3421 3249/3659/3249
f 3452/3872/3452 3092/3486/3092 3091/3485/3091
f 3431/3849/3431 3453/3873/3453 3271/3683/3271
f 3294/3707/3294 3306/3721/3306 3254/3665/3254
f 3372/3788/3372 3391/3807/3391 3288/3700/3288
f 3425/3843/3425 3437/3857/3437 3367/3782/3367
f 3221/3629/3221 3223/3631/3223 3397/3814/3397
f 3375/3791/3375 3454/3874/3454 3373/3789/3373
f 771/3875/771 767/3876/767 3232/3642/3232
f 3230/3640/3230 3248/3658/3248 3434/3854/3434
f 3163/3566/3163 3119/3513/3119 3128/3522/3128
f 3061/3452/3061 3095/3489/3095 3097/3491/3097
f 3184/3588/3184 3179/3583/3179 3368/3783/3368
f 3455/3877/3455 3364/3779/3364 3456/3878/3456
f 3224/3634/3224 3169/3573/3169 3387/3803/3387
f 3385/3801/3385 3457/3879/3457 3458/3880/3458
f 3209/3615/3209 3353/3768/3353 3198/3603/3198
f 3172/3576/3172 3171/3575/3171 3346/3761/3346
f 3252/3663/3252 3349/3764/3349 3459/3881/3459
f 3227/3637/3227 3322/3737/3322 3239/3649/3239
f 3460/3882/3460 3461/3883/3461 773/3884/773
f 3452/3872/3452 3462/3885/3462 3098/3492/3098
f 3403/3820/3403 3404/3821/3404 3406/3824/3406
f 3370/3785/3370 3210/3616/3210 3427/3845/3427
f 3369/3784/3369 3316/3731/3316 3442/3862/3442
f 3384/3800/3384 3463/3886/3463 3464/3887/3464
f 3460/3882/3460 3465/3888/3465 3178/3582/3178
f 3466/3889/3466 3467/3890/3467 3468/3891/3468
f 3296/3709/3296 3274/3686/3274 3273/3685/3273
f 3098/3492/3098 3462/3885/3462 3245/3655/3245
f 3281/3693/3281 3274/3686/3274 3319/3734/3319
f 3438/3858/3438 3306/3721/3306 3328/3743/3328
f 3379/3795/3379 3195/3600/3195 3432/3852/3432
f 3344/3759/3344 3369/3784/3369 3410/3828/3410
f 3377/3793/3377 3379/3795/3379 3437/3857/3437
f 3199/3604/3199 3435/3855/3435 3336/3751/3336
f 3427/3845/3427 3280/3692/3280 3317/3732/3317
f 3247/3657/3247 3329/3744/3329 3214/3620/3214
f 3469/3892/3469 3208/3614/3208 3366/3781/3366
f 3470/3893/3470 3471/3894/3471 3385/3801/3385
f 3472/3895/3472 3372/3788/3372 3473/3896/3473
f 3474/3897/3474 3167/3571/3167 3169/3573/3169
f 3226/3636/3226 3474/3897/3474 3169/3573/3169
f 3344/3759/3344 3370/3785/3370 3369/3784/3369
f 3248/3658/3248 3421/3839/3421 3287/3699/3287
f 3291/3704/3291 3442/3862/3442 3287/3699/3287
f 3460/3882/3460 775/3898/775 774/3813/774
f 3379/3795/3379 3251/3662/3251 3195/3600/3195
f 3293/3706/3293 3442/3862/3442 3291/3704/3291
f 3445/3865/3445 3298/3711/3298 3086/3480/3086
f 3258/3669/3258 3257/3668/3257 3086/3480/3086
f 3211/3617/3211 3210/3616/3210 3439/3859/3439
f 3287/3699/3287 3421/3839/3421 3386/3802/3386
f 3244/3654/3244 3341/3756/3341 3356/3771/3356
f 3260/3671/3260 3287/3699/3287 3386/3802/3386
f 3278/3690/3278 3291/3704/3291 3287/3699/3287
f 3273/3685/3273 3387/3803/3387 3386/3802/3386
f 3224/3634/3224 3387/3803/3387 3273/3685/3273
f 3224/3634/3224 3274/3686/3274 3225/3635/3225
f 3305/3720/3305 3395/3811/3395 3328/3743/3328
f 3396/3812/3396 3294/3707/3294 3176/3580/3176
f 3305/3720/3305 3396/3812/3396 3395/3811/3395
f 3295/3708/3295 3195/3600/3195 3176/3580/3176
f 3251/3662/3251 3253/3664/3253 3195/3600/3195
f 3321/3736/3321 3250/3661/3250 3200/3605/3200
f 3214/3620/3214 3180/3584/3180 3179/3583/3179
f 3194/3599/3194 3193/3598/3193 3304/3719/3304
f 3344/3759/3344 3410/3828/3410 3417/3835/3417
f 3367/3782/3367 3437/3857/3437 3184/3588/3184
f 3475/3899/3475 3291/3704/3291 3278/3690/3278
f 3396/3812/3396 3176/3580/3176 3178/3582/3178
f 3367/3782/3367 3181/3585/3181 3444/3864/3444
f 3195/3600/3195 3197/3602/3197 3176/3580/3176
f 3402/3819/3402 3242/3652/3242 3357/3772/3357
f 3312/3727/3312 3173/3577/3173 3390/3806/3390
f 3251/3662/3251 3348/3763/3348 3347/3762/3347
f 3461/3883/3461 3177/3581/3177 3323/3738/3323
f 3196/3601/3196 3195/3600/3195 3253/3664/3253
f 3379/3795/3379 3432/3852/3432 3182/3586/3182
f 3476/3900/3476 3422/3840/3422 3477/3901/3477
f 3286/3698/3286 3394/3810/3394 3465/3888/3465
f 3344/3759/3344 3417/3835/3417 3343/3758/3343
f 3201/3607/3201 3171/3575/3171 3170/3574/3170
f 3440/3860/3440 3293/3706/3293 3292/3705/3292
f 3440/3860/3440 3417/3835/3417 3293/3706/3293
f 3399/3816/3399 3326/3741/3326 3478/3902/3478
f 3260/3671/3260 3386/3802/3386 3261/3672/3261
f 3278/3690/3278 3260/3671/3260 3262/3673/3262
f 3378/3794/3378 3333/3748/3333 3332/3747/3332
f 3233/3643/3233 3308/3723/3308 3324/3739/3324
f 3338/3753/3338 3291/3704/3291 3475/3899/3475
f 3475/3899/3475 3278/3690/3278 3279/3691/3279
f 3386/3802/3386 3385/3801/3385 3261/3672/3261
f 3385/3801/3385 3387/3803/3387 3470/3893/3470
f 3224/3634/3224 3226/3636/3226 3169/3573/3169
f 3169/3573/3169 3470/3893/3470 3387/3803/3387
f 3465/3888/3465 3396/3812/3396 3178/3582/3178
f 3396/3812/3396 3465/3888/3465 3394/3810/3394
f 3197/3602/3197 3177/3581/3177 3176/3580/3176
f 3220/3628/3220 3229/3639/3229 3304/3719/3304
f 3349/3764/3349 3251/3662/3251 3347/3762/3347
f 3361/3776/3361 3363/3778/3363 3382/3798/3382
f 3252/3663/3252 3215/3622/3215 3253/3664/3253
f 3356/3771/3356 3479/3903/3479 3357/3772/3357
f 3229/3639/3229 3319/3734/3319 3415/3833/3415
f 771/3875/771 3231/3641/3231 3221/3629/3221
f 3308/3723/3308 3325/3740/3325 3324/3739/3324
f 3321/3736/3321 3200/3605/3200 3337/3752/3337
f 3417/3835/3417 3376/3792/3376 3343/3758/3343
f 3292/3705/3292 3338/3753/3338 3202/3608/3202
f 3417/3835/3417 3440/3860/3440 3381/3797/3381
f 3480/3904/3480 3338/3753/3338 3475/3899/3475
f 3480/3904/3480 3475/3899/3475 3279/3691/3279
f 3450/3870/3450 3388/3804/3388 3174/3578/3174
f 3261/3672/3261 3385/3801/3385 3458/3880/3458
f 3401/3818/3401 3243/3653/3243 3242/3652/3242
f 3168/3572/3168 3470/3893/3470 3169/3573/3169
f 3195/3600/3195 3295/3708/3295 3432/3852/3432
f 3436/3856/3436 3353/3768/3353 3209/3615/3209
f 3460/3882/3460 3178/3582/3178 3177/3581/3177
f 3197/3602/3197 3196/3601/3196 3323/3738/3323
f 3270/3682/3270 3311/3726/3311 3423/3841/3423
f 3420/3838/3420 3216/3624/3216 3393/3809/3393
f 762/3905/762 3264/3675/3264 768/3906/768
f 3212/3618/3212 3172/3576/3172 3346/3761/3346
f 3343/3758/3343 3190/3595/3190 3189/3594/3189
f 3417/3835/3417 3381/3797/3381 3376/3792/3376
f 3202/3608/3202 3338/3753/3338 3481/3907/3481
f 3381/3797/3381 3440/3860/3440 3202/3608/3202
f 3174/3578/3174 3388/3804/3388 3175/3579/3175
f 3279/3691/3279 3262/3673/3262 3261/3672/3261
f 3338/3753/3338 3480/3904/3480 3481/3907/3481
f 3279/3691/3279 3482/3908/3482 3480/3904/3480
f 3432/3852/3432 3183/3587/3183 3182/3586/3182
f 3424/3842/3424 3430/3848/3430 3270/3682/3270
f 3261/3672/3261 3458/3880/3458 3279/3691/3279
f 3470/3893/3470 3168/3572/3168 3471/3894/3471
f 3474/3897/3474 3226/3636/3226 3167/3571/3167
f 3460/3882/3460 3223/3631/3223 3465/3888/3465
f 3277/3689/3277 3175/3579/3175 3388/3804/3388
f 3483/3909/3483 3454/3874/3454 3375/3791/3375
f 3461/3883/3461 3460/3882/3460 3177/3581/3177
f 3223/3631/3223 3286/3698/3286 3465/3888/3465
f 3285/3697/3285 3394/3810/3394 3286/3698/3286
f 3196/3601/3196 778/3623/778 3323/3738/3323
f 3379/3795/3379 3182/3586/3182 3437/3857/3437
f 3425/3843/3425 3348/3763/3348 3377/3793/3377
f 3252/3663/3252 3459/3881/3459 780/3717/780
f 3161/3564/3161 3160/3563/3160 3158/3561/3158
f 779/3718/779 778/3623/778 3215/3622/3215
f 3317/3732/3317 3370/3785/3370 3427/3845/3427
f 3423/3841/3423 3400/3817/3400 3484/3910/3484
f 3371/3787/3371 3190/3595/3190 3343/3758/3343
f 3371/3787/3371 3376/3792/3376 3372/3788/3372
f 3473/3896/3473 3376/3792/3376 3381/3797/3381
f 3405/3823/3405 3202/3608/3202 3481/3907/3481
f 3231/3641/3231 3233/3643/3233 3485/3911/3485
f 3480/3904/3480 3482/3908/3482 3481/3907/3481
f 3359/3774/3359 3358/3773/3358 3422/3840/3422
f 3482/3908/3482 3279/3691/3279 3458/3880/3458
f 3433/3853/3433 3439/3859/3439 3344/3759/3344
f 3460/3882/3460 774/3813/774 3223/3631/3223
f 3323/3738/3323 778/3623/778 776/3912/776
f 776/3912/776 3461/3883/3461 3323/3738/3323
f 3486/3913/3486 3191/3596/3191 3164/3568/3164
f 3479/3903/3479 3428/3846/3428 3487/3914/3487
f 3264/3675/3264 3265/3676/3265 3487/3914/3487
f 3308/3723/3308 3441/3861/3441 3325/3740/3325
f 3276/3688/3276 3277/3689/3277 3235/3645/3235
f 3484/3910/3484 3424/3842/3424 3423/3841/3423
f 3429/3847/3429 3441/3861/3441 3307/3722/3307
f 3346/3761/3346 3171/3575/3171 3213/3619/3213
f 3370/3785/3370 3439/3859/3439 3210/3616/3210
f 3484/3910/3484 3400/3817/3400 3443/3863/3443
f 3198/3603/3198 3427/3845/3427 3210/3616/3210
f 3371/3787/3371 3342/3757/3342 3190/3595/3190
f 3473/3896/3473 3372/3788/3372 3376/3792/3376
f 3472/3895/3472 3473/3896/3473 3381/3797/3381
f 3481/3907/3481 3482/3908/3482 3405/3823/3405
f 3472/3895/3472 3381/3797/3381 3204/3610/3204
f 3421/3839/3421 3248/3658/3248 3249/3659/3249
f 3461/3883/3461 776/3912/776 773/3884/773
f 773/3884/773 775/3898/775 3460/3882/3460
f 3223/3631/3223 3222/3630/3222 3285/3697/3285
f 3272/3684/3272 3488/3915/3488 3451/3871/3451
f 3316/3731/3316 3370/3785/3370 3317/3732/3317
f 3191/3596/3191 3342/3757/3342 3164/3568/3164
f 3405/3823/3405 3443/3863/3443 3203/3609/3203
f 3204/3610/3204 3372/3788/3372 3472/3895/3472
f 3204/3610/3204 3203/3609/3203 3352/3767/3352
f 3241/3651/3241 3489/3916/3489 3403/3820/3403
f 3215/3622/3215 3252/3663/3252 779/3718/779
f 3321/3736/3321 3336/3751/3336 3237/3647/3237
f 3373/3789/3373 3490/3917/3490 3491/3918/3491
f 3342/3757/3342 3288/3700/3288 3165/3569/3165
f 3275/3687/3275 3180/3584/3180 3214/3620/3214
f 3289/3701/3289 3288/3700/3288 3391/3807/3391
f 3372/3788/3372 3351/3766/3351 3391/3807/3391
f 3489/3916/3489 3492/3919/3492 3493/3920/3493
f 3204/3610/3204 3351/3766/3351 3372/3788/3372
f 3494/3921/3494 3495/3922/3495 3496/3923/3496
f 3204/3610/3204 3352/3767/3352 3351/3766/3351
f 3221/3629/3221 3397/3814/3397 771/3875/771
f 3320/3735/3320 3322/3737/3322 3299/3712/3299
f 3299/3712/3299 3228/3638/3228 3170/3574/3170
f 3231/3641/3231 3222/3630/3222 3221/3629/3221
f 3497/3924/3497 3388/3804/3388 3498/3925/3498
f 3368/3783/3368 3367/3782/3367 3184/3588/3184
f 3397/3814/3397 770/3822/770 771/3875/771
f 3359/3774/3359 3499/3926/3499 3360/3775/3360
f 3232/3642/3232 3307/3722/3307 3233/3643/3233
f 3164/3568/3164 3166/3570/3166 3486/3913/3486
f 3289/3701/3289 3391/3807/3391 3390/3806/3390
f 3352/3767/3352 3400/3817/3400 3350/3765/3350
f 3263/3674/3263 3231/3641/3231 3485/3911/3485
f 3369/3784/3369 3442/3862/3442 3293/3706/3293
f 3411/3829/3411 3236/3646/3236 3416/3834/3416
f 3394/3810/3394 3285/3697/3285 3380/3796/3380
f 3166/3570/3166 3165/3569/3165 3290/3702/3290
f 3290/3702/3290 3289/3701/3289 3276/3688/3276
f 3222/3630/3222 3263/3674/3263 3380/3796/3380
f 3351/3766/3351 3500/3927/3500 3390/3806/3390
f 3320/3735/3320 3299/3712/3299 3193/3598/3193
f 3363/3778/3363 3501/3928/3501 3414/3832/3414
f 3351/3766/3351 3350/3765/3350 3500/3927/3500
f 771/3875/771 3232/3642/3232 3231/3641/3231
f 3217/3625/3217 3241/3651/3241 3315/3730/3315
f 3175/3579/3175 3276/3688/3276 3289/3701/3289
f 3288/3700/3288 3290/3702/3290 3165/3569/3165
f 3235/3645/3235 3290/3702/3290 3276/3688/3276
f 3173/3577/3173 3175/3579/3175 3390/3806/3390
f 3423/3841/3423 3310/3725/3310 3400/3817/3400
f 3350/3765/3350 3310/3725/3310 3500/3927/3500
f 3307/3722/3307 3487/3914/3487 3428/3846/3428
f 3485/3911/3485 3233/3643/3233 3324/3739/3324
f 3455/3877/3455 3502/3929/3502 3503/3930/3503
f 3390/3806/3390 3500/3927/3500 3312/3727/3312
f 3416/3834/3416 3277/3689/3277 3389/3805/3389
f 3310/3725/3310 3312/3727/3312 3500/3927/3500
f 3311/3726/3311 3310/3725/3310 3423/3841/3423
f 3277/3689/3277 3416/3834/3416 3235/3645/3235
f 767/3876/767 768/3906/768 3232/3642/3232
f 3421/3839/3421 3297/3710/3297 3273/3685/3273
f 3416/3834/3416 3236/3646/3236 3235/3645/3235
f 3312/3727/3312 3311/3726/3311 3173/3577/3173
f 3174/3578/3174 3173/3577/3173 3451/3871/3451
f 3487/3914/3487 3232/3642/3232 768/3906/768
f 3232/3642/3232 3487/3914/3487 3307/3722/3307
f 3194/3599/3194 3304/3719/3304 3229/3639/3229
f 3272/3684/3272 3173/3577/3173 3311/3726/3311
f 3174/3578/3174 3451/3871/3451 3450/3870/3450
f 3451/3871/3451 3173/3577/3173 3272/3684/3272
f 3311/3726/3311 3270/3682/3270 3272/3684/3272
f 3479/3903/3479 3399/3816/3399 3478/3902/3478
f 3270/3682/3270 3430/3848/3430 3271/3683/3271
f 3487/3914/3487 768/3906/768 3264/3675/3264
f 3230/3640/3230 3415/3833/3415 3297/3710/3297
f 3298/3711/3298 3445/3865/3445 3469/3892/3469
f 3389/3805/3389 3388/3804/3388 3497/3924/3497
f 3498/3925/3498 3388/3804/3388 3450/3870/3450
f 3326/3741/3326 3325/3740/3325 3478/3902/3478
f 3325/3740/3325 3441/3861/3441 3478/3902/3478
f 3271/3683/3271 3453/3873/3453 3272/3684/3272
f 3412/3830/3412 3389/3805/3389 3497/3924/3497
f 3504/3931/3504 3498/3925/3498 3450/3870/3450
f 3504/3931/3504 3450/3870/3450 3449/3869/3449
f 3451/3871/3451 3488/3915/3488 3449/3869/3449
f 3341/3756/3341 3340/3755/3340 3359/3774/3359
f 3272/3684/3272 3453/3873/3453 3488/3915/3488
f 3483/3909/3483 3332/3747/3332 3334/3749/3334
f 3505/3932/3505 3454/3874/3454 3493/3920/3493
f 762/3905/762 3185/3589/3185 3264/3675/3264
f 3265/3676/3265 3357/3772/3357 3487/3914/3487
f 3478/3902/3478 3441/3861/3441 3429/3847/3429
f 3429/3847/3429 3428/3846/3428 3479/3903/3479
f 3357/3772/3357 3479/3903/3479 3487/3914/3487
f 3185/3589/3185 762/3905/762 755/3681/755
f 3411/3829/3411 3412/3830/3412 3384/3800/3384
f 3498/3925/3498 3506/3933/3506 3497/3924/3497
f 3361/3776/3361 3412/3830/3412 3497/3924/3497
f 3498/3925/3498 3504/3931/3504 3506/3933/3506
f 3453/3873/3453 3507/3934/3507 3488/3915/3488
f 3507/3934/3507 3453/3873/3453 3431/3849/3431
f 3318/3733/3318 3365/3780/3365 3493/3920/3493
f 3265/3676/3265 3185/3589/3185 3402/3819/3402
f 3479/3903/3479 3478/3902/3478 3429/3847/3429
f 3399/3816/3399 3476/3900/3476 3326/3741/3326
f 3384/3800/3384 3464/3887/3464 3411/3829/3411
f 3412/3830/3412 3382/3798/3382 3384/3800/3384
f 3361/3776/3361 3497/3924/3497 3506/3933/3506
f 3507/3934/3507 3508/3935/3508 3488/3915/3488
f 3431/3849/3431 3508/3935/3508 3507/3934/3507
f 3464/3887/3464 3463/3886/3463 3509/3936/3509
f 3186/3591/3186 3402/3819/3402 3185/3589/3185
f 3399/3816/3399 3479/3903/3479 3356/3771/3356
f 3476/3900/3476 3399/3816/3399 3422/3840/3422
f 3510/3937/3510 3411/3829/3411 3464/3887/3464
f 3361/3776/3361 3506/3933/3506 3362/3777/3362
f 3456/3878/3456 3466/3889/3466 3455/3877/3455
f 3401/3818/3401 3242/3652/3242 3402/3819/3402
f 3399/3816/3399 3398/3815/3398 3422/3840/3422
f 3208/3614/3208 3364/3779/3364 3366/3781/3366
f 3503/3930/3503 3364/3779/3364 3455/3877/3455
f 3509/3936/3509 3510/3937/3510 3464/3887/3464
f 3384/3800/3384 3511/3938/3511 3463/3886/3463
f 3383/3799/3383 3511/3938/3511 3384/3800/3384
f 3383/3799/3383 3382/3798/3382 3413/3831/3413
f 3413/3831/3413 3382/3798/3382 3363/3778/3363
f 3398/3815/3398 3356/3771/3356 3341/3756/3341
f 3244/3654/3244 3243/3653/3243 3341/3756/3341
f 3477/3901/3477 3422/3840/3422 3358/3773/3358
f 3318/3733/3318 3240/3650/3240 3366/3781/3366
f 3463/3886/3463 3512/3939/3512 3509/3936/3509
f 3393/3809/3393 3243/3653/3243 3401/3818/3401
f 3422/3840/3422 3341/3756/3341 3359/3774/3359
f 3393/3809/3393 3513/3940/3513 3243/3653/3243
f 3513/3940/3513 3340/3755/3340 3243/3653/3243
f 3392/3808/3392 3513/3940/3513 3393/3809/3393
f 3359/3774/3359 3340/3755/3340 3495/3922/3495
f 3496/3923/3496 3340/3755/3340 3513/3940/3513
f 3217/3625/3217 3216/3624/3216 3420/3838/3420
f 3496/3923/3496 3513/3940/3513 3392/3808/3392
f 3496/3923/3496 3495/3922/3495 3340/3755/3340
f 3495/3922/3495 3499/3926/3499 3359/3774/3359
f 3360/3775/3360 3499/3926/3499 3494/3921/3494
f 3216/3624/3216 3218/3626/3218 3392/3808/3392
f 3496/3923/3496 3392/3808/3392 3407/3825/3407
f 3494/3921/3494 3499/3926/3499 3495/3922/3495
f 3392/3808/3392 3218/3626/3218 3407/3825/3407
f 3496/3923/3496 3407/3825/3407 3406/3824/3406
f 3490/3917/3490 3373/3789/3373 3502/3929/3502
f 3407/3825/3407 3218/3626/3218 3403/3820/3403
f 3315/3730/3315 3241/3651/3241 3218/3626/3218
f 3403/3820/3403 3218/3626/3218 3241/3651/3241
f 3374/3790/3374 3378/3794/3378 3375/3791/3375
f 3492/3919/3492 3489/3916/3489 3241/3651/3241
f 3334/3749/3334 3403/3820/3403 3489/3916/3489
f 3241/3651/3241 3318/3733/3318 3492/3919/3492
f 3334/3749/3334 3333/3748/3333 3404/3821/3404
f 3489/3916/3489 3493/3920/3493 3334/3749/3334
f 3493/3920/3493 3492/3919/3492 3318/3733/3318
f 3366/3781/3366 3240/3650/3240 3339/3754/3339
f 3366/3781/3366 3365/3780/3365 3318/3733/3318
f 3514/3941/3514 3373/3789/3373 3491/3918/3491
f 3334/3749/3334 3493/3920/3493 3483/3909/3483
f 3240/3650/3240 3256/3667/3256 3339/3754/3339
f 3469/3892/3469 3366/3781/3366 3339/3754/3339
f 3493/3920/3493 3454/3874/3454 3483/3909/3483
f 3365/3780/3365 3505/3932/3505 3493/3920/3493
f 3339/3754/3339 3298/3711/3298 3469/3892/3469
f 3503/3930/3503 3365/3780/3365 3364/3779/3364
f 3375/3791/3375 3332/3747/3332 3483/3909/3483
f 3515/3942/3515 3514/3941/3514 3490/3917/3490
f 3365/3780/3365 3503/3930/3503 3505/3932/3505
f 3206/3612/3206 3208/3614/3208 3469/3892/3469
f 3208/3614/3208 3207/3613/3207 3364/3779/3364
f 3505/3932/3505 3502/3929/3502 3454/3874/3454
f 3503/3930/3503 3502/3929/3502 3505/3932/3505
f 3086/3480/3086 3298/3711/3298 3258/3669/3258
f 3206/3612/3206 3469/3892/3469 3445/3865/3445
f 3456/3878/3456 3364/3779/3364 3207/3613/3207
f 3502/3929/3502 3373/3789/3373 3454/3874/3454
f 3502/3929/3502 3455/3877/3455 3468/3891/3468
f 3455/3877/3455 3466/3889/3466 3468/3891/3468
f 3502/3929/3502 3468/3891/3468 3490/3917/3490
f 3468/3891/3468 3515/3942/3515 3490/3917/3490
f 3490/3917/3490 3514/3941/3514 3491/3918/3491
f 3467/3890/3467 3515/3942/3515 3468/3891/3468
f 3516/3943/3516 3515/3942/3515 3467/3890/3467
f 3514/3941/3514 3515/3942/3515 3517/3944/3517
f 3516/3943/3516 3517/3944/3517 3515/3942/3515
f 3283/3695/3283 3282/3694/3282 3518/3945/3518
f 3519/3946/3519 3520/3947/3520 3521/3948/3521
f 3522/3949/3522 3523/3950/3523 3524/3951/3524
f 3523/3950/3523 3525/3952/3525 3526/3953/3526
f 3527/3954/3527 3266/3677/3266 3525/3952/3525
f 3528/3955/3528 3266/3677/3266 3529/3956/3529
f 3530/3957/3530 3529/3956/3529 3531/3958/3531
f 3530/3957/3530 3531/3958/3531 3532/3959/3532
f 3533/3960/3533 3151/3550/3151 3534/3961/3534
f 3535/3962/3535 3532/3959/3532 3531/3958/3531
f 3525/3952/3525 3522/3949/3522 3527/3954/3527
f 3536/3963/3536 3535/3962/3535 3533/3960/3533
f 3534/3961/3534 3537/3964/3537 3533/3960/3533
f 3536/3963/3536 3538/3965/3538 3535/3962/3535
f 3537/3964/3537 3539/3966/3539 3540/3967/3540
f 3541/3968/3541 3542/3969/3542 3543/3970/3543
f 3532/3959/3532 3544/3971/3544 3543/3970/3543
f 3545/3972/3545 3540/3967/3540 3539/3966/3539
f 3530/3957/3530 3532/3959/3532 3542/3969/3542
f 3541/3968/3541 3546/3973/3546 3542/3969/3542
f 3544/3971/3544 3538/3965/3538 3547/3974/3547
f 3545/3972/3545 3548/3975/3548 3540/3967/3540
f 1711/3976/1711 3549/3977/3549 3550/3978/3550
f 3547/3974/3547 3551/3979/3551 3552/3980/3552
f 3542/3969/3542 3528/3955/3528 3530/3957/3530
f 3551/3979/3551 3548/3975/3548 3553/3981/3553
f 3554/3982/3554 3555/3983/3555 3556/3984/3556
f 3557/3985/3557 3003/3388/3003 3042/3429/3042
f 3558/3986/3558 3559/3987/3559 3548/3975/3548
f 3560/3988/3560 3550/3978/3550 3549/3977/3549
f 3561/3989/3561 3562/3990/3562 3563/3991/3563
f 3564/3992/3564 3565/3993/3565 3566/3994/3566
f 2981/3366/2981 3567/3995/3567 2972/3357/2972
f 3565/3993/3565 3553/3981/3553 3568/3996/3568
f 3569/3997/3569 3570/3998/3570 3571/3999/3571
f 3553/3981/3553 3559/3987/3559 3568/3996/3568
f 3556/3984/3556 3566/3994/3566 3572/4000/3572
f 3573/4001/3573 3574/4002/3574 3575/4003/3575
f 3572/4000/3572 3566/3994/3566 3565/3993/3565
f 3576/4004/3576 3577/4005/3577 3571/3999/3571
f 3578/4006/3578 3556/3984/3556 3572/4000/3572
f 3579/4007/3579 3331/3746/3331 3330/3745/3330
f 3572/4000/3572 3563/3991/3563 3578/4006/3578
f 3580/4008/3580 2999/3384/2999 2972/3357/2972
f 3581/4009/3581 3582/4010/3582 3583/4011/3583
f 3583/4011/3583 3563/3991/3563 3584/4012/3584
f 3585/4013/3585 3586/4014/3586 3587/4015/3587
f 3330/3745/3330 3583/4011/3583 3582/4010/3582
f 3588/4016/3588 3560/3988/3560 3549/3977/3549
f 3330/3745/3330 2979/3364/2979 3589/4017/3589
f 3563/3991/3563 3583/4011/3583 3590/4018/3590
f 3561/3989/3561 3591/4019/3591 3562/3990/3562
f 3561/3989/3561 3590/4018/3590 3592/4020/3592
f 3593/4021/3593 3589/4017/3589 3594/4022/3594
f 3594/4022/3594 3589/4017/3589 2979/3364/2979
f 3590/4018/3590 3595/4023/3595 3592/4020/3592
f 3596/4024/3596 3557/3985/3557 3042/3429/3042
f 3593/4021/3593 3590/4018/3590 3589/4017/3589
f 3016/3402/3016 3597/4025/3597 3598/4026/3598
f 3566/3994/3566 3555/3983/3555 3564/3992/3564
f 3595/4023/3595 3590/4018/3590 3593/4021/3593
f 3585/4013/3585 3599/4027/3599 3586/4014/3586
f 3584/4012/3584 3565/3993/3565 3581/4009/3581
f 3595/4023/3595 3600/4028/3600 3601/4029/3601
f 3595/4023/3595 3602/4030/3602 3600/4028/3600
f 2978/3363/2978 3602/4030/3602 3595/4023/3595
f 3565/3993/3565 3552/3980/3552 3553/3981/3553
f 2978/3363/2978 2999/3384/2999 3602/4030/3602
f 3603/4031/3603 3604/4032/3604 3580/4008/3580
f 3581/4009/3581 3565/3993/3565 3568/3996/3568
f 3605/4033/3605 3573/4001/3573 3606/4034/3606
f 3532/3959/3532 3538/3965/3538 3544/3971/3544
f 3606/4034/3606 3573/4001/3573 3575/4003/3575
f 3581/4009/3581 3568/3996/3568 3582/4010/3582
f 3607/4035/3607 3602/4030/3602 2999/3384/2999
f 3608/4036/3608 3606/4034/3606 3575/4003/3575
f 3575/4003/3575 3607/4035/3607 2999/3384/2999
f 3608/4036/3608 3575/4003/3575 3580/4008/3580
f 3609/4037/3609 3606/4034/3606 3608/4036/3608
f 3046/3435/3046 3610/4038/3610 3056/3447/3056
f 3541/3968/3541 3555/3983/3555 3554/3982/3554
f 3536/3963/3536 3537/3964/3537 3540/3967/3540
f 3609/4037/3609 3604/4032/3604 3611/4039/3611
f 3612/4040/3612 3609/4037/3609 3611/4039/3611
f 3575/4003/3575 3574/4002/3574 3607/4035/3607
f 3580/4008/3580 2972/3357/2972 3567/3995/3567
f 3551/3979/3551 3536/3963/3536 3540/3967/3540
f 3531/3958/3531 3151/3550/3151 3535/3962/3535
f 3604/4032/3604 3613/4041/3613 3611/4039/3611
f 3598/4026/3598 3597/4025/3597 3614/4042/3614
f 3612/4040/3612 3611/4039/3611 3615/4043/3615
f 3568/3996/3568 3559/3987/3559 3579/4007/3579
f 3603/4031/3603 3616/4044/3616 3613/4041/3613
f 3598/4026/3598 3614/4042/3614 3576/4004/3576
f 3582/4010/3582 3579/4007/3579 3330/3745/3330
f 3584/4012/3584 3563/3991/3563 3572/4000/3572
f 3617/4045/3617 3603/4031/3603 3567/3995/3567
f 3616/4044/3616 3603/4031/3603 3617/4045/3617
f 3618/4046/3618 3616/4044/3616 3617/4045/3617
f 3618/4046/3618 3617/4045/3617 3000/3385/3000
f 3529/3956/3529 3151/3550/3151 3531/3958/3531
f 3619/4047/3619 3618/4046/3618 3557/3985/3557
f 3560/3988/3560 3588/4016/3588 3620/4048/3620
f 3529/3956/3529 3530/3957/3530 3528/3955/3528
f 3621/4049/3621 3622/4050/3622 3586/4014/3586
f 3003/3388/3003 3557/3985/3557 3618/4046/3618
f 3623/4051/3623 3571/3999/3571 3570/3998/3570
f 3624/4052/3624 3625/4053/3625 3626/4054/3626
f 3330/3745/3330 3589/4017/3589 3583/4011/3583
f 3523/3950/3523 3522/3949/3522 3525/3952/3525
f 3042/3429/3042 3051/3440/3051 3596/4024/3596
f 3549/3977/3549 1711/3976/1711 1716/4055/1716
f 3624/4052/3624 3585/4013/3585 3587/4015/3587
f 3579/4007/3579 3558/3986/3558 3331/3746/3331
f 3555/3983/3555 3544/3971/3544 3564/3992/3564
f 3596/4024/3596 3051/3440/3051 3585/4013/3585
f 3543/3970/3543 3542/3969/3542 3532/3959/3532
f 3625/4053/3625 3624/4052/3624 3587/4015/3587
f 3616/4044/3616 3611/4039/3611 3613/4041/3613
f 3536/3963/3536 3547/3974/3547 3538/3965/3538
f 3626/4054/3626 3619/4047/3619 3557/3985/3557
f 3563/3991/3563 3590/4018/3590 3561/3989/3561
f 3622/4050/3622 3627/4056/3627 3628/4057/3628
f 3599/4027/3599 3629/4058/3629 3586/4014/3586
f 3585/4013/3585 3624/4052/3624 3596/4024/3596
f 3055/3446/3055 3585/4013/3585 3051/3440/3051
f 3525/3952/3525 3266/3677/3266 3528/3955/3528
f 3561/3989/3561 3601/4029/3601 3591/4019/3591
f 3629/4058/3629 3599/4027/3599 3630/4059/3630
f 3604/4032/3604 3608/4036/3608 3580/4008/3580
f 3554/3982/3554 3546/3973/3546 3541/3968/3541
f 3582/4010/3582 3568/3996/3568 3579/4007/3579
f 3628/4057/3628 3627/4056/3627 3623/4051/3623
f 3586/4014/3586 3629/4058/3629 3621/4049/3621
f 3630/4059/3630 3599/4027/3599 3055/3446/3055
f 3593/4021/3593 3594/4022/3594 2978/3363/2978
f 3577/4005/3577 3569/3997/3569 3571/3999/3571
f 3598/4026/3598 3053/3444/3053 3049/3438/3049
f 3571/3999/3571 3627/4056/3627 3621/4049/3621
f 3607/4035/3607 3574/4002/3574 3600/4028/3600
f 3564/3992/3564 3544/3971/3544 3547/3974/3547
f 1721/4060/1721 3631/4061/3631 2079/3443/2079
f 2979/3364/2979 2978/3363/2978 3594/4022/3594
f 3532/3959/3532 3535/3962/3535 3538/3965/3538
f 3621/4049/3621 3629/4058/3629 3610/4038/3610
f 3536/3963/3536 3551/3979/3551 3547/3974/3547
f 3632/4062/3632 3577/4005/3577 3576/4004/3576
f 3617/4045/3617 2981/3366/2981 3000/3385/3000
f 3614/4042/3614 3633/4063/3633 3560/3988/3560
f 3584/4012/3584 3581/4009/3581 3583/4011/3583
f 3575/4003/3575 2999/3384/2999 3580/4008/3580
f 2978/3363/2978 3595/4023/3595 3593/4021/3593
f 1170/4064/1170 3634/4065/3634 272/4066/272
f 3635/4067/3635 3105/3499/3105 3309/3724/3309
f 3633/4063/3633 3550/3978/3550 3560/3988/3560
f 2969/3354/2969 3314/3729/3314 3313/3728/3313
f 3631/4061/3631 1721/4060/1721 1712/4068/1712
f 3620/4048/3620 3636/4069/3636 3637/4070/3637
f 3541/3968/3541 3544/3971/3544 3555/3983/3555
f 3638/4071/3638 3611/4039/3611 3616/4044/3616
f 3587/4015/3587 3586/4014/3586 3625/4053/3625
f 3633/4063/3633 3614/4042/3614 3639/4072/3639
f 3549/3977/3549 1716/4055/1716 3640/4073/3640
f 3619/4047/3619 3626/4054/3626 3638/4071/3638
f 3525/3952/3525 3528/3955/3528 3526/3953/3526
f 3627/4056/3627 3622/4050/3622 3621/4049/3621
f 3577/4005/3577 3620/4048/3620 3569/3997/3569
f 3549/3977/3549 3640/4073/3640 3588/4016/3588
f 3560/3988/3560 3620/4048/3620 3632/4062/3632
f 3524/3951/3524 3523/3950/3523 3526/3953/3526
f 3571/3999/3571 3053/3444/3053 3576/4004/3576
f 3564/3992/3564 3552/3980/3552 3565/3993/3565
f 3571/3999/3571 3046/3435/3046 3053/3444/3053
f 3557/3985/3557 3596/4024/3596 3624/4052/3624
f 3016/3402/3016 3598/4026/3598 3049/3438/3049
f 3600/4028/3600 3602/4030/3602 3607/4035/3607
f 3576/4004/3576 3053/3444/3053 3598/4026/3598
f 3571/3999/3571 3610/4038/3610 3046/3435/3046
f 2079/3443/2079 3597/4025/3597 3015/3401/3015
f 3641/4074/3641 3550/3978/3550 3633/4063/3633
f 3592/4020/3592 3595/4023/3595 3561/3989/3561
f 3610/4038/3610 3629/4058/3629 3630/4059/3630
f 3548/3975/3548 3551/3979/3551 3540/3967/3540
f 3588/4016/3588 3636/4069/3636 3620/4048/3620
f 3632/4062/3632 3620/4048/3620 3577/4005/3577
f 3541/3968/3541 3543/3970/3543 3544/3971/3544
f 3559/3987/3559 3558/3986/3558 3579/4007/3579
f 3557/3985/3557 3624/4052/3624 3626/4054/3626
f 3605/4033/3605 3606/4034/3606 3609/4037/3609
f 1711/3976/1711 3550/3978/3550 3641/4074/3641
f 3628/4057/3628 3623/4051/3623 3642/4075/3642
f 1711/3976/1711 3641/4074/3641 1712/4068/1712
f 3535/3962/3535 3151/3550/3151 3533/3960/3533
f 3567/3995/3567 2981/3366/2981 3617/4045/3617
f 3565/3993/3565 3584/4012/3584 3572/4000/3572
f 3536/3963/3536 3533/3960/3533 3537/3964/3537
f 3608/4036/3608 3604/4032/3604 3609/4037/3609
f 3588/4016/3588 3640/4073/3640 3636/4069/3636
f 3641/4074/3641 3633/4063/3633 3631/4061/3631
f 3632/4062/3632 3576/4004/3576 3614/4042/3614
f 3590/4018/3590 3583/4011/3583 3589/4017/3589
f 3623/4051/3623 3570/3998/3570 3642/4075/3642
f 3618/4046/3618 3000/3385/3000 3003/3388/3003
f 3056/3447/3056 3630/4059/3630 3055/3446/3055
f 3327/3742/3327 2979/3364/2979 3330/3745/3330
f 3562/3990/3562 3578/4006/3578 3563/3991/3563
f 3614/4042/3614 3560/3988/3560 3632/4062/3632
f 3580/4008/3580 3567/3995/3567 3603/4031/3603
f 3309/3724/3309 3065/3456/3065 3409/3827/3409
f 3015/3401/3015 3597/4025/3597 3016/3402/3016
f 3631/4061/3631 1712/4068/1712 3641/4074/3641
f 3616/4044/3616 3618/4046/3618 3638/4071/3638
f 3552/3980/3552 3564/3992/3564 3547/3974/3547
f 3618/4046/3618 3619/4047/3619 3638/4071/3638
f 3613/4041/3613 3604/4032/3604 3603/4031/3603
f 3623/4051/3623 3627/4056/3627 3571/3999/3571
f 3556/3984/3556 3555/3983/3555 3566/3994/3566
f 3610/4038/3610 3571/3999/3571 3621/4049/3621
f 3615/4043/3615 3611/4039/3611 3638/4071/3638
f 3599/4027/3599 3585/4013/3585 3055/3446/3055
f 3639/4072/3639 3597/4025/3597 2079/3443/2079
f 3637/4070/3637 3569/3997/3569 3620/4048/3620
f 3056/3447/3056 3610/4038/3610 3630/4059/3630
f 3552/3980/3552 3551/3979/3551 3553/3981/3553
f 3614/4042/3614 3597/4025/3597 3639/4072/3639
f 3548/3975/3548 3559/3987/3559 3553/3981/3553
f 2079/3443/2079 3631/4061/3631 3639/4072/3639
f 3595/4023/3595 3601/4029/3601 3561/3989/3561
f 3631/4061/3631 3633/4063/3633 3639/4072/3639
f 3643/4076/3643 3644/4077/3644 3645/4078/3645
f 3646/4079/3646 3647/4080/3647 3648/4081/3648
f 3649/4082/3649 3650/4083/3650 3651/4084/3651
f 3652/4085/3652 3653/4086/3653 3654/4087/3654
f 3655/4088/3655 3656/4089/3656 3657/4090/3657
f 3654/4087/3654 3653/4086/3653 3658/4091/3658
f 3659/4092/3659 3660/4093/3660 3661/4094/3661
f 3662/4095/3662 3657/4090/3657 3656/4089/3656
f 3663/4096/3663 3656/4089/3656 3655/4088/3655
f 3664/4097/3664 3663/4096/3663 3665/4098/3665
f 3658/4091/3658 3653/4086/3653 3666/4099/3666
f 3658/4091/3658 3667/4100/3667 3654/4087/3654
f 3661/4094/3661 3668/4101/3668 3669/4102/3669
f 3656/4089/3656 3670/4103/3670 3662/4095/3662
f 3663/4096/3663 3664/4097/3664 3656/4089/3656
f 3671/4104/3671 3664/4097/3664 3665/4098/3665
f 3672/4105/3672 3673/4106/3673 3667/4100/3667
f 3669/4102/3669 3674/4107/3674 3661/4094/3661
f 3675/4108/3675 3676/4109/3676 3677/4110/3677
f 3670/4103/3670 3656/4089/3656 3664/4097/3664
f 3678/4111/3678 3664/4097/3664 3671/4104/3671
f 3679/4112/3679 3680/4113/3680 3681/4114/3681
f 3679/4112/3679 3673/4106/3673 3682/4115/3682
f 3683/4116/3683 3684/4117/3684 3685/4118/3685
f 3669/4102/3669 3686/4119/3686 3674/4107/3674
f 3687/4120/3687 3675/4108/3675 3688/4121/3688
f 3689/4122/3689 3676/4109/3676 3675/4108/3675
f 3685/4118/3685 3670/4103/3670 3683/4116/3683
f 3664/4097/3664 3678/4111/3678 3670/4103/3670
f 3682/4115/3682 3680/4113/3680 3679/4112/3679
f 3672/4105/3672 3684/4117/3684 3690/4123/3690
f 3682/4115/3682 3672/4105/3672 3691/4124/3691
f 3674/4107/3674 3686/4119/3686 3692/4125/3692
f 3693/4126/3693 3692/4125/3692 3687/4120/3687
f 3682/4115/3682 3691/4124/3691 3694/4127/3694
f 3695/4128/3695 3692/4125/3692 3686/4119/3686
f 3696/4129/3696 3689/4122/3689 3687/4120/3687
f 3691/4124/3691 3697/4130/3697 3694/4127/3694
f 3695/4128/3695 3698/4131/3698 3692/4125/3692
f 3651/4084/3651 3698/4131/3698 3699/4132/3699
f 3700/4133/3700 3701/4134/3701 3702/4135/3702
f 3703/4136/3703 3694/4127/3694 3697/4130/3697
f 3698/4131/3698 3695/4128/3695 3699/4132/3699
f 3699/4132/3699 3704/4137/3704 3651/4084/3651
f 3651/4084/3651 3705/4138/3705 3696/4129/3696
f 3697/4130/3697 3706/4139/3706 3703/4136/3703
f 3704/4137/3704 3699/4132/3699 3707/4140/3707
f 3701/4134/3701 3708/4141/3708 3709/4142/3709
f 3695/4128/3695 3710/4143/3710 3711/4144/3711
f 3707/4140/3707 3695/4128/3695 3711/4144/3711
f 3708/4141/3708 3705/4138/3705 3650/4083/3650
f 3710/4143/3710 3712/4145/3712 3711/4144/3711
f 3649/4082/3649 3713/4146/3713 3650/4083/3650
f 3714/4147/3714 3708/4141/3708 3650/4083/3650
f 3706/4139/3706 3715/4148/3715 3716/4149/3716
f 3717/4150/3717 3714/4147/3714 3715/4148/3715
f 3716/4149/3716 3715/4148/3715 3714/4147/3714
f 3712/4145/3712 3718/4151/3718 3719/4152/3719
f 3718/4151/3718 3713/4146/3713 3719/4152/3719
f 3720/4153/3720 3714/4147/3714 3713/4146/3713
f 3720/4153/3720 3716/4149/3716 3714/4147/3714
f 3712/4145/3712 3721/4154/3721 3718/4151/3718
f 3673/4106/3673 3654/4087/3654 3667/4100/3667
f 3718/4151/3718 3722/4155/3722 3713/4146/3713
f 3722/4155/3722 3720/4153/3720 3713/4146/3713
f 3716/4149/3716 3720/4153/3720 3723/4156/3723
f 3722/4155/3722 3718/4151/3718 3721/4154/3721
f 3722/4155/3722 3724/4157/3724 3720/4153/3720
f 3723/4156/3723 3720/4153/3720 3724/4157/3724
f 3722/4155/3722 3721/4154/3721 3725/4158/3725
f 3726/4159/3726 3727/4160/3727 3728/4161/3728
f 3729/4162/3729 3730/4163/3730 3731/4164/3731
f 3732/4165/3732 3733/4166/3733 3734/4167/3734
f 3728/4161/3728 3735/4168/3735 3736/4169/3736
f 3737/4170/3737 3722/4155/3722 3725/4158/3725
f 3736/4169/3736 3735/4168/3735 3725/4158/3725
f 3738/4171/3738 3728/4161/3728 3727/4160/3727
f 3739/4172/3739 3740/4173/3740 3741/4174/3741
f 3724/4157/3724 3737/4170/3737 3742/4175/3742
f 3743/4176/3743 3744/4177/3744 3742/4175/3742
f 3735/4168/3735 3728/4161/3728 3738/4171/3738
f 3745/4178/3745 3737/4170/3737 3725/4158/3725
f 3725/4158/3725 3735/4168/3735 3746/4179/3746
f 3727/4160/3727 3731/4164/3731 3747/4180/3747
f 3748/4181/3748 3738/4171/3738 3727/4160/3727
f 3741/4174/3741 3747/4180/3747 3731/4164/3731
f 3740/4173/3740 3739/4172/3739 3749/4182/3749
f 3740/4173/3740 3750/4183/3750 3741/4174/3741
f 3737/4170/3737 3745/4178/3745 3742/4175/3742
f 3751/4184/3751 3743/4176/3743 3742/4175/3742
f 3752/4185/3752 3748/4181/3748 3753/4186/3753
f 3748/4181/3748 3752/4185/3752 3738/4171/3738
f 3738/4171/3738 3746/4179/3746 3735/4168/3735
f 3754/4187/3754 3755/4188/3755 3756/4189/3756
f 3745/4178/3745 3725/4158/3725 3746/4179/3746
f 3757/4190/3757 3727/4160/3727 3747/4180/3747
f 3741/4174/3741 3750/4183/3750 3747/4180/3747
f 3730/4163/3730 3741/4174/3741 3731/4164/3731
f 3758/4191/3758 3759/4192/3759 3760/4193/3760
f 3743/4176/3743 3751/4184/3751 3733/4166/3733
f 3761/4194/3761 3645/4078/3645 3753/4186/3753
f 3706/4139/3706 3697/4130/3697 3717/4150/3717
f 3645/4078/3645 3752/4185/3752 3753/4186/3753
f 3752/4185/3752 3746/4179/3746 3738/4171/3738
f 3690/4123/3690 3684/4117/3684 3683/4116/3683
f 3746/4179/3746 3762/4195/3762 3745/4178/3745
f 3763/4196/3763 3764/4197/3764 3765/4198/3765
f 3761/4194/3761 3748/4181/3748 3757/4190/3757
f 3766/4199/3766 3750/4183/3750 3749/4182/3749
f 3745/4178/3745 3762/4195/3762 3767/4200/3767
f 3704/4137/3704 3649/4082/3649 3651/4084/3651
f 3645/4078/3645 3761/4194/3761 3768/4201/3768
f 3668/4101/3668 3769/4202/3769 3669/4102/3669
f 3770/4203/3770 3771/4204/3771 3772/4205/3772
f 3644/4077/3644 3752/4185/3752 3645/4078/3645
f 3762/4195/3762 3746/4179/3746 3752/4185/3752
f 3773/4206/3773 3763/4196/3763 3765/4198/3765
f 3763/4196/3763 3766/4199/3766 3749/4182/3749
f 3761/4194/3761 3757/4190/3757 3774/4207/3774
f 3719/4152/3719 3711/4144/3711 3712/4145/3712
f 3761/4194/3761 3775/4208/3775 3768/4201/3768
f 3659/4092/3659 3674/4107/3674 3688/4121/3688
f 3776/4209/3776 3777/4210/3777 3733/4166/3733
f 3778/4211/3778 3646/4079/3646 3779/4212/3779
f 3762/4195/3762 3780/4213/3780 3781/4214/3781
f 3782/4215/3782 3767/4200/3767 3781/4214/3781
f 3783/4216/3783 3784/4217/3784 3785/4218/3785
f 3762/4195/3762 3752/4185/3752 3644/4077/3644
f 3774/4207/3774 3766/4199/3766 3786/4219/3786
f 3777/4210/3777 3776/4209/3776 3787/4220/3787
f 3781/4214/3781 3788/4221/3788 3782/4215/3782
f 3789/4222/3789 3790/4223/3790 3791/4224/3791
f 3792/4225/3792 3644/4077/3644 3643/4076/3643
f 3773/4206/3773 3786/4219/3786 3766/4199/3766
f 3793/4226/3793 3794/4227/3794 3795/4228/3795
f 3796/4229/3796 3797/4230/3797 3798/4231/3798
f 3775/4208/3775 3799/4232/3799 3800/4233/3800
f 3801/4234/3801 3802/4235/3802 3803/4236/3803
f 3804/4237/3804 3805/4238/3805 3806/4239/3806
f 3780/4213/3780 3788/4221/3788 3781/4214/3781
f 3788/4221/3788 3807/4240/3807 3787/4220/3787
f 3808/4241/3808 3809/4242/3809 3810/4243/3810
f 3788/4221/3788 3780/4213/3780 3792/4225/3792
f 3807/4240/3807 3788/4221/3788 3792/4225/3792
f 3811/4244/3811 3792/4225/3792 3643/4076/3643
f 3812/4245/3812 3813/4246/3813 3799/4232/3799
f 3814/4247/3814 3815/4248/3815 3816/4249/3816
f 3817/4250/3817 3772/4205/3772 3818/4251/3818
f 3819/4252/3819 3820/4253/3820 3812/4245/3812
f 3821/4254/3821 3822/4255/3822 3823/4256/3823
f 3824/4257/3824 3823/4256/3823 3820/4253/3820
f 3667/4100/3667 3658/4091/3658 3672/4105/3672
f 3825/4258/3825 3647/4080/3647 3826/4259/3826
f 3827/4260/3827 3828/4261/3828 3829/4262/3829
f 3824/4257/3824 3820/4253/3820 3819/4252/3819
f 3700/4133/3700 3670/4103/3670 3678/4111/3678
f 3830/4263/3830 3831/4264/3831 3832/4265/3832
f 3833/4266/3833 3834/4267/3834 3835/4268/3835
f 3836/4269/3836 3837/4270/3837 3838/4271/3838
f 3839/4272/3839 3063/3454/3063 3840/4273/3840
f 3558/3986/3558 3548/3975/3548 3841/4274/3841
f 3842/4275/3842 3843/4276/3843 3844/4277/3844
f 3110/3504/3110 3845/4278/3845 3846/4279/3846
f 3067/3460/3067 3834/4267/3834 3448/3868/3448
f 3847/4280/3847 3519/3946/3519 3521/3948/3521
f 3835/4268/3835 3848/4281/3848 3833/4266/3833
f 3849/4282/3849 3419/3837/3419 3850/4283/3850
f 3851/4284/3851 3852/4285/3852 3853/4286/3853
f 3068/3461/3068 3835/4268/3835 3834/4267/3834
f 3854/4287/3854 3855/4288/3855 3846/4279/3846
f 3839/4272/3839 3840/4273/3840 3856/4289/3856
f 3857/4290/3857 3841/4274/3841 3548/3975/3548
f 3858/4291/3858 3859/4292/3859 3860/4293/3860
f 3861/4294/3861 3817/4250/3817 3831/4264/3831
f 3821/4254/3821 3862/4295/3862 3822/4255/3822
f 3863/4296/3863 3864/4297/3864 3865/4298/3865
f 3821/4254/3821 3823/4256/3823 3824/4257/3824
f 3866/4299/3866 3824/4257/3824 3819/4252/3819
f 3830/4263/3830 3867/4300/3867 3831/4264/3831
f 3832/4265/3832 3868/4301/3868 3830/4263/3830
f 3869/4302/3869 3870/4303/3870 3871/4304/3871
f 3872/4305/3872 3873/4306/3873 3874/4307/3874
f 3875/4308/3875 3876/4309/3876 3877/4310/3877
f 3878/4311/3878 3879/4312/3879 3880/4313/3880
f 3881/4314/3881 3882/4315/3882 3770/4203/3770
f 3883/4316/3883 3884/4317/3884 3885/4318/3885
f 3886/4319/3886 3887/4320/3887 3888/4321/3888
f 3889/4322/3889 3890/4323/3890 3891/4324/3891
f 3892/4325/3892 3893/4326/3893 3810/4243/3810
f 3527/3954/3527 3894/4327/3894 3895/4328/3895
f 3896/4329/3896 3522/3949/3522 3524/3951/3524
f 3527/3954/3527 3522/3949/3522 3897/4330/3897
f 3895/4328/3895 3894/4327/3894 3898/4331/3898
f 3527/3954/3527 3897/4330/3897 3894/4327/3894
f 3896/4329/3896 3524/3951/3524 3899/4332/3899
f 3522/3949/3522 3896/4329/3896 3897/4330/3897
f 3894/4327/3894 3900/4333/3900 3898/4331/3898
f 3901/4334/3901 3894/4327/3894 3897/4330/3897
f 3896/4329/3896 3902/4335/3902 3897/4330/3897
f 3896/4329/3896 3903/4336/3903 3902/4335/3902
f 3091/3485/3091 3094/3488/3094 3904/4337/3904
f 3905/4338/3905 3900/4333/3900 3906/4339/3906
f 3907/4340/3907 3906/4339/3906 3908/4341/3908
f 3908/4341/3908 3909/4342/3909 3907/4340/3907
f 3910/4343/3910 3911/4344/3911 3912/4345/3912
f 3910/4343/3910 3913/4346/3913 3914/4347/3914
f 3915/4348/3915 3916/4349/3916 3917/4350/3917
f 3912/4345/3912 3918/4351/3918 3910/4343/3910
f 3919/4352/3919 3920/4353/3920 3903/4336/3903
f 3907/4340/3907 3905/4338/3905 3906/4339/3906
f 3920/4353/3920 3921/4354/3921 3909/4342/3909
f 3908/4341/3908 3902/4335/3902 3909/4342/3909
f 3909/4342/3909 3922/4355/3922 3907/4340/3907
f 3915/4348/3915 3923/4356/3923 3916/4349/3916
f 3916/4349/3916 3923/4356/3923 3918/4351/3918
f 3913/4346/3913 3924/4357/3924 3925/4358/3925
f 3913/4346/3913 3910/4343/3910 3918/4351/3918
f 3926/4359/3926 3207/3613/3207 3452/3872/3452
f 3919/4352/3919 3921/4354/3921 3920/4353/3920
f 3927/4360/3927 3928/4361/3928 3919/4352/3919
f 3517/3944/3517 3929/4362/3929 3930/4363/3930
f 3902/4335/3902 3908/4341/3908 3906/4339/3906
f 3931/4364/3931 3905/4338/3905 3907/4340/3907
f 3909/4342/3909 3921/4354/3921 3922/4355/3922
f 3922/4355/3922 3931/4364/3931 3907/4340/3907
f 3905/4338/3905 3904/4337/3904 3094/3488/3094
f 3920/4353/3920 3909/4342/3909 3902/4335/3902
f 3924/4357/3924 3918/4351/3918 3923/4356/3923
f 3932/4365/3932 3930/4363/3930 3929/4362/3929
f 3913/4346/3913 3918/4351/3918 3924/4357/3924
f 3914/4347/3914 3913/4346/3913 3925/4358/3925
f 3914/4347/3914 3928/4361/3928 3927/4360/3927
f 3933/4366/3933 3934/4367/3934 3935/4368/3935
f 3906/4339/3906 3901/4334/3901 3897/4330/3897
f 3905/4338/3905 3931/4364/3931 3904/4337/3904
f 3896/4329/3896 3899/4332/3899 3903/4336/3903
f 3921/4354/3921 3931/4364/3931 3922/4355/3922
f 3936/4369/3936 3924/4357/3924 3923/4356/3923
f 3937/4370/3937 3938/4371/3938 3939/4372/3939
f 3925/4358/3925 3928/4361/3928 3914/4347/3914
f 3916/4349/3916 3918/4351/3918 3912/4345/3912
f 3091/3485/3091 3904/4337/3904 3934/4367/3934
f 3904/4337/3904 3931/4364/3931 3940/4373/3940
f 3903/4336/3903 3920/4353/3920 3902/4335/3902
f 3930/4363/3930 3514/3941/3514 3517/3944/3517
f 3941/4374/3941 3937/4370/3937 3942/4375/3942
f 3929/4362/3929 3923/4356/3923 3932/4365/3932
f 3925/4358/3925 3943/4376/3943 3928/4361/3928
f 3091/3485/3091 3934/4367/3934 3452/3872/3452
f 3927/4360/3927 3910/4343/3910 3914/4347/3914
f 3924/4357/3924 3936/4369/3936 3925/4358/3925
f 3910/4343/3910 3927/4360/3927 3944/4377/3944
f 3945/4378/3945 3931/4364/3931 3946/4379/3946
f 3946/4379/3946 3931/4364/3931 3921/4354/3921
f 3936/4369/3936 3941/4374/3941 3942/4375/3942
f 3936/4369/3936 3929/4362/3929 3941/4374/3941
f 3925/4358/3925 3936/4369/3936 3942/4375/3942
f 3467/3890/3467 3466/3889/3466 3938/4371/3938
f 3929/4362/3929 3936/4369/3936 3923/4356/3923
f 3901/4334/3901 3900/4333/3900 3894/4327/3894
f 3928/4361/3928 3921/4354/3921 3919/4352/3919
f 3938/4371/3938 3935/4368/3935 3947/4380/3947
f 3934/4367/3934 3933/4366/3933 3452/3872/3452
f 3945/4378/3945 3946/4379/3946 3947/4380/3947
f 3945/4378/3945 3947/4380/3947 3934/4367/3934
f 3941/4374/3941 3929/4362/3929 3517/3944/3517
f 3912/4345/3912 3948/4381/3948 3916/4349/3916
f 3452/3872/3452 3933/4366/3933 3926/4359/3926
f 3939/4372/3939 3942/4375/3942 3937/4370/3937
f 3946/4379/3946 3921/4354/3921 3928/4361/3928
f 3942/4375/3942 3943/4376/3943 3925/4358/3925
f 3926/4359/3926 3466/3889/3466 3456/3878/3456
f 3900/4333/3900 3905/4338/3905 3949/4382/3949
f 3939/4372/3939 3947/4380/3947 3946/4379/3946
f 3944/4377/3944 3911/4344/3911 3910/4343/3910
f 3456/3878/3456 3207/3613/3207 3926/4359/3926
f 3917/4350/3917 3916/4349/3916 3948/4381/3948
f 3516/3943/3516 3941/4374/3941 3517/3944/3517
f 3467/3890/3467 3938/4371/3938 3516/3943/3516
f 3937/4370/3937 3516/3943/3516 3938/4371/3938
f 3935/4368/3935 3926/4359/3926 3933/4366/3933
f 3949/4382/3949 3898/4331/3898 3900/4333/3900
f 3928/4361/3928 3943/4376/3943 3946/4379/3946
f 3939/4372/3939 3938/4371/3938 3947/4380/3947
f 3934/4367/3934 3904/4337/3904 3940/4373/3940
f 3941/4374/3941 3516/3943/3516 3937/4370/3937
f 3906/4339/3906 3900/4333/3900 3901/4334/3901
f 3931/4364/3931 3945/4378/3945 3940/4373/3940
f 3938/4371/3938 3466/3889/3466 3935/4368/3935
f 3939/4372/3939 3943/4376/3943 3942/4375/3942
f 3935/4368/3935 3466/3889/3466 3926/4359/3926
f 3943/4376/3943 3939/4372/3939 3946/4379/3946
f 3906/4339/3906 3897/4330/3897 3902/4335/3902
f 3923/4356/3923 3915/4348/3915 3932/4365/3932
f 3934/4367/3934 3940/4373/3940 3945/4378/3945
f 3934/4367/3934 3947/4380/3947 3935/4368/3935
f 3927/4360/3927 3919/4352/3919 3903/4336/3903
f 9/3457/9 3066/3459/3066 3839/4272/3839
f 3950/4383/3950 3951/4384/3951 3952/4385/3952
f 3953/4386/3953 3954/4387/3954 3071/3464/3071
f 3844/4277/3844 3841/4274/3841 3955/4388/3955
f 3956/4389/3956 3842/4275/3842 3957/4390/3957
f 3958/4391/3958 3959/4392/3959 3960/4393/3960
f 3578/4006/3578 3961/4394/3961 3962/4395/3962
f 3542/3969/3542 3963/4396/3963 3528/3955/3528
f 3962/4395/3962 3961/4394/3961 3964/4397/3964
f 3526/3953/3526 3965/4398/3965 3524/3951/3524
f 3554/3982/3554 3556/3984/3556 3962/4395/3962
f 3966/4399/3966 3962/4395/3962 3964/4397/3964
f 3963/4396/3963 3965/4398/3965 3526/3953/3526
f 3546/3973/3546 3963/4396/3963 3542/3969/3542
f 3554/3982/3554 3967/4400/3967 3546/3973/3546
f 3967/4400/3967 3963/4396/3963 3546/3973/3546
f 3968/4401/3968 3962/4395/3962 3966/4399/3966
f 3969/4402/3969 3966/4399/3966 3964/4397/3964
f 3970/4403/3970 3971/4404/3971 3965/4398/3965
f 3972/4405/3972 3970/4403/3970 3963/4396/3963
f 3973/4406/3973 3968/4401/3968 3966/4399/3966
f 3969/4402/3969 3974/4407/3974 3975/4408/3975
f 3962/4395/3962 3556/3984/3556 3578/4006/3578
f 3967/4400/3967 3972/4405/3972 3963/4396/3963
f 3976/4409/3976 3903/4336/3903 3971/4404/3971
f 3973/4406/3973 3977/4410/3977 3968/4401/3968
f 3970/4403/3970 3965/4398/3965 3963/4396/3963
f 3970/4403/3970 3976/4409/3976 3971/4404/3971
f 3977/4410/3977 3978/4411/3978 3911/4344/3911
f 3973/4406/3973 3975/4408/3975 3978/4411/3978
f 3554/3982/3554 3968/4401/3968 3967/4400/3967
f 3554/3982/3554 3962/4395/3962 3968/4401/3968
f 3975/4408/3975 3973/4406/3973 3966/4399/3966
f 3524/3951/3524 3965/4398/3965 3971/4404/3971
f 3976/4409/3976 3970/4403/3970 3972/4405/3972
f 3966/4399/3966 3969/4402/3969 3975/4408/3975
f 3967/4400/3967 3968/4401/3968 3972/4405/3972
f 3903/4336/3903 3976/4409/3976 3927/4360/3927
f 3899/4332/3899 3971/4404/3971 3903/4336/3903
f 3973/4406/3973 3978/4411/3978 3977/4410/3977
f 3978/4411/3978 3975/4408/3975 3911/4344/3911
f 3963/4396/3963 3526/3953/3526 3528/3955/3528
f 3977/4410/3977 3976/4409/3976 3972/4405/3972
f 3975/4408/3975 3974/4407/3974 3911/4344/3911
f 3927/4360/3927 3976/4409/3976 3944/4377/3944
f 3524/3951/3524 3971/4404/3971 3899/4332/3899
f 3968/4401/3968 3977/4410/3977 3972/4405/3972
f 3977/4410/3977 3944/4377/3944 3976/4409/3976
f 3977/4410/3977 3911/4344/3911 3944/4377/3944
f 3979/4412/3979 3771/4204/3771 3980/4413/3980
f 3981/4414/3981 3982/4415/3982 3983/4416/3983
f 3984/4417/3984 3985/4418/3985 3986/4419/3986
f 3987/4420/3987 3988/4421/3988 3989/4422/3989
f 3990/4423/3990 3991/4424/3991 3888/4321/3888
f 3992/4425/3992 3993/4426/3993 3994/4427/3994
f 3995/4428/3995 3996/4429/3996 3997/4430/3997
f 3998/4431/3998 3999/4432/3999 4000/4433/4000
f 4001/4434/4001 4002/4435/4002 4003/4436/4003
f 4004/4437/4004 4005/4438/4005 4006/4439/4006
f 4007/4440/4007 4008/4441/4008 4009/4442/4009
f 4010/4443/4010 4011/4444/4011 3990/4423/3990
f 4012/4445/4012 4013/4446/4013 4014/4447/4014
f 4015/4448/4015 4016/4449/4016 4017/4450/4017
f 4018/4451/4018 3668/4101/3668 3660/4093/3660
f 3979/4412/3979 3980/4413/3980 4019/4452/4019
f 4020/4453/4020 4021/4454/4021 3952/4385/3952
f 2114/4455/2114 1785/4456/1785 3879/4312/3879
f 3726/4159/3726 4022/4457/4022 3729/4162/3729
f 4023/4458/4023 4024/4459/4024 4025/4460/4025
f 4026/4461/4026 4027/4462/4027 4028/4463/4028
f 4029/4464/4029 3754/4187/3754 4030/4465/4030
f 4031/4466/4031 4032/4467/4032 4033/4468/4033
f 4034/4469/4034 4035/4470/4035 3950/4383/3950
f 4036/4471/4036 4037/4472/4037 4038/4473/4038
f 4039/4474/4039 4040/4475/4040 4041/4476/4041
f 4042/4477/4042 4043/4478/4043 4044/4479/4044
f 4045/4480/4045 4046/4481/4046 4047/4482/4047
f 4048/4483/4048 4049/4484/4049 4050/4485/4050
f 4051/4486/4051 4052/4487/4052 4053/4488/4053
f 4054/4489/4054 4055/4490/4055 4056/4491/4056
f 4004/4437/4004 4057/4492/4057 3991/4424/3991
f 3882/4315/3882 3881/4314/3881 4058/4493/4058
f 3772/4205/3772 3771/4204/3771 3979/4412/3979
f 4059/4494/4059 4060/4495/4060 3817/4250/3817
f 4061/4496/4061 4062/4497/4062 4063/4498/4063
f 3999/4432/3999 4060/4495/4060 4059/4494/4059
f 3756/4189/3756 4047/4482/4047 4046/4481/4046
f 4064/4499/4064 4065/4500/4065 3992/4425/3992
f 4066/4501/4066 4067/4502/4067 4068/4503/4068
f 4069/4504/4069 4070/4505/4070 4071/4506/4071
f 4057/4492/4057 4024/4459/4024 4072/4507/4072
f 4073/4508/4073 4074/4509/4074 4039/4474/4039
f 4075/4510/4075 4076/4511/4076 4043/4478/4043
f 3726/4159/3726 4077/4512/4077 4022/4457/4022
f 4078/4513/4078 4079/4514/4079 4080/4515/4080
f 4081/4516/4081 4082/4517/4082 4000/4433/4000
f 4083/4518/4083 4081/4516/4081 4000/4433/4000
f 4047/4482/4047 4084/4519/4084 4019/4452/4019
f 4085/4520/4085 4086/4521/4086 3960/4393/3960
f 4087/4522/4087 4027/4462/4027 4026/4461/4026
f 4061/4496/4061 4088/4523/4088 4089/4524/4089
f 4090/4525/4090 4091/4526/4091 4092/4527/4092
f 4057/4492/4057 3888/4321/3888 3991/4424/3991
f 4033/4468/4033 4032/4467/4032 4017/4450/4017
f 4070/4505/4070 4093/4528/4093 3605/4033/3605
f 3982/4415/3982 4005/4438/4005 4029/4464/4029
f 4094/4529/4094 4095/4530/4095 3789/4222/3789
f 4096/4531/4096 3804/4237/3804 3806/4239/3806
f 4097/4532/4097 4098/4533/4098 4099/4534/4099
f 3749/4182/3749 4083/4518/4083 3764/4197/3764
f 4100/4535/4100 3997/4430/3997 4101/4536/4101
f 4064/4499/4064 4102/4537/4102 4065/4500/4065
f 4103/4538/4103 4104/4539/4104 4105/4540/4105
f 4106/4541/4106 4107/4542/4107 3886/4319/3886
f 4047/4482/4047 4090/4525/4090 4084/4519/4084
f 3756/4189/3756 3755/4188/3755 4108/4543/4108
f 4109/4544/4109 4016/4449/4016 4015/4448/4015
f 4110/4545/4110 4111/4546/4111 4112/4547/4112
f 4113/4548/4113 3832/4265/3832 3772/4205/3772
f 4114/4549/4114 4115/4550/4115 3871/4304/3871
f 4116/4551/4116 4117/4552/4117 4118/4553/4118
f 3998/4431/3998 4060/4495/4060 3999/4432/3999
f 4119/4554/4119 4120/4555/4120 4066/4501/4066
f 3886/4319/3886 4121/4556/4121 4122/4557/4122
f 4059/4494/4059 4123/4558/4123 3764/4197/3764
f 4076/4511/4076 4114/4549/4114 4124/4559/4124
f 3890/4323/3890 4125/4560/4125 4126/4561/4126
f 4127/4562/4127 4058/4493/4058 4081/4516/4081
f 4005/4438/4005 4011/4444/4011 4029/4464/4029
f 4128/4563/4128 4129/4564/4129 4130/4565/4130
f 4131/4566/4131 4132/4567/4132 4133/4568/4133
f 3705/4138/3705 4134/4569/4134 3689/4122/3689
f 4135/4570/4135 4136/4571/4136 4110/4545/4110
f 4137/4572/4137 3981/4414/3981 4127/4562/4127
f 4138/4573/4138 4139/4574/4139 4140/4575/4140
f 4141/4576/4141 4142/4577/4142 4143/4578/4143
f 4092/4527/4092 3868/4301/3868 4144/4579/4144
f 4048/4483/4048 4145/4580/4145 4049/4484/4049
f 4146/4581/4146 4147/4582/4147 4148/4583/4148
f 4149/4584/4149 4055/4490/4055 4150/4585/4150
f 4107/4542/4107 4106/4541/4106 4072/4507/4072
f 4151/4586/4151 3686/4119/3686 3669/4102/3669
f 3886/4319/3886 3888/4321/3888 4106/4541/4106
f 3756/4189/3756 4030/4465/4030 3754/4187/3754
f 4152/4587/4152 3758/4191/3758 3885/4318/3885
f 3981/4414/3981 4153/4588/4153 4154/4589/4154
f 4155/4590/4155 4156/4591/4156 4157/4592/4157
f 4158/4593/4158 3653/4086/3653 3652/4085/3652
f 4159/4594/4159 4160/4595/4160 4161/4596/4161
f 4162/4597/4162 4163/4598/4163 4164/4599/4164
f 3832/4265/3832 4113/4548/4113 3979/4412/3979
f 3869/4302/3869 4165/4600/4165 3870/4303/3870
f 4166/4601/4166 4066/4501/4066 4120/4555/4120
f 4123/4558/4123 4059/4494/4059 4167/4602/4167
f 4168/4603/4168 4169/4604/4169 4170/4605/4170
f 4171/4606/4171 4172/4607/4172 4068/4503/4068
f 3999/4432/3999 4083/4518/4083 4000/4433/4000
f 4172/4607/4172 3987/4420/3987 4173/4608/4173
f 4174/4609/4174 4127/4562/4127 4081/4516/4081
f 3764/4197/3764 4123/4558/4123 3765/4198/3765
f 4175/4610/4175 4176/4611/4176 4177/4612/4177
f 4127/4562/4127 3983/4416/3983 4058/4493/4058
f 4178/4613/4178 4179/4614/4179 4180/4615/4180
f 3625/4053/3625 4181/4616/4181 4182/4617/4182
f 3982/4415/3982 4029/4464/4029 3882/4315/3882
f 4060/4495/4060 3772/4205/3772 3817/4250/3817
f 4183/4618/4183 4184/4619/4184 4185/4620/4185
f 4068/4503/4068 4173/4608/4173 4066/4501/4066
f 4059/4494/4059 3764/4197/3764 3999/4432/3999
f 3987/4420/3987 4186/4621/4186 4173/4608/4173
f 4187/4622/4187 4188/4623/4188 4189/4624/4189
f 3771/4204/3771 4045/4480/4045 3980/4413/3980
f 4190/4625/4190 4191/4626/4191 4192/4627/4192
f 3983/4416/3983 4127/4562/4127 3981/4414/3981
f 4193/4628/4193 4194/4629/4194 4022/4457/4022
f 4093/4528/4093 4070/4505/4070 4069/4504/4069
f 3982/4415/3982 4058/4493/4058 3983/4416/3983
f 4195/4630/4195 4196/4631/4196 4197/4632/4197
f 4198/4633/4198 4199/4634/4199 4200/4635/4200
f 4137/4572/4137 4127/4562/4127 4201/4636/4201
f 4139/4574/4139 3892/4325/3892 3810/4243/3810
f 4202/4637/4202 4029/4464/4029 4011/4444/4011
f 4167/4602/4167 4059/4494/4059 3817/4250/3817
f 4203/4638/4203 4204/4639/4204 4205/4640/4205
f 4089/4524/4089 4206/4641/4206 4207/4642/4207
f 3884/4317/3884 3883/4316/3883 4182/4617/4182
f 4208/4643/4208 4096/4531/4096 4209/4644/4209
f 3654/4087/3654 4210/4645/4210 4211/4646/4211
f 4144/4579/4144 4084/4519/4084 4092/4527/4092
f 4212/4647/4212 4148/4583/4148 4147/4582/4147
f 4213/4648/4213 4136/4571/4136 4214/4649/4214
f 4215/4650/4215 4216/4651/4216 4217/4652/4217
f 4218/4653/4218 4193/4628/4193 4219/4654/4219
f 4220/4655/4220 4221/4656/4221 4222/4657/4222
f 3979/4412/3979 4019/4452/4019 4144/4579/4144
f 3791/4224/3791 3809/4242/3809 4223/4658/4223
f 4202/4637/4202 3754/4187/3754 4029/4464/4029
f 4224/4659/4224 4077/4512/4077 3686/4119/3686
f 4202/4637/4202 4225/4660/4225 3754/4187/3754
f 4226/4661/4226 4227/4662/4227 4228/4663/4228
f 4209/4644/4209 4020/4453/4020 4229/4664/4229
f 4230/4665/4230 3663/4096/3663 4231/4666/4231
f 4232/4667/4232 4233/4668/4233 4234/4669/4234
f 4234/4669/4234 4235/4670/4235 4236/4671/4236
f 4232/4667/4232 4234/4669/4234 4236/4671/4236
f 4236/4671/4236 4235/4670/4235 4237/4672/4237
f 4238/4673/4238 4232/4667/4232 4236/4671/4236
f 4236/4671/4236 4239/4674/4239 4238/4673/4238
f 4239/4674/4239 4240/4675/4240 4241/4676/4241
f 4242/4677/4242 4243/4678/4243 4244/4679/4244
f 4245/4680/4245 4246/4681/4246 4247/4682/4247
f 4246/4681/4246 4248/4683/4248 4240/4675/4240
f 4237/4672/4237 4246/4681/4246 4236/4671/4236
f 3413/3831/3413 4248/4683/4248 4249/4684/4249
f 4243/4678/4243 4250/4685/4250 4245/4680/4245
f 4246/4681/4246 4239/4674/4239 4236/4671/4236
f 4250/4685/4250 4249/4684/4249 4245/4680/4245
f 3383/3799/3383 4249/4684/4249 4251/4686/4251
f 3512/3939/3512 3463/3886/3463 3511/3938/3511
f 4251/4686/4251 4249/4684/4249 4250/4685/4250
f 4252/4687/4252 4251/4686/4251 4250/4685/4250
f 4253/4688/4253 4254/4689/4254 3166/3570/3166
f 4255/4690/4255 4256/4691/4256 4257/4692/4257
f 4258/4693/4258 3512/3939/3512 4252/4687/4252
f 4259/4694/4259 3510/3937/3510 4256/4691/4256
f 4253/4688/4253 3236/3646/3236 4259/4694/4259
f 4260/4695/4260 3512/3939/3512 4258/4693/4258
f 4261/4696/4261 4262/4697/4262 4263/4698/4263
f 3512/3939/3512 4260/4695/4260 3509/3936/3509
f 4254/4689/4254 4264/4699/4264 4265/4700/4265
f 4253/4688/4253 4259/4694/4259 4256/4691/4256
f 4256/4691/4256 3510/3937/3510 4257/4692/4257
f 4266/4701/4266 3166/3570/3166 4254/4689/4254
f 3413/3831/3413 4249/4684/4249 3383/3799/3383
f 4079/4514/4079 4235/4670/4235 4234/4669/4234
f 4266/4701/4266 3486/3913/3486 3166/3570/3166
f 4265/4700/4265 4266/4701/4266 4254/4689/4254
f 4234/4669/4234 4233/4668/4233 4079/4514/4079
f 4251/4686/4251 3511/3938/3511 3383/3799/3383
f 4247/4682/4247 4244/4679/4244 4245/4680/4245
f 3433/3853/3433 4267/4702/4267 3439/3859/3439
f 4266/4701/4266 4268/4703/4268 3486/3913/3486
f 4240/4675/4240 4239/4674/4239 4246/4681/4246
f 3189/3594/3189 4267/4702/4267 3433/3853/3433
f 3191/3596/3191 4269/4704/4269 3189/3594/3189
f 4268/4703/4268 4265/4700/4265 4270/4705/4270
f 4269/4704/4269 3191/3596/3191 3486/3913/3486
f 4245/4680/4245 4244/4679/4244 4243/4678/4243
f 3486/3913/3486 4268/4703/4268 4271/4706/4271
f 3236/3646/3236 4253/4688/4253 3166/3570/3166
f 4267/4702/4267 3189/3594/3189 4269/4704/4269
f 4261/4696/4261 3209/3615/3209 3211/3617/3211
f 4264/4699/4264 4272/4707/4272 4265/4700/4265
f 4270/4705/4270 4265/4700/4265 4273/4708/4273
f 4248/4683/4248 4246/4681/4246 4245/4680/4245
f 4274/4709/4274 3209/3615/3209 4261/4696/4261
f 4275/4710/4275 4276/4711/4276 4271/4706/4271
f 4270/4705/4270 4271/4706/4271 4268/4703/4268
f 4271/4706/4271 4269/4704/4269 3486/3913/3486
f 4276/4711/4276 4267/4702/4267 4269/4704/4269
f 4277/4712/4277 4272/4707/4272 4255/4690/4255
f 4265/4700/4265 4272/4707/4272 4273/4708/4273
f 4264/4699/4264 4254/4689/4254 4253/4688/4253
f 3439/3859/3439 4267/4702/4267 3211/3617/3211
f 4270/4705/4270 4273/4708/4273 4275/4710/4275
f 3411/3829/3411 3510/3937/3510 4259/4694/4259
f 4244/4679/4244 4247/4682/4247 4278/4713/4278
f 4260/4695/4260 4257/4692/4257 3509/3936/3509
f 4267/4702/4267 4262/4697/4262 4261/4696/4261
f 4271/4706/4271 4276/4711/4276 4269/4704/4269
f 3512/3939/3512 4251/4686/4251 4252/4687/4252
f 4270/4705/4270 4275/4710/4275 4271/4706/4271
f 4264/4699/4264 4253/4688/4253 4256/4691/4256
f 4277/4712/4277 4255/4690/4255 4279/4714/4279
f 4280/4715/4280 4272/4707/4272 4277/4712/4277
f 4246/4681/4246 4278/4713/4278 4247/4682/4247
f 4276/4711/4276 4262/4697/4262 4267/4702/4267
f 4281/4716/4281 4262/4697/4262 4276/4711/4276
f 4275/4710/4275 4272/4707/4272 4280/4715/4280
f 4275/4710/4275 4281/4716/4281 4276/4711/4276
f 4278/4713/4278 4246/4681/4246 4237/4672/4237
f 4268/4703/4268 4266/4701/4266 4265/4700/4265
f 4249/4684/4249 4248/4683/4248 4245/4680/4245
f 4255/4690/4255 4264/4699/4264 4256/4691/4256
f 3510/3937/3510 3509/3936/3509 4257/4692/4257
f 4275/4710/4275 4273/4708/4273 4272/4707/4272
f 4255/4690/4255 4272/4707/4272 4264/4699/4264
f 3436/3856/3436 3209/3615/3209 4274/4709/4274
f 4262/4697/4262 4281/4716/4281 4263/4698/4263
f 3236/3646/3236 3411/3829/3411 4259/4694/4259
f 3511/3938/3511 4251/4686/4251 3512/3939/3512
f 3211/3617/3211 4267/4702/4267 4261/4696/4261
f 4282/4717/4282 4283/4718/4283 4284/4719/4284
f 4285/4720/4285 4286/4721/4286 4241/4676/4241
f 4287/4722/4287 4286/4721/4286 4285/4720/4285
f 4288/4723/4288 4287/4722/4287 4289/4724/4289
f 4290/4725/4290 4291/4726/4291 4292/4727/4292
f 4288/4723/4288 4293/4728/4293 4294/4729/4294
f 3508/3935/3508 4295/4730/4295 4296/4731/4296
f 4297/4732/4297 4298/4733/4298 4299/4734/4299
f 4293/4728/4293 4298/4733/4298 4294/4729/4294
f 4241/4676/4241 4286/4721/4286 4290/4725/4290
f 4300/4735/4300 4301/4736/4301 4302/4737/4302
f 4303/4738/4303 4284/4719/4284 4283/4718/4283
f 4283/4718/4283 4304/4739/4304 4297/4732/4297
f 3984/4417/3984 4305/4740/4305 3985/4418/3985
f 4287/4722/4287 4292/4727/4292 4291/4726/4291
f 4306/4741/4306 4292/4727/4292 4287/4722/4287
f 4307/4742/4307 4308/4743/4308 4284/4719/4284
f 4309/4744/4309 4310/4745/4310 4295/4730/4295
f 4311/4746/4311 4282/4717/4282 4284/4719/4284
f 4299/4734/4299 4298/4733/4298 4293/4728/4293
f 4241/4676/4241 4290/4725/4290 4238/4673/4238
f 4289/4724/4289 4285/4720/4285 4300/4735/4300
f 4289/4724/4289 4293/4728/4293 4288/4723/4288
f 4306/4741/4306 4126/4561/4126 4312/4747/4312
f 4313/4748/4313 4314/4749/4314 4315/4750/4315
f 4304/4739/4304 4298/4733/4298 4297/4732/4297
f 4304/4739/4304 4283/4718/4283 4282/4717/4282
f 4316/4751/4316 4295/4730/4295 3508/3935/3508
f 4289/4724/4289 4300/4735/4300 4317/4752/4317
f 4306/4741/4306 4318/4753/4318 4292/4727/4292
f 4319/4754/4319 4320/4755/4320 4288/4723/4288
f 4313/4748/4313 4321/4756/4321 4299/4734/4299
f 4240/4675/4240 4322/4757/4322 4323/4758/4323
f 4315/4750/4315 4314/4749/4314 4309/4744/4309
f 4299/4734/4299 4293/4728/4293 4289/4724/4289
f 4317/4752/4317 4300/4735/4300 4302/4737/4302
f 3488/3915/3488 4296/4731/4296 3449/3869/3449
f 4322/4757/4322 3501/3928/3501 4301/4736/4301
f 4320/4755/4320 4126/4561/4126 4306/4741/4306
f 4310/4745/4310 4296/4731/4296 4295/4730/4295
f 4323/4758/4323 4301/4736/4301 4300/4735/4300
f 4303/4738/4303 4283/4718/4283 4297/4732/4297
f 4312/4747/4312 4318/4753/4318 4306/4741/4306
f 4301/4736/4301 4323/4758/4323 4322/4757/4322
f 4324/4759/4324 4284/4719/4284 4303/4738/4303
f 4319/4754/4319 4288/4723/4288 4294/4729/4294
f 4322/4757/4322 4248/4683/4248 3414/3832/3414
f 4287/4722/4287 4320/4755/4320 4306/4741/4306
f 4299/4734/4299 4289/4724/4289 4317/4752/4317
f 4298/4733/4298 4325/4760/4325 4294/4729/4294
f 4238/4673/4238 4239/4674/4239 4241/4676/4241
f 4287/4722/4287 4285/4720/4285 4289/4724/4289
f 4319/4754/4319 4294/4729/4294 4325/4760/4325
f 4087/4522/4087 4126/4561/4126 4319/4754/4319
f 4313/4748/4313 4317/4752/4317 4314/4749/4314
f 4322/4757/4322 3414/3832/3414 3501/3928/3501
f 4319/4754/4319 4325/4760/4325 4326/4761/4326
f 4327/4762/4327 4301/4736/4301 3501/3928/3501
f 4328/4763/4328 4329/4764/4329 4330/4765/4330
f 3362/3777/3362 3506/3933/3506 4331/4766/4331
f 4309/4744/4309 4302/4737/4302 4327/4762/4327
f 4299/4734/4299 4321/4756/4321 4297/4732/4297
f 4325/4760/4325 4328/4763/4328 4330/4765/4330
f 4326/4761/4326 4087/4522/4087 4319/4754/4319
f 4321/4756/4321 4313/4748/4313 4315/4750/4315
f 4317/4752/4317 4302/4737/4302 4314/4749/4314
f 4327/4762/4327 3501/3928/3501 4331/4766/4331
f 4287/4722/4287 4288/4723/4288 4320/4755/4320
f 4332/4767/4332 4309/4744/4309 4333/4768/4333
f 4321/4756/4321 4303/4738/4303 4297/4732/4297
f 3501/3928/3501 3362/3777/3362 4331/4766/4331
f 4304/4739/4304 4282/4717/4282 4325/4760/4325
f 4285/4720/4285 4241/4676/4241 4323/4758/4323
f 4315/4750/4315 4309/4744/4309 4295/4730/4295
f 4333/4768/4333 4327/4762/4327 4331/4766/4331
f 4241/4676/4241 4240/4675/4240 4323/4758/4323
f 3363/3778/3363 3362/3777/3362 3501/3928/3501
f 3504/3931/3504 3449/3869/3449 4310/4745/4310
f 4303/4738/4303 4321/4756/4321 4334/4769/4334
f 3952/4385/3952 4311/4746/4311 4308/4743/4308
f 4329/4764/4329 4326/4761/4326 4330/4765/4330
f 4304/4739/4304 4325/4760/4325 4298/4733/4298
f 4331/4766/4331 3506/3933/3506 4333/4768/4333
f 4326/4761/4326 4329/4764/4329 4027/4462/4027
f 4334/4769/4334 4315/4750/4315 4316/4751/4316
f 4328/4763/4328 4325/4760/4325 4282/4717/4282
f 4027/4462/4027 4087/4522/4087 4326/4761/4326
f 4299/4734/4299 4317/4752/4317 4313/4748/4313
f 4285/4720/4285 4323/4758/4323 4300/4735/4300
f 4316/4751/4316 4315/4750/4315 4295/4730/4295
f 3952/4385/3952 3951/4384/3951 4311/4746/4311
f 4291/4726/4291 4286/4721/4286 4287/4722/4287
f 4248/4683/4248 4322/4757/4322 4240/4675/4240
f 3951/4384/3951 4335/4770/4335 4311/4746/4311
f 4291/4726/4291 4290/4725/4290 4286/4721/4286
f 4332/4767/4332 4310/4745/4310 4309/4744/4309
f 3984/4417/3984 4324/4759/4324 4305/4740/4305
f 3504/3931/3504 4310/4745/4310 4332/4767/4332
f 4311/4746/4311 4335/4770/4335 4282/4717/4282
f 4328/4763/4328 4335/4770/4335 4336/4771/4336
f 3985/4418/3985 4305/4740/4305 4316/4751/4316
f 4333/4768/4333 3504/3931/3504 4332/4767/4332
f 4307/4742/4307 4284/4719/4284 4324/4759/4324
f 4303/4738/4303 4334/4769/4334 4305/4740/4305
f 3985/4418/3985 4316/4751/4316 3508/3935/3508
f 4324/4759/4324 3984/4417/3984 4307/4742/4307
f 4282/4717/4282 4335/4770/4335 4328/4763/4328
f 4316/4751/4316 4305/4740/4305 4334/4769/4334
f 4284/4719/4284 4308/4743/4308 4311/4746/4311
f 4336/4771/4336 4335/4770/4335 3951/4384/3951
f 3414/3832/3414 4248/4683/4248 3413/3831/3413
f 4325/4760/4325 4330/4765/4330 4326/4761/4326
f 3508/3935/3508 4296/4731/4296 3488/3915/3488
f 3504/3931/3504 4333/4768/4333 3506/3933/3506
f 4310/4745/4310 3449/3869/3449 4296/4731/4296
f 4319/4754/4319 4126/4561/4126 4320/4755/4320
f 4324/4759/4324 4303/4738/4303 4305/4740/4305
f 4336/4771/4336 4337/4772/4337 4329/4764/4329
f 4329/4764/4329 4328/4763/4328 4336/4771/4336
f 4327/4762/4327 4333/4768/4333 4309/4744/4309
f 4314/4749/4314 4302/4737/4302 4309/4744/4309
f 4337/4772/4337 4336/4771/4336 3951/4384/3951
f 4321/4756/4321 4315/4750/4315 4334/4769/4334
f 4302/4737/4302 4301/4736/4301 4327/4762/4327
f 3868/4301/3868 4338/4773/4338 4339/4774/4339
f 3868/4301/3868 3832/4265/3832 4144/4579/4144
f 4179/4614/4179 3875/4308/3875 4180/4615/4180
f 4006/4439/4006 4024/4459/4024 4057/4492/4057
f 4060/4495/4060 4340/4775/4340 3770/4203/3770
f 4194/4629/4194 4137/4572/4137 4201/4636/4201
f 4341/4776/4341 4342/4777/4342 4180/4615/4180
f 4343/4778/4343 4148/4583/4148 4212/4647/4212
f 4344/4779/4344 4345/4780/4345 4015/4448/4015
f 4201/4636/4201 3729/4162/3729 4194/4629/4194
f 4346/4781/4346 3789/4222/3789 4347/4782/4347
f 3952/4385/3952 4021/4454/4021 3950/4383/3950
f 4201/4636/4201 3730/4163/3730 3729/4162/3729
f 4082/4517/4082 4348/4783/4348 4340/4775/4340
f 4146/4581/4146 4349/4784/4349 4147/4582/4147
f 3810/4243/3810 4350/4785/4350 4351/4786/4351
f 4352/4787/4352 4047/4482/4047 4108/4543/4108
f 4077/4512/4077 4353/4788/4353 4354/4789/4354
f 4016/4449/4016 4109/4544/4109 4355/4790/4355
f 4082/4517/4082 4081/4516/4081 4348/4783/4348
f 3982/4415/3982 3981/4414/3981 4154/4589/4154
f 4356/4791/4356 4357/4792/4357 3987/4420/3987
f 4358/4793/4358 4136/4571/4136 4359/4794/4359
f 3660/4093/3660 3677/4110/3677 4360/4795/4360
f 4358/4793/4358 4117/4552/4117 4116/4551/4116
f 4361/4796/4361 4362/4797/4362 4363/4798/4363
f 4364/4799/4364 4365/4800/4365 4366/4801/4366
f 4000/4433/4000 4340/4775/4340 4060/4495/4060
f 2110/4802/2110 4133/4568/4133 4132/4567/4132
f 4011/4444/4011 4005/4438/4005 4367/4803/4367
f 4368/4804/4368 4163/4598/4163 4369/4805/4369
f 4094/4529/4094 4180/4615/4180 4342/4777/4342
f 3879/4312/3879 1785/4456/1785 4370/4806/4370
f 4371/4807/4371 4372/4808/4372 4343/4778/4343
f 3712/4145/3712 3710/4143/3710 4353/4788/4353
f 4373/4809/4373 4374/4810/4374 4187/4622/4187
f 4375/4811/4375 4198/4633/4198 4182/4617/4182
f 4162/4597/4162 4376/4812/4376 4377/4813/4377
f 4137/4572/4137 4193/4628/4193 4153/4588/4153
f 4378/4814/4378 4379/4815/4379 3988/4421/3988
f 4352/4787/4352 3755/4188/3755 4380/4816/4380
f 4079/4514/4079 4381/4817/4381 4235/4670/4235
f 4382/4818/4382 4383/4819/4383 4384/4820/4384
f 4385/4821/4385 4386/4822/4386 3622/4050/3622
f 4005/4438/4005 4004/4437/4004 4367/4803/4367
f 4387/4823/4387 4388/4824/4388 4215/4650/4215
f 4389/4825/4389 4292/4727/4292 4232/4667/4232
f 4017/4450/4017 4390/4826/4390 4015/4448/4015
f 3868/4301/3868 4092/4527/4092 4338/4773/4338
f 3990/4423/3990 4011/4444/4011 4367/4803/4367
f 4391/4827/4391 4392/4828/4392 4393/4829/4393
f 4061/4496/4061 4207/4642/4207 4394/4830/4394
f 4395/4831/4395 4147/4582/4147 4202/4637/4202
f 4034/4469/4034 4231/4666/4231 4035/4470/4035
f 4022/4457/4022 4194/4629/4194 3729/4162/3729
f 3625/4053/3625 4396/4832/4396 4181/4616/4181
f 4397/4833/4397 4398/4834/4398 4399/4835/4399
f 3979/4412/3979 4144/4579/4144 3832/4265/3832
f 4153/4588/4153 4193/4628/4193 4218/4653/4218
f 4375/4811/4375 4182/4617/4182 4181/4616/4181
f 4094/4529/4094 4342/4777/4342 4095/4530/4095
f 4400/4836/4400 4401/4837/4401 4131/4566/4131
f 3657/4090/3657 4402/4838/4402 3655/4088/3655
f 4403/4839/4403 4404/4840/4404 3868/4301/3868
f 3755/4188/3755 4405/4841/4405 4380/4816/4380
f 4107/4542/4107 4406/4842/4406 4407/4843/4407
f 4408/4844/4408 3615/4043/3615 4409/4845/4409
f 4410/4846/4410 4411/4847/4411 4412/4848/4412
f 3958/4391/3958 4413/4849/4413 3959/4392/3959
f 4132/4567/4132 3871/4304/3871 3870/4303/3870
f 4414/4850/4414 4415/4851/4415 4416/4852/4416
f 3758/4191/3758 3760/4193/3760 4417/4853/4417
f 4418/4854/4418 4419/4855/4419 4164/4599/4164
f 4344/4779/4344 4420/4856/4420 4080/4515/4080
f 4354/4789/4354 3686/4119/3686 4077/4512/4077
f 4225/4660/4225 4349/4784/4349 3755/4188/3755
f 4118/4553/4118 4421/4857/4421 4116/4551/4116
f 4084/4519/4084 4090/4525/4090 4092/4527/4092
f 4111/4546/4111 4121/4556/4121 4422/4858/4422
f 4233/4668/4233 4080/4515/4080 4079/4514/4079
f 4423/4859/4423 4424/4860/4424 4050/4485/4050
f 4425/4861/4425 3430/3848/3430 3986/4419/3986
f 4426/4862/4426 4339/4774/4339 4338/4773/4338
f 4427/4863/4427 3892/4325/3892 4428/4864/4428
f 4153/4588/4153 4218/4653/4218 4024/4459/4024
f 4429/4865/4429 4152/4587/4152 3884/4317/3884
f 4227/4662/4227 4430/4866/4430 4001/4434/4001
f 4394/4830/4394 4044/4479/4044 4431/4867/4431
f 4151/4586/4151 4176/4611/4176 4432/4868/4432
f 3726/4159/3726 4353/4788/4353 4077/4512/4077
f 4433/4869/4433 4434/4870/4434 4388/4824/4388
f 4349/4784/4349 4405/4841/4405 3755/4188/3755
f 4085/4520/4085 4380/4816/4380 4405/4841/4405
f 4225/4660/4225 4202/4637/4202 4147/4582/4147
f 4354/4789/4354 3710/4143/3710 3695/4128/3695
f 3884/4317/3884 4152/4587/4152 3885/4318/3885
f 3770/4203/3770 4046/4481/4046 4045/4480/4045
f 4085/4520/4085 4090/4525/4090 4380/4816/4380
f 4058/4493/4058 3881/4314/3881 4081/4516/4081
f 4091/4526/4091 4085/4520/4085 3960/4393/3960
f 4367/4803/4367 3991/4424/3991 3990/4423/3990
f 4039/4474/4039 4041/4476/4041 4073/4508/4073
f 4048/4483/4048 4435/4871/4435 4436/4872/4436
f 4407/4843/4407 4406/4842/4406 4135/4570/4135
f 4437/4873/4437 4080/4515/4080 4233/4668/4233
f 4151/4586/4151 4432/4868/4432 4224/4659/4224
f 3758/4191/3758 4417/4853/4417 3885/4318/3885
f 3770/4203/3770 3882/4315/3882 4046/4481/4046
f 4415/4851/4415 4426/4862/4426 4338/4773/4338
f 3861/4294/3861 3831/4264/3831 4438/4874/4438
f 3643/4076/3643 4439/4875/4439 3813/4246/3813
f 4440/4876/4440 3862/4295/3862 3821/4254/3821
f 3798/4231/3798 3865/4298/3865 4441/4877/4441
f 4154/4589/4154 4153/4588/4153 4006/4439/4006
f 4426/4862/4426 4403/4839/4403 4339/4774/4339
f 4025/4460/4025 4024/4459/4024 4218/4653/4218
f 4226/4661/4226 4442/4878/4442 4443/4879/4443
f 4358/4793/4358 4444/4880/4444 4117/4552/4117
f 4445/4881/4445 4446/4882/4446 4447/4883/4447
f 4432/4868/4432 4219/4654/4219 4224/4659/4224
f 3960/4393/3960 4086/4521/4086 4228/4663/4228
f 4413/4849/4413 4414/4850/4414 3959/4392/3959
f 4178/4613/4178 4448/4884/4448 4449/4885/4449
f 4070/4505/4070 4450/4886/4450 4071/4506/4071
f 4146/4581/4146 4086/4521/4086 4405/4841/4405
f 4353/4788/4353 3726/4159/3726 3728/4161/3728
f 4146/4581/4146 4148/4583/4148 4451/4887/4451
f 3887/4320/3887 3886/4319/3886 4122/4557/4122
f 4452/4888/4452 4386/4822/4386 4342/4777/4342
f 4199/4634/4199 4453/4889/4453 4454/4890/4454
f 3652/4085/3652 4455/4891/4455 4158/4593/4158
f 4091/4526/4091 3960/4393/3960 3959/4392/3959
f 4062/4497/4062 4456/4892/4456 4457/4893/4457
f 4458/4894/4458 4459/4895/4459 4460/4896/4460
f 4025/4460/4025 4072/4507/4072 4023/4458/4023
f 3999/4432/3999 3764/4197/3764 4083/4518/4083
f 3756/4189/3756 4108/4543/4108 4047/4482/4047
f 4432/4868/4432 4176/4611/4176 4218/4653/4218
f 4230/4665/4230 4461/4897/4461 4462/4898/4462
f 4142/4577/4142 4098/4533/4098 4463/4899/4463
f 3875/4308/3875 4464/4900/4464 3887/4320/3887
f 4465/4901/4465 4466/4902/4466 4114/4549/4114
f 4046/4481/4046 4030/4465/4030 3756/4189/3756
f 4354/4789/4354 4353/4788/4353 3710/4143/3710
f 3605/4033/3605 4093/4528/4093 4377/4813/4377
f 4019/4452/4019 4084/4519/4084 4144/4579/4144
f 4078/4513/4078 4420/4856/4420 4467/4903/4467
f 4224/4659/4224 3686/4119/3686 4151/4586/4151
f 4174/4609/4174 4201/4636/4201 4127/4562/4127
f 4193/4628/4193 4022/4457/4022 4219/4654/4219
f 4443/4879/4443 4351/4786/4351 4226/4661/4226
f 4385/4821/4385 4468/4904/4468 4342/4777/4342
f 4464/4900/4464 4178/4613/4178 4449/4885/4449
f 4057/4492/4057 4072/4507/4072 3888/4321/3888
f 3881/4314/3881 4348/4783/4348 4081/4516/4081
f 4160/4595/4160 4469/4905/4469 4470/4906/4470
f 4108/4543/4108 3755/4188/3755 4352/4787/4352
f 4469/4905/4469 4363/4798/4363 4471/4907/4471
f 3868/4301/3868 4339/4774/4339 4403/4839/4403
f 3622/4050/3622 4396/4832/4396 3586/4014/3586
f 4443/4879/4443 4442/4878/4442 3808/4241/3808
f 4086/4521/4086 4146/4581/4146 4451/4887/4451
f 4114/4549/4114 4472/4908/4472 4473/4909/4473
f 4345/4780/4345 4474/4910/4474 4475/4911/4475
f 4091/4526/4091 3959/4392/3959 4414/4850/4414
f 3728/4161/3728 3712/4145/3712 4353/4788/4353
f 4374/4810/4374 4109/4544/4109 4040/4475/4040
f 3877/4310/3877 4199/4634/4199 4454/4890/4454
f 4476/4912/4476 4477/4913/4477 4387/4823/4387
f 4365/4800/4365 4397/4833/4397 4478/4914/4478
f 3827/4260/3827 4415/4851/4415 4479/4915/4479
f 4153/4588/4153 4024/4459/4024 4006/4439/4006
f 4480/4916/4480 3891/4324/3891 4222/4657/4222
f 4481/4917/4481 4482/4918/4482 4212/4647/4212
f 2113/4919/2113 4483/4920/4483 4115/4550/4115
f 4484/4921/4484 3874/4307/3874 4485/4922/4485
f 4354/4789/4354 3695/4128/3695 3686/4119/3686
f 4179/4614/4179 4178/4613/4178 4464/4900/4464
f 3739/4172/3739 4081/4516/4081 4083/4518/4083
f 3814/4247/3814 3816/4249/3816 4133/4568/4133
f 4226/4661/4226 4086/4521/4086 4451/4887/4451
f 4229/4664/4229 4308/4743/4308 4307/4742/4307
f 4372/4808/4372 4486/4923/4486 4148/4583/4148
f 4343/4778/4343 4212/4647/4212 4482/4918/4482
f 4487/4924/4487 4413/4849/4413 4488/4925/4488
f 4338/4773/4338 4414/4850/4414 4416/4852/4416
f 3739/4172/3739 4083/4518/4083 3749/4182/3749
f 4460/4896/4460 4489/4926/4489 4038/4473/4038
f 3770/4203/3770 4340/4775/4340 3881/4314/3881
f 3668/4101/3668 3661/4094/3661 3660/4093/3660
f 4148/4583/4148 4343/4778/4343 4372/4808/4372
f 4091/4526/4091 4414/4850/4414 4338/4773/4338
f 4003/4436/4003 3958/4391/3958 4001/4434/4001
f 4228/4663/4228 3958/4391/3958 3960/4393/3960
f 4490/4927/4490 4206/4641/4206 4479/4915/4479
f 4001/4434/4001 4042/4477/4042 4491/4928/4491
f 4415/4851/4415 4414/4850/4414 4479/4915/4479
f 4492/4929/4492 4070/4505/4070 3605/4033/3605
f 3827/4260/3827 4479/4915/4479 4493/4930/4493
f 3879/4312/3879 4370/4806/4370 3880/4313/3880
f 3810/4243/3810 3893/4326/3893 4350/4785/4350
f 4459/4895/4459 4473/4909/4473 4472/4908/4472
f 4151/4586/4151 4177/4612/4177 4176/4611/4176
f 4474/4910/4474 4080/4515/4080 4494/4931/4494
f 3721/4154/3721 3712/4145/3712 3736/4169/3736
f 4495/4932/4495 4162/4597/4162 4377/4813/4377
f 4001/4434/4001 3958/4391/3958 4227/4662/4227
f 4496/4933/4496 4497/4934/4497 4384/4820/4384
f 4179/4614/4179 4464/4900/4464 3875/4308/3875
f 4372/4808/4372 4371/4807/4371 4486/4923/4486
f 3979/4412/3979 4113/4548/4113 3772/4205/3772
f 4224/4659/4224 4219/4654/4219 4022/4457/4022
f 4343/4778/4343 4482/4918/4482 4347/4782/4347
f 4019/4452/4019 3980/4413/3980 4045/4480/4045
f 4498/4935/4498 4499/4936/4499 4033/4468/4033
f 4414/4850/4414 4413/4849/4413 4487/4924/4487
f 4228/4663/4228 4227/4662/4227 3958/4391/3958
f 4193/4628/4193 4137/4572/4137 4194/4629/4194
f 4486/4923/4486 4500/4937/4500 4451/4887/4451
f 4124/4559/4124 4043/4478/4043 4076/4511/4076
f 4501/4938/4501 4214/4649/4214 4136/4571/4136
f 4414/4850/4414 4490/4927/4490 4479/4915/4479
f 4156/4591/4156 3689/4122/3689 4134/4569/4134
f 4502/4939/4502 3671/4104/3671 4503/4940/4503
f 4493/4930/4493 4479/4915/4479 4206/4641/4206
f 4488/4925/4488 4413/4849/4413 4002/4435/4002
f 3889/4322/3889 4504/4941/4504 4125/4560/4125
f 4505/4942/4505 4506/4943/4506 4191/4626/4191
f 4507/4944/4507 3994/4427/3994 4050/4485/4050
f 4482/4918/4482 4346/4781/4346 4347/4782/4347
f 4433/4869/4433 4388/4824/4388 4361/4796/4361
f 4466/4902/4466 4062/4497/4062 4431/4867/4431
f 4125/4560/4125 4504/4941/4504 4312/4747/4312
f 4107/4542/4107 4072/4507/4072 4406/4842/4406
f 4156/4591/4156 4155/4590/4155 4508/4945/4508
f 4025/4460/4025 4509/4946/4509 4135/4570/4135
f 4510/4947/4510 4478/4914/4478 4399/4835/4399
f 4207/4642/4207 4490/4927/4490 4488/4925/4488
f 3885/4318/3885 4511/4948/4511 4409/4845/4409
f 3669/4102/3669 3769/4202/3769 4177/4612/4177
f 3771/4204/3771 3770/4203/3770 4045/4480/4045
f 4426/4862/4426 4415/4851/4415 3827/4260/3827
f 4060/4495/4060 3770/4203/3770 3772/4205/3772
f 4178/4613/4178 4180/4615/4180 4481/4917/4481
f 4486/4923/4486 4371/4807/4371 4442/4878/4442
f 4490/4927/4490 4414/4850/4414 4487/4924/4487
f 4352/4787/4352 4380/4816/4380 4090/4525/4090
f 4395/4831/4395 4010/4443/4010 4449/4885/4449
f 4227/4662/4227 4226/4661/4226 4351/4786/4351
f 3663/4096/3663 3655/4088/3655 4231/4666/4231
f 3769/4202/3769 4444/4880/4444 4175/4610/4175
f 4444/4880/4444 4358/4793/4358 4509/4946/4509
f 4363/4798/4363 4362/4797/4362 4512/4949/4512
f 4392/4828/4392 4435/4871/4435 4393/4829/4393
f 4042/4477/4042 4001/4434/4001 3872/4305/3872
f 4513/4950/4513 4514/4951/4514 4515/4952/4515
f 4068/4503/4068 4516/4953/4516 4171/4606/4171
f 4422/4858/4422 3886/4319/3886 4107/4542/4107
f 4517/4954/4517 4518/4955/4518 4158/4593/4158
f 4025/4460/4025 4176/4611/4176 4175/4610/4175
f 4180/4615/4180 3875/4308/3875 4341/4776/4341
f 4459/4895/4459 4458/4894/4458 4473/4909/4473
f 4442/4878/4442 4371/4807/4371 3808/4241/3808
f 4138/4573/4138 4428/4864/4428 4139/4574/4139
f 4519/4956/4519 4041/4476/4041 3681/4114/3681
f 4430/4866/4430 4227/4662/4227 4351/4786/4351
f 4137/4572/4137 4153/4588/4153 3981/4414/3981
f 4226/4661/4226 4451/4887/4451 4500/4937/4500
f 4407/4843/4407 4135/4570/4135 4112/4547/4112
f 4095/4530/4095 4342/4777/4342 4468/4904/4468
f 4136/4571/4136 4358/4793/4358 4116/4551/4116
f 4089/4524/4089 4088/4523/4088 4206/4641/4206
f 4379/4815/4379 4520/4957/4520 4521/4958/4521
f 4216/4651/4216 4215/4650/4215 4522/4959/4522
f 3810/4243/3810 3809/4242/3809 4139/4574/4139
f 4444/4880/4444 3769/4202/3769 4117/4552/4117
f 4136/4571/4136 4135/4570/4135 4359/4794/4359
f 4098/4533/4098 4209/4644/4209 4523/4960/4523
f 4347/4782/4347 3789/4222/3789 3791/4224/3791
f 4400/4836/4400 4456/4892/4456 4401/4837/4401
f 4094/4529/4094 3789/4222/3789 4346/4781/4346
f 4190/4625/4190 3689/4122/3689 4524/4961/4524
f 4448/4884/4448 4178/4613/4178 4481/4917/4481
f 4525/4962/4525 4064/4499/4064 4526/4963/4526
f 4023/4458/4023 4072/4507/4072 4024/4459/4024
f 4488/4925/4488 4002/4435/4002 4491/4928/4491
f 4046/4481/4046 3882/4315/3882 4030/4465/4030
f 4002/4435/4002 4001/4434/4001 4491/4928/4491
f 4358/4793/4358 4359/4794/4359 4509/4946/4509
f 4444/4880/4444 4509/4946/4509 4175/4610/4175
f 4360/4795/4360 4192/4627/4192 4118/4553/4118
f 3791/4224/3791 4140/4575/4140 3809/4242/3809
f 4527/4964/4527 4515/4952/4515 4528/4965/4528
f 4088/4523/4088 4493/4930/4493 4206/4641/4206
f 4117/4552/4117 3769/4202/3769 3668/4101/3668
f 4080/4515/4080 4420/4856/4420 4078/4513/4078
f 4048/4483/4048 4393/4829/4393 4435/4871/4435
f 4345/4780/4345 4529/4966/4529 4530/4967/4530
f 4001/4434/4001 4430/4866/4430 3873/4306/3873
f 3892/4325/3892 4427/4863/4427 4350/4785/4350
f 3888/4321/3888 4449/4885/4449 3990/4423/3990
f 4492/4929/4492 3605/4033/3605 3609/4037/3609
f 4230/4665/4230 4034/4469/4034 4531/4968/4531
f 4443/4879/4443 3810/4243/3810 4351/4786/4351
f 4219/4654/4219 4432/4868/4432 4218/4653/4218
f 4422/4858/4422 4407/4843/4407 4112/4547/4112
f 4363/4798/4363 4512/4949/4512 4471/4907/4471
f 4454/4890/4454 4386/4822/4386 3877/4310/3877
f 4005/4438/4005 4154/4589/4154 4006/4439/4006
f 4161/4596/4161 4532/4969/4532 4510/4947/4510
f 4135/4570/4135 4110/4545/4110 4112/4547/4112
f 4075/4510/4075 4459/4895/4459 4472/4908/4472
f 4122/4557/4122 4121/4556/4121 3876/4309/3876
f 4528/4965/4528 4515/4952/4515 4220/4655/4220
f 3739/4172/3739 4174/4609/4174 4081/4516/4081
f 4346/4781/4346 4180/4615/4180 4094/4529/4094
f 4465/4901/4465 4456/4892/4456 4062/4497/4062
f 4044/4479/4044 4488/4925/4488 4491/4928/4491
f 3612/4040/3612 4408/4844/4408 4492/4929/4492
f 4427/4863/4427 4351/4786/4351 4350/4785/4350
f 4223/4658/4223 4371/4807/4371 3791/4224/3791
f 4025/4460/4025 4175/4610/4175 4509/4946/4509
f 4220/4655/4220 4515/4952/4515 4221/4656/4221
f 4394/4830/4394 4207/4642/4207 4488/4925/4488
f 3810/4243/3810 4443/4879/4443 3808/4241/3808
f 4111/4546/4111 4533/4970/4533 4200/4635/4200
f 4112/4547/4112 4111/4546/4111 4422/4858/4422
f 4534/4971/4534 4064/4499/4064 4525/4962/4525
f 4535/4972/4535 4536/4973/4536 4537/4974/4537
f 4136/4571/4136 4213/4648/4213 4110/4545/4110
f 4091/4526/4091 4090/4525/4090 4085/4520/4085
f 4200/4635/4200 3876/4309/3876 4121/4556/4121
f 4111/4546/4111 4200/4635/4200 4121/4556/4121
f 3876/4309/3876 4199/4634/4199 3877/4310/3877
f 2113/4919/2113 4370/4806/4370 1785/4456/1785
f 3789/4222/3789 4095/4530/4095 3790/4223/3790
f 4042/4477/4042 4044/4479/4044 4491/4928/4491
f 4044/4479/4044 4394/4830/4394 4488/4925/4488
f 4006/4439/4006 4057/4492/4057 4004/4437/4004
f 3982/4415/3982 4154/4589/4154 4005/4438/4005
f 4022/4457/4022 4077/4512/4077 4224/4659/4224
f 4538/4975/4538 4111/4546/4111 4110/4545/4110
f 4312/4747/4312 4504/4941/4504 4437/4873/4437
f 4176/4611/4176 4025/4460/4025 4218/4653/4218
f 4539/4976/4539 4540/4977/4540 4541/4978/4541
f 4117/4552/4117 4360/4795/4360 4118/4553/4118
f 4542/4979/4542 4543/4980/4543 4501/4938/4501
f 4544/4981/4544 4361/4796/4361 4545/4982/4545
f 4213/4648/4213 4538/4975/4538 4110/4545/4110
f 4486/4923/4486 4442/4878/4442 4500/4937/4500
f 4230/4665/4230 4546/4983/4546 4547/4984/4547
f 4134/4569/4134 4157/4592/4157 4156/4591/4156
f 3660/4093/3660 4360/4795/4360 4018/4451/4018
f 4516/4953/4516 4548/4985/4548 4171/4606/4171
f 3804/4237/3804 4549/4986/4549 3989/4422/3989
f 3790/4223/3790 4095/4530/4095 4550/4987/4550
f 4147/4582/4147 4349/4784/4349 4225/4660/4225
f 4013/4446/4013 4170/4605/4170 4169/4604/4169
f 4526/4963/4526 4548/4985/4548 4516/4953/4516
f 4122/4557/4122 3875/4308/3875 3887/4320/3887
f 4139/4574/4139 3809/4242/3809 4140/4575/4140
f 4530/4967/4530 4514/4951/4514 4040/4475/4040
f 4177/4612/4177 4151/4586/4151 3669/4102/3669
f 4184/4619/4184 4551/4988/4551 4552/4989/4552
f 4042/4477/4042 3872/4305/3872 4484/4921/4484
f 4367/4803/4367 4004/4437/4004 3991/4424/3991
f 4231/4666/4231 4034/4469/4034 4230/4665/4230
f 4427/4863/4427 4553/4990/4553 3873/4306/3873
f 3954/4387/3954 4554/4991/4554 4555/4992/4555
f 4556/4993/4556 3954/4387/3954 3953/4386/3953
f 3844/4277/3844 3955/4388/3955 3957/4390/3957
f 3850/4283/3850 3419/3837/3419 3898/4331/3898
f 4553/4990/4553 3874/4307/3874 3873/4306/3873
f 4011/4444/4011 4010/4443/4010 4202/4637/4202
f 4341/4776/4341 3877/4310/3877 4452/4888/4452
f 4045/4480/4045 4047/4482/4047 4019/4452/4019
f 4177/4612/4177 3769/4202/3769 4175/4610/4175
f 4557/4994/4557 4558/4995/4558 4559/4996/4559
f 3893/4326/3893 3892/4325/3892 4350/4785/4350
f 4119/4554/4119 4560/4997/4560 4205/4640/4205
f 4450/4886/4450 4561/4998/4561 4562/4999/4562
f 3828/4261/3828 3827/4260/3827 4493/4930/4493
f 3615/4043/3615 3638/4071/3638 3885/4318/3885
f 4538/4975/4538 4533/4970/4533 4111/4546/4111
f 4557/4994/4557 4421/4857/4421 4118/4553/4118
f 4214/4649/4214 4543/4980/4543 4213/4648/4213
f 4538/4975/4538 4213/4648/4213 4543/4980/4543
f 4449/4885/4449 4010/4443/4010 3990/4423/3990
f 4454/4890/4454 3622/4050/3622 4386/4822/4386
f 4098/4533/4098 4563/5000/4563 4564/5001/4564
f 4395/4831/4395 4449/4885/4449 4448/4884/4448
f 4342/4777/4342 4341/4776/4341 4452/4888/4452
f 3689/4122/3689 4156/4591/4156 4524/4961/4524
f 4043/4478/4043 4042/4477/4042 4489/4926/4489
f 4494/4931/4494 4504/4941/4504 4565/5002/4565
f 4409/4845/4409 4511/4948/4511 4561/4998/4561
f 4086/4521/4086 4085/4520/4085 4405/4841/4405
f 4000/4433/4000 4082/4517/4082 4340/4775/4340
f 4566/5003/4566 4567/5004/4567 4133/4568/4133
f 3136/3530/3136 4568/5005/4568 2212/3703/2212
f 3125/3519/3125 4568/5005/4568 3136/3530/3136
f 4569/5006/4569 4568/5005/4568 3125/3519/3125
f 4570/5007/4570 4571/5008/4571 4572/5009/4572
f 4568/5005/4568 2314/5010/2314 2212/3703/2212
f 4570/5007/4570 4572/5009/4572 4569/5006/4569
f 4570/5007/4570 4569/5006/4569 3125/3519/3125
f 3124/3518/3124 4573/5011/4573 3125/3519/3125
f 3125/3519/3125 4573/5011/4573 4570/5007/4570
f 2314/5010/2314 4568/5005/4568 4569/5006/4569
f 4570/5007/4570 4573/5011/4573 4571/5008/4571
f 3957/4390/3957 3953/4386/3953 3956/4389/3956
f 4574/5012/4574 4575/5013/4575 3081/3474/3081
f 4576/5014/4576 4577/5015/4577 4578/5016/4578
f 3066/3459/3066 3064/3455/3064 3839/4272/3839
f 4578/5016/4578 4579/5017/4579 3833/4266/3833
f 4550/4987/4550 4095/4530/4095 4468/4904/4468
f 4044/4479/4044 4466/4902/4466 4431/4867/4431
f 4566/5003/4566 4133/4568/4133 2110/4802/2110
f 4145/4580/4145 4580/5018/4580 4049/4484/4049
f 4557/4994/4557 4559/4996/4559 4581/5019/4581
f 4383/4819/4383 4581/5019/4581 4582/5020/4582
f 4581/5019/4581 4559/4996/4559 4582/5020/4582
f 4581/5019/4581 4383/4819/4383 4557/4994/4557
f 4496/4933/4496 4383/4819/4383 4582/5020/4582
f 4582/5020/4582 4069/4504/4069 4496/4933/4496
f 4042/4477/4042 4484/4921/4484 4038/4473/4038
f 4025/4460/4025 4406/4842/4406 4072/4507/4072
f 4513/4950/4513 4583/5021/4583 3681/4114/3681
f 4533/4970/4533 4538/4975/4538 3759/4192/3759
f 3892/4325/3892 4139/4574/4139 4428/4864/4428
f 4584/5022/4584 4585/5023/4585 3812/4245/3812
f 3819/4252/3819 3812/4245/3812 4585/5023/4585
f 3812/4245/3812 3765/4198/3765 4584/5022/4584
f 4586/5024/4586 3802/4235/3802 4585/5023/4585
f 3802/4235/3802 3819/4252/3819 4585/5023/4585
f 4123/4558/4123 4167/4602/4167 4584/5022/4584
f 4584/5022/4584 3765/4198/3765 4123/4558/4123
f 4167/4602/4167 4586/5024/4586 4585/5023/4585
f 4587/5025/4587 4586/5024/4586 3861/4294/3861
f 4586/5024/4586 4587/5025/4587 3802/4235/3802
f 4585/5023/4585 4584/5022/4584 4167/4602/4167
f 4167/4602/4167 3861/4294/3861 4586/5024/4586
f 4588/5026/4588 4577/5015/4577 4576/5014/4576
f 4588/5026/4588 3850/4283/3850 4589/5027/4589
f 3949/4382/3949 3852/4285/3852 4590/5028/4590
f 3855/4288/3855 4591/5029/4591 3110/3504/3110
f 3302/3715/3302 4592/5030/4592 4593/5031/4593
f 3301/3714/3301 4594/5032/4594 1186/5033/1186
f 4595/5034/4595 4596/5035/4596 4597/5036/4597
f 4229/4664/4229 4598/5037/4598 4523/4960/4523
f 4421/4857/4421 4557/4994/4557 4383/4819/4383
f 4203/4638/4203 4012/4445/4012 4599/5038/4599
f 3405/3823/3405 3482/3908/3482 4476/4912/4476
f 2110/4802/2110 4165/4600/4165 2111/5039/2111
f 4030/4465/4030 3882/4315/3882 4029/4464/4029
f 4192/4627/4192 4191/4626/4191 4118/4553/4118
f 4051/4486/4051 4524/4961/4524 4508/4945/4508
f 4208/4643/4208 4564/5001/4564 4600/5040/4600
f 4501/4938/4501 4543/4980/4543 4214/4649/4214
f 4538/4975/4538 4543/4980/4543 3759/4192/3759
f 4601/5041/4601 3986/4419/3986 3430/3848/3430
f 4200/4635/4200 4602/5042/4602 4198/4633/4198
f 4382/4818/4382 3760/4193/3760 4501/4938/4501
f 4603/5043/4603 4599/5038/4599 4604/5044/4604
f 4199/4634/4199 4198/4633/4198 4375/4811/4375
f 3622/4050/3622 4454/4890/4454 4453/4889/4453
f 4375/4811/4375 4453/4889/4453 4199/4634/4199
f 4502/4939/4502 4051/4486/4051 4508/4945/4508
f 4124/4559/4124 4466/4902/4466 4044/4479/4044
f 4360/4795/4360 3677/4110/3677 4192/4627/4192
f 4060/4495/4060 3998/4431/3998 4000/4433/4000
f 4015/4448/4015 4345/4780/4345 4530/4967/4530
f 4411/4847/4411 4379/4815/4379 4378/4814/4378
f 4352/4787/4352 4090/4525/4090 4047/4482/4047
f 4036/4471/4036 4038/4473/4038 4484/4921/4484
f 4509/4946/4509 4359/4794/4359 4135/4570/4135
f 4583/5021/4583 4513/4950/4513 4527/4964/4527
f 4533/4970/4533 3759/4192/3759 4152/4587/4152
f 4421/4857/4421 4383/4819/4383 4382/4818/4382
f 4118/4553/4118 4191/4626/4191 4605/5045/4605
f 4542/4979/4542 3759/4192/3759 4543/4980/4543
f 4523/4960/4523 4099/4534/4099 4098/4533/4098
f 4198/4633/4198 4602/5042/4602 4429/4865/4429
f 4152/4587/4152 4429/4865/4429 4533/4970/4533
f 3950/4383/3950 4531/4968/4531 4034/4469/4034
f 4453/4889/4453 4396/4832/4396 3622/4050/3622
f 3993/4426/3993 3992/4425/3992 4065/4500/4065
f 4338/4773/4338 4416/4852/4416 4415/4851/4415
f 4075/4510/4075 4489/4926/4489 4459/4895/4459
f 4124/4559/4124 4114/4549/4114 4466/4902/4466
f 3958/4391/3958 4003/4436/4003 4413/4849/4413
f 4165/4600/4165 4132/4567/4132 3870/4303/3870
f 4049/4484/4049 4507/4944/4507 4050/4485/4050
f 4062/4497/4062 4466/4902/4466 4465/4901/4465
f 4117/4552/4117 3668/4101/3668 4018/4451/4018
f 4606/5046/4606 4066/4501/4066 4166/4601/4166
f 4215/4650/4215 4388/4824/4388 4522/4959/4522
f 4118/4553/4118 4605/5045/4605 4557/4994/4557
f 4036/4471/4036 4484/4921/4484 4607/5047/4607
f 4457/4893/4457 4063/4498/4063 4062/4497/4062
f 4512/4949/4512 4477/4913/4477 3458/3880/3458
f 3759/4192/3759 3758/4191/3758 4152/4587/4152
f 4506/4943/4506 4605/5045/4605 4191/4626/4191
f 4514/4951/4514 4041/4476/4041 4040/4475/4040
f 4190/4625/4190 4192/4627/4192 3676/4109/3676
f 4608/5048/4608 4205/4640/4205 4609/5049/4609
f 4190/4625/4190 4392/4828/4392 4191/4626/4191
f 4501/4938/4501 3760/4193/3760 4542/4979/4542
f 4485/4922/4485 3874/4307/3874 4553/4990/4553
f 3759/4192/3759 4542/4979/4542 3760/4193/3760
f 4198/4633/4198 4429/4865/4429 4182/4617/4182
f 4528/4965/4528 3673/4106/3673 4610/5050/4610
f 4611/5051/4611 4612/5052/4612 3995/4428/3995
f 4400/4836/4400 4131/4566/4131 3816/4249/3816
f 4155/4590/4155 4157/4592/4157 3708/4141/3708
f 4181/4616/4181 4396/4832/4396 4375/4811/4375
f 4071/4506/4071 4496/4933/4496 4069/4504/4069
f 4613/5053/4613 4614/5054/4614 2113/4919/2113
f 4460/4896/4460 4038/4473/4038 4037/4472/4037
f 4043/4478/4043 4489/4926/4489 4075/4510/4075
f 4290/4725/4290 4389/4825/4389 4238/4673/4238
f 4459/4895/4459 4489/4926/4489 4460/4896/4460
f 4223/4658/4223 3808/4241/3808 4371/4807/4371
f 4472/4908/4472 4076/4511/4076 4075/4510/4075
f 4615/5055/4615 4616/5056/4616 4379/4815/4379
f 4114/4549/4114 4076/4511/4076 4472/4908/4472
f 4408/4844/4408 3612/4040/3612 3615/4043/3615
f 4036/4471/4036 4617/5057/4617 4037/4472/4037
f 3615/4043/3615 3885/4318/3885 4409/4845/4409
f 4617/5057/4617 4036/4471/4036 4607/5047/4607
f 4199/4634/4199 3876/4309/3876 4200/4635/4200
f 3657/4090/3657 3662/4095/3662 4184/4619/4184
f 4383/4819/4383 4496/4933/4496 4384/4820/4384
f 4598/5037/4598 3986/4419/3986 4618/5058/4618
f 4508/4945/4508 3678/4111/3678 4502/4939/4502
f 4338/4773/4338 4092/4527/4092 4091/4526/4091
f 4384/4820/4384 4619/5059/4619 4382/4818/4382
f 4463/4899/4463 4216/4651/4216 4143/4578/4143
f 4424/4860/4424 4605/5045/4605 4506/4943/4506
f 3689/4122/3689 4190/4625/4190 3676/4109/3676
f 4182/4617/4182 4429/4865/4429 3884/4317/3884
f 3871/4304/3871 4132/4567/4132 4131/4566/4131
f 3625/4053/3625 3586/4014/3586 4396/4832/4396
f 3671/4104/3671 4195/4630/4195 4503/4940/4503
f 4037/4472/4037 3880/4313/3880 4460/4896/4460
f 4360/4795/4360 4117/4552/4117 4018/4451/4018
f 4565/5002/4565 4480/4916/4480 4475/4911/4475
f 4114/4549/4114 3871/4304/3871 4465/4901/4465
f 3111/3505/3111 3110/3504/3110 4591/5029/4591
f 3111/3505/3111 4620/5060/4620 3109/3503/3109
f 4621/5061/4621 3833/4266/3833 4579/5017/4579
f 3857/4290/3857 4622/5062/4622 3955/4388/3955
f 4623/5063/4623 3847/4280/3847 3521/3948/3521
f 3957/4390/3957 3955/4388/3955 4624/5064/4624
f 4465/4901/4465 4401/4837/4401 4456/4892/4456
f 4037/4472/4037 4617/5057/4617 3880/4313/3880
f 4157/4592/4157 4134/4569/4134 3705/4138/3705
f 4506/4943/4506 4505/4942/4505 4424/4860/4424
f 4424/4860/4424 4540/4977/4540 4605/5045/4605
f 4505/4942/4505 4191/4626/4191 4392/4828/4392
f 4436/4872/4436 4190/4625/4190 4524/4961/4524
f 3816/4249/3816 4131/4566/4131 4133/4568/4133
f 4190/4625/4190 4436/4872/4436 4392/4828/4392
f 4435/4871/4435 4392/4828/4392 4436/4872/4436
f 4505/4942/4505 4392/4828/4392 4391/4827/4391
f 4086/4521/4086 4226/4661/4226 4228/4663/4228
f 4607/5047/4607 4484/4921/4484 4485/4922/4485
f 4222/4657/4222 3891/4324/3891 4455/4891/4455
f 4155/4590/4155 3678/4111/3678 4508/4945/4508
f 4349/4784/4349 4146/4581/4146 4405/4841/4405
f 4162/4597/4162 4495/4932/4495 4625/5065/4625
f 3880/4313/3880 4458/4894/4458 4460/4896/4460
f 4206/4641/4206 4490/4927/4490 4207/4642/4207
f 4131/4566/4131 4465/4901/4465 3871/4304/3871
f 4115/4550/4115 4114/4549/4114 4473/4909/4473
f 4401/4837/4401 4465/4901/4465 4131/4566/4131
f 4626/5066/4626 4402/4838/4402 4627/5067/4627
f 4417/4853/4417 3760/4193/3760 4619/5059/4619
f 4523/4960/4523 4618/5058/4618 4099/4534/4099
f 4424/4860/4424 4505/4942/4505 4391/4827/4391
f 4014/4447/4014 4013/4446/4013 4535/4972/4535
f 4425/4861/4425 3431/3849/3431 3430/3848/3430
f 4541/4978/4541 4540/4977/4540 4424/4860/4424
f 4168/4603/4168 4203/4638/4203 4560/4997/4560
f 4605/5045/4605 4540/4977/4540 4558/4995/4558
f 4371/4807/4371 4343/4778/4343 4347/4782/4347
f 4100/4535/4100 4628/5068/4628 3997/4430/3997
f 4524/4961/4524 4053/4488/4053 4436/4872/4436
f 4386/4822/4386 4452/4888/4452 3877/4310/3877
f 4186/4621/4186 4119/4554/4119 4173/4608/4173
f 4170/4605/4170 4013/4446/4013 4012/4445/4012
f 3625/4053/3625 3883/4316/3883 3626/4054/3626
f 3626/4054/3626 3883/4316/3883 3885/4318/3885
f 4061/4496/4061 4089/4524/4089 4207/4642/4207
f 4370/4806/4370 4458/4894/4458 3880/4313/3880
f 4341/4776/4341 3875/4308/3875 3877/4310/3877
f 4458/4894/4458 4613/5053/4613 4473/4909/4473
f 3869/4302/3869 3871/4304/3871 4115/4550/4115
f 4115/4550/4115 4473/4909/4473 4613/5053/4613
f 4121/4556/4121 3886/4319/3886 4422/4858/4422
f 4629/5069/4629 4511/4948/4511 4417/4853/4417
f 4616/5056/4616 4546/4983/4546 4379/4815/4379
f 4417/4853/4417 4619/5059/4619 4629/5069/4629
f 4497/4934/4497 4562/4999/4562 4629/5069/4629
f 4071/4506/4071 4562/4999/4562 4496/4933/4496
f 4630/5070/4630 4517/4954/4517 4631/5071/4631
f 4391/4827/4391 4050/4485/4050 4424/4860/4424
f 4609/5049/4609 4104/4539/4104 4632/5072/4632
f 4424/4860/4424 4423/4859/4423 4541/4978/4541
f 4519/4956/4519 4073/4508/4073 4041/4476/4041
f 4540/4977/4540 4559/4996/4559 4558/4995/4558
f 4387/4823/4387 4361/4796/4361 4388/4824/4388
f 4605/5045/4605 4558/4995/4558 4557/4994/4557
f 4524/4961/4524 4156/4591/4156 4508/4945/4508
f 4053/4488/4053 4524/4961/4524 4051/4486/4051
f 4418/4854/4418 4368/4804/4368 4539/4976/4539
f 3861/4294/3861 4167/4602/4167 3817/4250/3817
f 4366/4801/4366 4510/4947/4510 4532/4969/4532
f 4436/4872/4436 4053/4488/4053 4048/4483/4048
f 3885/4318/3885 3638/4071/3638 3626/4054/3626
f 4531/4968/4531 3950/4383/3950 4633/5073/4633
f 4431/4867/4431 4061/4496/4061 4394/4830/4394
f 4511/4948/4511 3885/4318/3885 4417/4853/4417
f 4370/4806/4370 4614/5054/4614 4458/4894/4458
f 4481/4917/4481 4180/4615/4180 4482/4918/4482
f 4458/4894/4458 4614/5054/4614 4613/5053/4613
f 4483/4920/4483 3869/4302/3869 4115/4550/4115
f 2113/4919/2113 4115/4550/4115 4613/5053/4613
f 4201/4636/4201 3739/4172/3739 3730/4163/3730
f 4615/5055/4615 4410/4846/4410 4616/5056/4616
f 4511/4948/4511 4629/5069/4629 4562/4999/4562
f 4062/4497/4062 4061/4496/4061 4431/4867/4431
f 4619/5059/4619 4497/4934/4497 4629/5069/4629
f 4427/4863/4427 3873/4306/3873 4430/4866/4430
f 4562/4999/4562 4071/4506/4071 4450/4886/4450
f 4539/4976/4539 4368/4804/4368 4540/4977/4540
f 4539/4976/4539 4541/4978/4541 3993/4426/3993
f 4540/4977/4540 4369/4805/4369 4559/4996/4559
f 4048/4483/4048 4053/4488/4053 4634/5074/4634
f 4632/5072/4632 4104/4539/4104 4150/4585/4150
f 2109/5075/2109 3869/4302/3869 4483/4920/4483
f 4561/4998/4561 4408/4844/4408 4409/4845/4409
f 4612/5052/4612 4635/5076/4635 4636/5077/4636
f 4561/4998/4561 4511/4948/4511 4562/4999/4562
f 4195/4630/4195 4052/4487/4052 4503/4940/4503
f 3993/4426/3993 4423/4859/4423 4050/4485/4050
f 4080/4515/4080 4437/4873/4437 4494/4931/4494
f 4540/4977/4540 4368/4804/4368 4369/4805/4369
f 4637/5078/4637 3443/3863/3443 3405/3823/3405
f 4197/4632/4197 4634/5074/4634 4052/4487/4052
f 4600/5040/4600 4013/4446/4013 4169/4604/4169
f 4514/4951/4514 4530/4967/4530 4529/4966/4529
f 4419/4855/4419 4539/4976/4539 3993/4426/3993
f 4582/5020/4582 4369/4805/4369 4495/4932/4495
f 4185/4620/4185 3666/4099/3666 4183/4618/4183
f 4369/4805/4369 4582/5020/4582 4559/4996/4559
f 4362/4797/4362 4387/4823/4387 4477/4913/4477
f 4051/4486/4051 4503/4940/4503 4052/4487/4052
f 4470/4906/4470 4638/5079/4638 4639/5080/4639
f 4052/4487/4052 4634/5074/4634 4053/4488/4053
f 4447/4883/4447 4640/5081/4640 4434/4870/4434
f 4066/4501/4066 4173/4608/4173 4119/4554/4119
f 4172/4607/4172 3988/4421/3988 3987/4420/3987
f 4165/4600/4165 3869/4302/3869 2109/5075/2109
f 2113/4919/2113 2109/5075/2109 4483/4920/4483
f 4641/5082/4641 4567/5004/4567 4566/5003/4566
f 4340/4775/4340 4348/4783/4348 3881/4314/3881
f 4408/4844/4408 4561/4998/4561 4492/4929/4492
f 4450/4886/4450 4070/4505/4070 4492/4929/4492
f 4450/4886/4450 4492/4929/4492 4561/4998/4561
f 4642/5083/4642 4379/4815/4379 4521/4958/4521
f 4526/4963/4526 4643/5084/4643 4644/5085/4644
f 4510/4947/4510 4399/4835/4399 4545/4982/4545
f 4418/4854/4418 4539/4976/4539 4419/4855/4419
f 4419/4855/4419 3993/4426/3993 4065/4500/4065
f 4344/4779/4344 4390/4826/4390 4467/4903/4467
f 3708/4141/3708 4157/4592/4157 3705/4138/3705
f 4502/4939/4502 4503/4940/4503 4051/4486/4051
f 4135/4570/4135 4406/4842/4406 4025/4460/4025
f 4222/4657/4222 4221/4656/4221 4645/5086/4645
f 3701/4134/3701 3678/4111/3678 4155/4590/4155
f 4197/4632/4197 4145/4580/4145 4634/5074/4634
f 4646/5087/4646 1867/5088/1867 3878/4311/3878
f 4391/4827/4391 4393/4829/4393 4050/4485/4050
f 4527/4964/4527 4513/4950/4513 4515/4952/4515
f 3712/4145/3712 3728/4161/3728 3736/4169/3736
f 3878/4311/3878 1867/5088/1867 2114/4455/2114
f 4096/4531/4096 3806/4239/3806 4209/4644/4209
f 4566/5003/4566 2110/4802/2110 2306/5089/2306
f 4385/4821/4385 4342/4777/4342 4386/4822/4386
f 4642/5083/4642 4647/5090/4647 3989/4422/3989
f 4423/4859/4423 3993/4426/3993 4541/4978/4541
f 3814/4247/3814 4133/4568/4133 4567/5004/4567
f 4165/4600/4165 2109/5075/2109 2111/5039/2111
f 2306/5089/2306 2305/5091/2305 4566/5003/4566
f 4580/5018/4580 4648/5092/4648 4507/4944/4507
f 4451/4887/4451 4148/4583/4148 4486/4923/4486
f 4547/4984/4547 4461/4897/4461 4230/4665/4230
f 4427/4863/4427 4430/4866/4430 4351/4786/4351
f 4069/4504/4069 4495/4932/4495 4093/4528/4093
f 3625/4053/3625 4182/4617/4182 3883/4316/3883
f 4418/4854/4418 4164/4599/4164 4163/4598/4163
f 4649/5093/4649 4650/5094/4650 4101/4536/4101
f 4495/4932/4495 4069/4504/4069 4582/5020/4582
f 4495/4932/4495 4369/4805/4369 4625/5065/4625
f 4155/4590/4155 3708/4141/3708 3701/4134/3701
f 4614/5054/4614 4370/4806/4370 2113/4919/2113
f 4355/4790/4355 4373/4809/4373 4189/4624/4189
f 4412/4848/4412 4196/4631/4196 4410/4846/4410
f 3652/4085/3652 4222/4657/4222 4455/4891/4455
f 3671/4104/3671 4502/4939/4502 3678/4111/3678
f 3995/4428/3995 4651/5095/4651 4611/5051/4611
f 4197/4632/4197 4052/4487/4052 4195/4630/4195
f 4212/4647/4212 4147/4582/4147 4395/4831/4395
f 4145/4580/4145 4197/4632/4197 4580/5018/4580
f 4055/4490/4055 4149/4584/4149 4056/4491/4056
f 3790/4223/3790 4140/4575/4140 3791/4224/3791
f 4598/5037/4598 4307/4742/4307 3984/4417/3984
f 3612/4040/3612 4492/4929/4492 3609/4037/3609
f 4093/4528/4093 4495/4932/4495 4377/4813/4377
f 4652/5096/4652 4203/4638/4203 4599/5038/4599
f 4507/4944/4507 4644/5085/4644 3994/4427/3994
f 4132/4567/4132 4165/4600/4165 2110/4802/2110
f 3994/4427/3994 4064/4499/4064 3992/4425/3992
f 4078/4513/4078 4653/5097/4653 4079/4514/4079
f 4163/4598/4163 4625/5065/4625 4369/4805/4369
f 3671/4104/3671 3665/4098/3665 4195/4630/4195
f 3760/4193/3760 4382/4818/4382 4619/5059/4619
f 4217/4652/4217 3484/3910/3484 4637/5078/4637
f 4049/4484/4049 4580/5018/4580 4507/4944/4507
f 4521/4958/4521 4647/5090/4647 4642/5083/4642
f 3891/4324/3891 4480/4916/4480 4654/5098/4654
f 4580/5018/4580 4197/4632/4197 4412/4848/4412
f 4455/4891/4455 4517/4954/4517 4158/4593/4158
f 4442/4878/4442 4226/4661/4226 4500/4937/4500
f 4145/4580/4145 4048/4483/4048 4634/5074/4634
f 4223/4658/4223 3809/4242/3809 3808/4241/3808
f 4655/5099/4655 4150/4585/4150 4656/5100/4656
f 4050/4485/4050 4393/4829/4393 4048/4483/4048
f 4566/5003/4566 2305/5091/2305 4641/5082/4641
f 4376/4812/4376 3605/4033/3605 4377/4813/4377
f 4644/5085/4644 4643/5084/4643 3994/4427/3994
f 4507/4944/4507 4648/5092/4648 4644/5085/4644
f 3873/4306/3873 3872/4305/3872 4001/4434/4001
f 4657/5101/4657 4623/5063/4623 4658/5102/4658
f 4659/5103/4659 4660/5104/4660 4661/5105/4661
f 4661/5105/4661 12/5106/12 10/5107/10
f 3448/3868/3448 3834/4267/3834 3833/4266/3833
f 4395/4831/4395 4448/4884/4448 4212/4647/4212
f 4578/5016/4578 4577/5015/4577 4579/5017/4579
f 4589/5027/4589 4662/5108/4662 4588/5026/4588
f 4514/4951/4514 4513/4950/4513 4041/4476/4041
f 1147/5109/1147 4660/5104/4660 4663/5110/4663
f 4664/5111/4664 4620/5060/4620 4665/5112/4665
f 3080/3473/3080 3079/3472/3079 4588/5026/4588
f 4590/5028/4590 4662/5108/4662 4589/5027/4589
f 1185/3478/1185 1093/5113/1093 3085/3479/3085
f 4659/5103/4659 4663/5110/4663 4660/5104/4660
f 4665/5112/4665 4620/5060/4620 4666/5114/4666
f 4162/4597/4162 4625/5065/4625 4163/4598/4163
f 4667/5115/4667 3084/3477/3084 4668/5116/4668
f 4669/5117/4669 3111/3505/3111 4591/5029/4591
f 4195/4630/4195 3665/4098/3665 4670/5118/4670
f 4670/5118/4670 4196/4631/4196 4195/4630/4195
f 4671/5119/4671 4672/5120/4672 4597/5036/4597
f 4673/5121/4673 4674/5122/4674 4008/4441/4008
f 4196/4631/4196 4412/4848/4412 4197/4632/4197
f 4595/5034/4595 4622/5062/4622 3539/3966/3539
f 4174/4609/4174 3739/4172/3739 4201/4636/4201
f 1147/5109/1147 1144/5123/1144 4660/5104/4660
f 3888/4321/3888 4072/4507/4072 4106/4541/4106
f 4516/4953/4516 4675/5124/4675 4526/4963/4526
f 4676/5125/4676 4105/4540/4105 4677/5126/4677
f 4644/5085/4644 4648/5092/4648 4526/4963/4526
f 3837/4270/3837 4668/5116/4668 3084/3477/3084
f 4656/5100/4656 4676/5125/4676 4678/5127/4678
f 4674/5122/4674 3520/3947/3520 4679/5128/4679
f 4437/4873/4437 4292/4727/4292 4318/4753/4318
f 4534/4971/4534 4102/4537/4102 4064/4499/4064
f 4680/5129/4680 3205/3611/3205 3085/3479/3085
f 4008/4441/4008 4597/5036/4597 4596/5035/4596
f 3545/3972/3545 4622/5062/4622 3857/4290/3857
f 1144/5123/1144 12/5106/12 4660/5104/4660
f 4673/5121/4673 4007/4440/4007 3836/4269/3836
f 4622/5062/4622 4624/5064/4624 3955/4388/3955
f 4141/4576/4141 4563/5000/4563 4142/4577/4142
f 4462/4898/4462 4670/5118/4670 3665/4098/3665
f 4427/4863/4427 4428/4864/4428 4553/4990/4553
f 4670/5118/4670 4410/4846/4410 4196/4631/4196
f 4681/5130/4681 4556/4993/4556 3122/3516/3122
f 3518/3945/3518 3282/3694/3282 3007/3393/3007
f 3872/4305/3872 3874/4307/3874 4484/4921/4484
f 4648/5092/4648 4548/4985/4548 4526/4963/4526
f 3663/4096/3663 4462/4898/4462 3665/4098/3665
f 4010/4443/4010 4395/4831/4395 4202/4637/4202
f 4462/4898/4462 4410/4846/4410 4670/5118/4670
f 4608/5048/4608 4054/4489/4054 4120/4555/4120
f 4648/5092/4648 4411/4847/4411 4548/4985/4548
f 3997/4430/3997 4628/5068/4628 4682/5131/4682
f 3482/3908/3482 3458/3880/3458 4477/4913/4477
f 4230/4665/4230 4462/4898/4462 3663/4096/3663
f 4462/4898/4462 4461/4897/4461 4410/4846/4410
f 4496/4933/4496 4562/4999/4562 4497/4934/4497
f 4675/5124/4675 4525/4962/4525 4526/4963/4526
f 4602/5042/4602 4533/4970/4533 4429/4865/4429
f 3077/3470/3077 3154/3553/3154 3205/3611/3205
f 4548/4985/4548 4411/4847/4411 4378/4814/4378
f 4038/4473/4038 4489/4926/4489 4042/4477/4042
f 4612/5052/4612 3996/4429/3996 3995/4428/3995
f 4410/4846/4410 4461/4897/4461 4616/5056/4616
f 3069/3462/3069 3068/3461/3068 3834/4267/3834
f 4163/4598/4163 4368/4804/4368 4418/4854/4418
f 4683/5132/4683 4684/5133/4684 3424/3842/3424
f 4577/5015/4577 4685/5134/4685 4579/5017/4579
f 4686/5135/4686 4554/4991/4554 4556/4993/4556
f 4687/5136/4687 3121/3515/3121 4688/5137/4688
f 4577/5015/4577 3079/3472/3079 4689/5138/4689
f 4690/5139/4690 4659/5103/4659 4661/5105/4661
f 4067/4502/4067 4675/5124/4675 4516/4953/4516
f 4205/4640/4205 4204/4639/4204 4609/5049/4609
f 4548/4985/4548 4378/4814/4378 4171/4606/4171
f 4691/5140/4691 4009/4442/4009 4008/4441/4008
f 4635/5076/4635 4678/5127/4678 4649/5093/4649
f 4547/4984/4547 4616/5056/4616 4461/4897/4461
f 3887/4320/3887 4464/4900/4464 3888/4321/3888
f 4692/5141/4692 4666/5114/4666 4693/5142/4693
f 3083/3476/3083 4694/5143/4694 3837/4270/3837
f 4516/4953/4516 4068/4503/4068 4067/4502/4067
f 4692/5141/4692 4693/5142/4693 4695/5144/4695
f 4661/5105/4661 10/5107/10 4690/5139/4690
f 3878/4311/3878 2114/4455/2114 3879/4312/3879
f 4171/4606/4171 4378/4814/4378 4172/4607/4172
f 4696/5145/4696 4666/5114/4666 4620/5060/4620
f 4050/4485/4050 3994/4427/3994 3993/4426/3993
f 4615/5055/4615 4379/4815/4379 4411/4847/4411
f 4696/5145/4696 3111/3505/3111 4669/5117/4669
f 4043/4478/4043 4124/4559/4124 4044/4479/4044
f 4008/4441/4008 4674/5122/4674 4597/5036/4597
f 4231/4666/4231 3655/4088/3655 4035/4470/4035
f 4697/5146/4697 4622/5062/4622 4595/5034/4595
f 4546/4983/4546 4616/5056/4616 4547/4984/4547
f 12/5106/12 4661/5105/4661 4660/5104/4660
f 4119/4554/4119 4186/4621/4186 4560/4997/4560
f 4411/4847/4411 4410/4846/4410 4615/5055/4615
f 4172/4607/4172 4173/4608/4173 4068/4503/4068
f 4378/4814/4378 3988/4421/3988 4172/4607/4172
f 4099/4534/4099 4684/5133/4684 4097/4532/4097
f 3988/4421/3988 4379/4815/4379 4642/5083/4642
f 3828/4261/3828 4493/4930/4493 4088/4523/4088
f 3655/4088/3655 4626/5066/4626 4035/4470/4035
f 4531/4968/4531 4546/4983/4546 4230/4665/4230
f 4606/5046/4606 4067/4502/4067 4066/4501/4066
f 3989/4422/3989 3988/4421/3988 4642/5083/4642
f 4626/5066/4626 4627/5067/4627 4035/4470/4035
f 3655/4088/3655 4402/4838/4402 4626/5066/4626
f 700/5147/700 697/5148/697 4698/5149/4698
f 3950/4383/3950 4035/4470/4035 3951/4384/3951
f 4699/5150/4699 4700/5151/4700 4701/5152/4701
f 3791/4224/3791 4371/4807/4371 4347/4782/4347
f 4633/5073/4633 4546/4983/4546 4531/4968/4531
f 4699/5150/4699 4702/5153/4702 703/5154/703
f 4546/4983/4546 4520/4957/4520 4379/4815/4379
f 4627/5067/4627 3951/4384/3951 4035/4470/4035
f 4633/5073/4633 3950/4383/3950 4021/4454/4021
f 3240/3650/3240 3217/3625/3217 4703/5155/4703
f 4200/4635/4200 4533/4970/4533 4602/5042/4602
f 4546/4983/4546 4633/5073/4633 4704/5156/4704
f 4705/5157/4705 4706/5158/4706 4707/5159/4707
f 4705/5157/4705 4708/5160/4708 4703/5155/4703
f 4707/5159/4707 4708/5160/4708 4705/5157/4705
f 3420/3838/3420 3401/3818/3401 4709/5161/4709
f 4708/5160/4708 3256/3667/3256 3240/3650/3240
f 4448/4884/4448 4481/4917/4481 4212/4647/4212
f 3256/3667/3256 4708/5160/4708 4707/5159/4707
f 3217/3625/3217 4706/5158/4706 4703/5155/4703
f 702/5162/702 4698/5149/4698 697/5148/697
f 4708/5160/4708 3240/3650/3240 4703/5155/4703
f 4710/5163/4710 4711/5164/4711 4700/5151/4700
f 4701/5152/4701 4706/5158/4706 4709/5161/4709
f 20/5165/20 4699/5150/4699 703/5154/703
f 4699/5150/4699 4712/5166/4712 4702/5153/4702
f 4709/5161/4709 4698/5149/4698 4712/5166/4712
f 4520/4957/4520 4546/4983/4546 4704/5156/4704
f 4702/5153/4702 702/5162/702 703/5154/703
f 4707/5159/4707 4713/5167/4713 3256/3667/3256
f 3987/4420/3987 3989/4422/3989 4356/4791/4356
f 4705/5157/4705 4703/5155/4703 4706/5158/4706
f 4698/5149/4698 4702/5153/4702 4712/5166/4712
f 3186/3591/3186 701/3590/701 700/5147/700
f 4707/5159/4707 4711/5164/4711 4713/5167/4713
f 19/5168/19 4699/5150/4699 20/5165/20
f 4706/5158/4706 3217/3625/3217 3420/3838/3420
f 4643/5084/4643 4526/4963/4526 4064/4499/4064
f 310/5169/310 311/5170/311 4711/5164/4711
f 310/5169/310 4710/5163/4710 4700/5151/4700
f 4699/5150/4699 4709/5161/4709 4712/5166/4712
f 4698/5149/4698 702/5162/702 4702/5153/4702
f 310/5169/310 4711/5164/4711 4710/5163/4710
f 4698/5149/4698 3186/3591/3186 700/5147/700
f 4700/5151/4700 4699/5150/4699 19/5168/19
f 4520/4957/4520 3805/4238/3805 4521/4958/4521
f 4107/4542/4107 4407/4843/4407 4422/4858/4422
f 4701/5152/4701 4709/5161/4709 4699/5150/4699
f 4698/5149/4698 3401/3818/3401 3186/3591/3186
f 4453/4889/4453 4375/4811/4375 4396/4832/4396
f 4707/5159/4707 4706/5158/4706 4711/5164/4711
f 4711/5164/4711 311/5170/311 4713/5167/4713
f 3420/3838/3420 4709/5161/4709 4706/5158/4706
f 310/5169/310 4700/5151/4700 19/5168/19
f 4700/5151/4700 4711/5164/4711 4701/5152/4701
f 4647/5090/4647 4521/4958/4521 3805/4238/3805
f 4698/5149/4698 4709/5161/4709 3401/3818/3401
f 4711/5164/4711 4706/5158/4706 4701/5152/4701
f 4079/4514/4079 4653/5097/4653 4381/4817/4381
f 3989/4422/3989 4647/5090/4647 3804/4237/3804
f 4627/5067/4627 4337/4772/4337 3951/4384/3951
f 4402/4838/4402 4184/4619/4184 4627/5067/4627
f 3657/4090/3657 4184/4619/4184 4402/4838/4402
f 4476/4912/4476 4217/4652/4217 4637/5078/4637
f 4633/5073/4633 4021/4454/4021 4704/5156/4704
f 4520/4957/4520 4704/5156/4704 3805/4238/3805
f 4608/5048/4608 4120/4555/4120 4119/4554/4119
f 4120/4555/4120 4054/4489/4054 4166/4601/4166
f 4356/4791/4356 3989/4422/3989 4549/4986/4549
f 4476/4912/4476 4387/4823/4387 4215/4650/4215
f 4647/5090/4647 3805/4238/3805 3804/4237/3804
f 4627/5067/4627 4028/4463/4028 4337/4772/4337
f 3168/3572/3168 4714/5171/4714 4638/5079/4638
f 4627/5067/4627 4184/4619/4184 4552/4989/4552
f 4187/4622/4187 4715/5172/4715 4188/4623/4188
f 4021/4454/4021 3806/4239/3806 4704/5156/4704
f 4716/5173/4716 4717/5174/4717 4718/5175/4718
f 3819/4252/3819 3801/4234/3801 3866/4299/3866
f 3785/4218/3785 4719/5176/4719 3824/4257/3824
f 3800/4233/3800 3643/4076/3643 3768/4201/3768
f 3774/4207/3774 3786/4219/3786 3775/4208/3775
f 3866/4299/3866 3785/4218/3785 3824/4257/3824
f 4598/5037/4598 4618/5058/4618 4523/4960/4523
f 3670/4103/3670 3700/4133/3700 3683/4116/3683
f 3805/4238/3805 4704/5156/4704 3806/4239/3806
f 4720/5177/4720 4721/5178/4721 4722/5179/4722
f 4063/4498/4063 4457/4893/4457 3828/4261/3828
f 4608/5048/4608 4119/4554/4119 4205/4640/4205
f 3861/4294/3861 4438/4874/4438 4587/5025/4587
f 4438/4874/4438 3831/4264/3831 3867/4300/3867
f 3698/4131/3698 3696/4129/3696 3687/4120/3687
f 3508/3935/3508 3431/3849/3431 4425/4861/4425
f 4440/4876/4440 3821/4254/3821 4719/5176/4719
f 4723/5180/4723 4719/5176/4719 3785/4218/3785
f 3866/4299/3866 3783/4216/3783 3785/4218/3785
f 3723/4156/3723 3724/4157/3724 3742/4175/3742
f 3779/4212/3779 4724/5181/4724 3778/4211/3778
f 3863/4296/3863 3865/4298/3865 4725/5182/4725
f 4357/4792/4357 4560/4997/4560 4186/4621/4186
f 4726/5183/4726 4727/5184/4727 3803/4236/3803
f 3651/4084/3651 3650/4083/3650 3705/4138/3705
f 4356/4791/4356 4549/4986/4549 4169/4604/4169
f 4477/4913/4477 4512/4949/4512 4362/4797/4362
f 3812/4245/3812 3786/4219/3786 3773/4206/3773
f 3702/4135/3702 3683/4116/3683 3700/4133/3700
f 4728/5185/4728 3803/4236/3803 3802/4235/3802
f 3829/4262/3829 4426/4862/4426 3827/4260/3827
f 4357/4792/4357 4356/4791/4356 4168/4603/4168
f 3784/4217/3784 3783/4216/3783 3801/4234/3801
f 4729/5186/4729 4730/5187/4730 4731/5188/4731
f 4732/5189/4732 4403/4839/4403 4426/4862/4426
f 4733/5190/4733 3088/3482/3088 3087/3481/3087
f 3867/4300/3867 4734/5191/4734 4735/5192/4735
f 3762/4195/3762 3644/4077/3644 3780/4213/3780
f 4404/4840/4404 4734/5191/4734 3867/4300/3867
f 4728/5185/4728 4726/5183/4726 3803/4236/3803
f 4736/5193/4736 3793/4226/3793 3795/4228/3795
f 3784/4217/3784 3801/4234/3801 3803/4236/3803
f 4737/5194/4737 4738/5195/4738 4739/5196/4739
f 4740/5197/4740 4741/5198/4741 4723/5180/4723
f 4434/4870/4434 4522/4959/4522 4388/4824/4388
f 4732/5189/4732 4742/5199/4742 4403/4839/4403
f 4743/5200/4743 4735/5192/4735 4734/5191/4734
f 4728/5185/4728 4587/5025/4587 4744/5201/4744
f 4743/5200/4743 4744/5201/4744 4735/5192/4735
f 3804/4237/3804 4096/4531/4096 4549/4986/4549
f 4745/5202/4745 4723/5180/4723 4741/5198/4741
f 3484/3910/3484 3443/3863/3443 4637/5078/4637
f 3766/4199/3766 3763/4196/3763 3773/4206/3773
f 4552/4989/4552 4028/4463/4028 4627/5067/4627
f 4728/5185/4728 3802/4235/3802 4587/5025/4587
f 3784/4217/3784 3803/4236/3803 4746/5203/4746
f 4337/4772/4337 4028/4463/4028 4329/4764/4329
f 4184/4619/4184 3662/4095/3662 4185/4620/4185
f 3800/4233/3800 4439/4875/4439 3643/4076/3643
f 3952/4385/3952 4308/4743/4308 4020/4453/4020
f 3090/3484/3090 4747/5204/4747 3087/3481/3087
f 4020/4453/4020 4209/4644/4209 4021/4454/4021
f 3799/4232/3799 3786/4219/3786 3812/4245/3812
f 4438/4874/4438 3867/4300/3867 4735/5192/4735
f 3687/4120/3687 3692/4125/3692 3698/4131/3698
f 4748/5205/4748 4749/5206/4749 4750/5207/4750
f 4740/5197/4740 3784/4217/3784 4731/5188/4731
f 4751/5208/4751 4742/5199/4742 4732/5189/4732
f 4752/5209/4752 4753/5210/4753 3796/4229/3796
f 4754/5211/4754 4755/5212/4755 4756/5213/4756
f 4742/5199/4742 4757/5214/4757 4734/5191/4734
f 3118/3512/3118 4758/5215/4758 4759/5216/4759
f 4760/5217/4760 4728/5185/4728 4744/5201/4744
f 4744/5201/4744 4743/5200/4743 4761/5218/4761
f 4762/5219/4762 4736/5193/4736 3795/4228/3795
f 4209/4644/4209 3806/4239/3806 4021/4454/4021
f 4763/5220/4763 4456/4892/4456 4400/4836/4400
f 4764/5221/4764 4745/5202/4745 4741/5198/4741
f 4608/5048/4608 4632/5072/4632 4054/4489/4054
f 4168/4603/4168 4560/4997/4560 4357/4792/4357
f 4765/5222/4765 4749/5206/4749 4748/5205/4748
f 4731/5188/4731 3784/4217/3784 4746/5203/4746
f 3828/4261/3828 4088/4523/4088 4063/4498/4063
f 4740/5197/4740 4731/5188/4731 4764/5221/4764
f 4751/5208/4751 4757/5214/4757 4742/5199/4742
f 3681/4114/3681 4610/5050/4610 3679/4112/3679
f 4766/5223/4766 4736/5193/4736 4767/5224/4767
f 4768/5225/4768 4756/5213/4756 4755/5212/4755
f 4761/5218/4761 4734/5191/4734 4757/5214/4757
f 4755/5212/4755 4769/5226/4769 4770/5227/4770
f 4730/5187/4730 4745/5202/4745 4764/5221/4764
f 4771/5228/4771 4772/5229/4772 4773/5230/4773
f 4763/5220/4763 4755/5212/4755 4754/5211/4754
f 3832/4265/3832 3818/4251/3818 3772/4205/3772
f 4571/5008/4571 4774/5231/4774 4775/5232/4775
f 4776/5233/4776 4772/5229/4772 4777/5234/4777
f 3674/4107/3674 3692/4125/3692 3693/4126/3693
f 3648/4081/3648 3779/4212/3779 3646/4079/3646
f 4205/4640/4205 4560/4997/4560 4203/4638/4203
f 4778/5235/4778 4746/5203/4746 4779/5236/4779
f 3689/4122/3689 3675/4108/3675 3687/4120/3687
f 4764/5221/4764 4731/5188/4731 4730/5187/4730
f 4768/5225/4768 4757/5214/4757 4751/5208/4751
f 4780/5237/4780 4739/5196/4739 3825/4258/3825
f 4754/5211/4754 4756/5213/4756 3829/4262/3829
f 4168/4603/4168 4356/4791/4356 4169/4604/4169
f 4208/4643/4208 4169/4604/4169 4549/4986/4549
f 4208/4643/4208 4549/4986/4549 4096/4531/4096
f 4761/5218/4761 4757/5214/4757 3859/4292/3859
f 4772/5229/4772 3858/4291/3858 4777/5234/4777
f 4770/5227/4770 4768/5225/4768 4755/5212/4755
f 4781/5238/4781 4720/5177/4720 4782/5239/4782
f 4738/5195/4738 4783/5240/4783 4784/5241/4784
f 4777/5234/4777 4785/5242/4785 4786/5243/4786
f 3815/4248/3815 4787/5244/4787 4400/4836/4400
f 4779/5236/4779 4773/5230/4773 4778/5235/4778
f 3704/4137/3704 3719/4152/3719 3649/4082/3649
f 3786/4219/3786 3799/4232/3799 3775/4208/3775
f 4788/5245/4788 4789/5246/4789 4752/5209/4752
f 4599/5038/4599 4603/5043/4603 4790/5247/4790
f 3659/4092/3659 3661/4094/3661 3674/4107/3674
f 4772/5229/4772 4776/5233/4776 4773/5230/4773
f 4791/5248/4791 4792/5249/4792 4793/5250/4793
f 4552/4989/4552 4026/4461/4026 4028/4463/4028
f 4777/5234/4777 4786/5243/4786 4776/5233/4776
f 4329/4764/4329 4028/4463/4028 4027/4462/4027
f 3823/4256/3823 3792/4225/3792 3811/4244/3811
f 4551/4988/4551 4630/5070/4630 4552/4989/4552
f 4770/5227/4770 4765/5222/4765 4768/5225/4768
f 4551/4988/4551 4184/4619/4184 4183/4618/4183
f 3859/4292/3859 3858/4291/3858 4761/5218/4761
f 4100/4535/4100 4794/5251/4794 4446/4882/4446
f 4795/5252/4795 4718/5175/4718 4717/5174/4717
f 4785/5242/4785 4777/5234/4777 3858/4291/3858
f 4785/5242/4785 4793/5250/4793 4786/5243/4786
f 4787/5244/4787 4796/5253/4796 4769/5226/4769
f 4797/5254/4797 4769/5226/4769 4796/5253/4796
f 4796/5253/4796 4787/5244/4787 3815/4248/3815
f 4567/5004/4567 4798/5255/4798 3814/4247/3814
f 4799/5256/4799 4730/5187/4730 4800/5257/4800
f 3813/4246/3813 4439/4875/4439 3799/4232/3799
f 3731/4164/3731 3726/4159/3726 3729/4162/3729
f 3666/4099/3666 4185/4620/4185 3662/4095/3662
f 4776/5233/4776 4786/5243/4786 4801/5258/4801
f 4784/5241/4784 4802/5259/4802 4803/5260/4803
f 4804/5261/4804 4729/5186/4729 4805/5262/4805
f 3658/4091/3658 3684/4117/3684 3672/4105/3672
f 4020/4453/4020 4308/4743/4308 4229/4664/4229
f 4723/5180/4723 4440/4876/4440 4719/5176/4719
f 4762/5219/4762 3795/4228/3795 4806/5263/4806
f 4800/5257/4800 4730/5187/4730 4729/5186/4729
f 4800/5257/4800 4807/5264/4807 4747/5204/4747
f 4728/5185/4728 4772/5229/4772 4771/5228/4771
f 4768/5225/4768 4765/5222/4765 3860/4293/3860
f 4608/5048/4608 4609/5049/4609 4632/5072/4632
f 3814/4247/3814 4798/5255/4798 3815/4248/3815
f 4727/5184/4727 4779/5236/4779 4746/5203/4746
f 4797/5254/4797 4750/5207/4750 4749/5206/4749
f 3688/4121/3688 3677/4110/3677 3659/4092/3659
f 4054/4489/4054 4632/5072/4632 4055/4490/4055
f 3831/4264/3831 3817/4250/3817 3818/4251/3818
f 4778/5235/4778 4808/5265/4808 4809/5266/4809
f 3742/4175/3742 3745/4178/3745 3751/4184/3751
f 4169/4604/4169 4208/4643/4208 4600/5040/4600
f 4789/5246/4789 4788/5245/4788 4805/5262/4805
f 3749/4182/3749 3764/4197/3764 3763/4196/3763
f 4552/4989/4552 4630/5070/4630 4026/4461/4026
f 4810/5267/4810 4807/5264/4807 4800/5257/4800
f 4805/5262/4805 4788/5245/4788 4804/5261/4804
f 4760/5217/4760 4744/5201/4744 4761/5218/4761
f 3765/4198/3765 3812/4245/3812 3773/4206/3773
f 4551/4988/4551 4518/4955/4518 4630/5070/4630
f 4810/5267/4810 4729/5186/4729 4804/5261/4804
f 4729/5186/4729 4810/5267/4810 4800/5257/4800
f 4518/4955/4518 4551/4988/4551 4183/4618/4183
f 4766/5223/4766 3259/3670/3259 3139/3533/3139
f 4209/4644/4209 4229/4664/4229 4523/4960/4523
f 3794/4227/3794 4811/5268/4811 4806/5263/4806
f 3780/4213/3780 3644/4077/3644 3792/4225/3792
f 3688/4121/3688 3675/4108/3675 3677/4110/3677
f 4801/5258/4801 4793/5250/4793 4792/5249/4792
f 4105/4540/4105 4603/5043/4603 4677/5126/4677
f 3858/4291/3858 3860/4293/3860 4725/5182/4725
f 4632/5072/4632 4150/4585/4150 4055/4490/4055
f 4683/5132/4683 4097/4532/4097 4684/5133/4684
f 3697/4130/3697 3691/4124/3691 3702/4135/3702
f 4812/5269/4812 3168/3572/3168 4638/5079/4638
f 4793/5250/4793 4801/5258/4801 4786/5243/4786
f 4168/4603/4168 4170/4605/4170 4203/4638/4203
f 4813/5270/4813 3259/3670/3259 4766/5223/4766
f 4203/4638/4203 4652/5096/4652 4204/4639/4204
f 3801/4234/3801 3819/4252/3819 3802/4235/3802
f 4159/4594/4159 4510/4947/4510 4545/4982/4545
f 4771/5228/4771 4773/5230/4773 4779/5236/4779
f 4740/5197/4740 4723/5180/4723 3785/4218/3785
f 4564/5001/4564 4208/4643/4208 4209/4644/4209
f 4631/5071/4631 4026/4461/4026 4630/5070/4630
f 4775/5232/4775 4717/5174/4717 4814/5271/4814
f 4630/5070/4630 4518/4955/4518 4517/4954/4517
f 4641/5082/4641 4815/5272/4815 4567/5004/4567
f 3761/4194/3761 3774/4207/3774 3775/4208/3775
f 3739/4172/3739 3741/4174/3741 3730/4163/3730
f 4457/4893/4457 4456/4892/4456 4763/5220/4763
f 3787/4220/3787 3776/4209/3776 3788/4221/3788
f 3690/4123/3690 3683/4116/3683 3702/4135/3702
f 4791/5248/4791 3865/4298/3865 4816/5273/4816
f 4404/4840/4404 4742/5199/4742 4734/5191/4734
f 3815/4248/3815 4798/5255/4798 4817/5274/4817
f 3744/4177/3744 3743/4176/3743 3733/4166/3733
f 4798/5255/4798 4815/5272/4815 4818/5275/4818
f 4183/4618/4183 3653/4086/3653 4518/4955/4518
f 4800/5257/4800 4747/5204/4747 4819/5276/4819
f 3750/4183/3750 3774/4207/3774 3747/4180/3747
f 3653/4086/3653 4183/4618/4183 3666/4099/3666
f 4783/5240/4783 4820/5277/4820 4784/5241/4784
f 4610/5050/4610 3673/4106/3673 3679/4112/3679
f 4229/4664/4229 4307/4742/4307 4598/5037/4598
f 4104/4539/4104 4609/5049/4609 4204/4639/4204
f 4203/4638/4203 4170/4605/4170 4012/4445/4012
f 4809/5266/4809 4808/5265/4808 4801/5258/4801
f 3705/4138/3705 3689/4122/3689 3696/4129/3696
f 4652/5096/4652 4790/5247/4790 4204/4639/4204
f 4810/5267/4810 4804/5261/4804 4788/5245/4788
f 3775/4208/3775 3800/4233/3800 3768/4201/3768
f 4600/5040/4600 4141/4576/4141 4013/4446/4013
f 4366/4801/4366 4532/4969/4532 4364/4799/4364
f 4600/5040/4600 4564/5001/4564 4563/5000/4563
f 4564/5001/4564 4209/4644/4209 4098/4533/4098
f 3794/4227/3794 4821/5278/4821 4759/5216/4759
f 4822/5279/4822 4823/5280/4823 4824/5281/4824
f 4421/4857/4421 4501/4938/4501 4116/4551/4116
f 3863/4296/3863 3860/4293/3860 4825/5282/4825
f 3815/4248/3815 4817/5274/4817 4797/5254/4797
f 4087/4522/4087 4026/4461/4026 4631/5071/4631
f 4518/4955/4518 3653/4086/3653 4158/4593/4158
f 3797/4230/3797 4792/5249/4792 4791/5248/4791
f 4469/4905/4469 4160/4595/4160 4159/4594/4159
f 4799/5256/4799 4745/5202/4745 4730/5187/4730
f 4204/4639/4204 4790/5247/4790 4104/4539/4104
f 4773/5230/4773 4776/5233/4776 4808/5265/4808
f 4826/5283/4826 4750/5207/4750 4716/5173/4716
f 3709/4142/3709 3708/4141/3708 3714/4147/3714
f 4789/5246/4789 4809/5266/4809 4752/5209/4752
f 3702/4135/3702 3691/4124/3691 3690/4123/3690
f 4104/4539/4104 4103/4538/4103 4150/4585/4150
f 4785/5242/4785 3858/4291/3858 4725/5182/4725
f 3812/4245/3812 3820/4253/3820 3813/4246/3813
f 4149/4584/4149 4150/4585/4150 4655/5099/4655
f 4762/5219/4762 4827/5284/4827 4736/5193/4736
f 4790/5247/4790 4652/5096/4652 4599/5038/4599
f 4818/5275/4818 4817/5274/4817 4798/5255/4798
f 4141/4576/4141 4600/5040/4600 4563/5000/4563
f 4828/5285/4828 4784/5241/4784 4829/5286/4829
f 4143/4578/4143 4013/4446/4013 4141/4576/4141
f 4784/5241/4784 4803/5260/4803 4829/5286/4829
f 4683/5132/4683 3484/3910/3484 4217/4652/4217
f 4571/5008/4571 4775/5232/4775 4572/5009/4572
f 4818/5275/4818 4814/5271/4814 4817/5274/4817
f 4080/4515/4080 4474/4910/4474 4344/4779/4344
f 4061/4496/4061 4063/4498/4063 4088/4523/4088
f 4631/5071/4631 3890/4323/3890 4087/4522/4087
f 4830/5287/4830 3787/4220/3787 3807/4240/3807
f 4631/5071/4631 4517/4954/4517 3891/4324/3891
f 4814/5271/4814 4815/5272/4815 4831/5288/4831
f 3860/4293/3860 4757/5214/4757 4768/5225/4768
f 4739/5196/4739 4780/5237/4780 4747/5204/4747
f 3864/4297/3864 4748/5205/4748 4826/5283/4826
f 3662/4095/3662 3684/4117/3684 3666/4099/3666
f 4826/5283/4826 4716/5173/4716 4722/5179/4722
f 4820/5277/4820 4832/5289/4832 4802/5259/4802
f 4739/5196/4739 4747/5204/4747 4807/5264/4807
f 4752/5209/4752 4809/5266/4809 4753/5210/4753
f 3680/4113/3680 3682/4115/3682 3703/4136/3703
f 4826/5283/4826 4748/5205/4748 4750/5207/4750
f 4739/5196/4739 4807/5264/4807 4833/5290/4833
f 4598/5037/4598 3984/4417/3984 3986/4419/3986
f 4104/4539/4104 4790/5247/4790 4105/4540/4105
f 3684/4117/3684 3662/4095/3662 3685/4118/3685
f 4150/4585/4150 4103/4538/4103 4656/5100/4656
f 4726/5183/4726 4771/5228/4771 4779/5236/4779
f 4441/4877/4441 3865/4298/3865 3864/4297/3864
f 4604/5044/4604 4599/5038/4599 4012/4445/4012
f 4725/5182/4725 4791/5248/4791 4793/5250/4793
f 4834/5291/4834 4641/5082/4641 4572/5009/4572
f 4835/5292/4835 4815/5272/4815 4641/5082/4641
f 4760/5217/4760 3858/4291/3858 4772/5229/4772
f 4817/5274/4817 4814/5271/4814 4717/5174/4717
f 4012/4445/4012 4014/4447/4014 4604/5044/4604
f 3868/4301/3868 4404/4840/4404 3867/4300/3867
f 4775/5232/4775 4814/5271/4814 4831/5288/4831
f 4826/5283/4826 4836/5293/4836 3864/4297/3864
f 4837/5294/4837 4823/5280/4823 4822/5279/4822
f 4808/5265/4808 4776/5233/4776 4801/5258/4801
f 4640/5081/4640 4013/4446/4013 4143/4578/4143
f 4826/5283/4826 4722/5179/4722 4836/5293/4836
f 3813/4246/3813 3811/4244/3811 3643/4076/3643
f 3824/4257/3824 4719/5176/4719 3821/4254/3821
f 3087/3481/3087 4747/5204/4747 4733/5190/4733
f 4098/4533/4098 4142/4577/4142 4563/5000/4563
f 3891/4324/3891 3890/4323/3890 4631/5071/4631
f 4765/5222/4765 4770/5227/4770 4749/5206/4749
f 4747/5204/4747 4780/5237/4780 4733/5190/4733
f 4087/4522/4087 3890/4323/3890 4126/4561/4126
f 4727/5184/4727 4726/5183/4726 4779/5236/4779
f 4838/5295/4838 4827/5284/4827 4832/5289/4832
f 3867/4300/3867 3830/4263/3830 3868/4301/3868
f 3891/4324/3891 4517/4954/4517 4455/4891/4455
f 4788/5245/4788 4737/5194/4737 4833/5290/4833
f 4097/4532/4097 4463/4899/4463 4098/4533/4098
f 4737/5194/4737 4739/5196/4739 4833/5290/4833
f 4601/5041/4601 4099/4534/4099 4618/5058/4618
f 4836/5293/4836 4441/4877/4441 3864/4297/3864
f 3860/4293/3860 3863/4296/3863 4725/5182/4725
f 4618/5058/4618 3986/4419/3986 4601/5041/4601
f 4754/5211/4754 3829/4262/3829 4457/4893/4457
f 3697/4130/3697 3709/4142/3709 3717/4150/3717
f 4733/5190/4733 4780/5237/4780 3826/4259/3826
f 4790/5247/4790 4603/5043/4603 4105/4540/4105
f 4344/4779/4344 4467/4903/4467 4420/4856/4420
f 4103/4538/4103 4105/4540/4105 4676/5125/4676
f 4771/5228/4771 4726/5183/4726 4728/5185/4728
f 4839/5296/4839 4655/5099/4655 4656/5100/4656
f 4013/4446/4013 4640/5081/4640 4535/4972/4535
f 4097/4532/4097 4683/5132/4683 4840/5297/4840
f 4752/5209/4752 4783/5240/4783 4737/5194/4737
f 4014/4447/4014 4535/4972/4535 4537/4974/4537
f 4735/5192/4735 4744/5201/4744 4587/5025/4587
f 4834/5291/4834 4775/5232/4775 4835/5292/4835
f 3650/4083/3650 3713/4146/3713 3714/4147/3714
f 3782/4215/3782 3745/4178/3745 3767/4200/3767
f 4841/5298/4841 3140/3535/3140 3131/3525/3131
f 3798/4231/3798 4842/5299/4842 3796/4229/3796
f 4816/5273/4816 3797/4230/3797 4791/5248/4791
f 4718/5175/4718 4795/5252/4795 4837/5294/4837
f 4014/4447/4014 4537/4974/4537 4604/5044/4604
f 4142/4577/4142 4463/4899/4463 4143/4578/4143
f 4741/5198/4741 4740/5197/4740 4764/5221/4764
f 4797/5254/4797 4817/5274/4817 4843/5300/4843
f 4809/5266/4809 4801/5258/4801 4753/5210/4753
f 3688/4121/3688 3674/4107/3674 3693/4126/3693
f 3828/4261/3828 4457/4893/4457 3829/4262/3829
f 3130/3524/3130 4759/5216/4759 4821/5278/4821
f 4731/5188/4731 4746/5203/4746 4729/5186/4729
f 4829/5286/4829 3648/4081/3648 4828/5285/4828
f 4536/4973/4536 4535/4972/4535 4844/5301/4844
f 4522/4959/4522 4640/5081/4640 4143/4578/4143
f 4805/5262/4805 4778/5235/4778 4809/5266/4809
f 4718/5175/4718 4782/5239/4782 4720/5177/4720
f 3698/4131/3698 3651/4084/3651 3696/4129/3696
f 4189/4624/4189 4373/4809/4373 4187/4622/4187
f 4735/5192/4735 4587/5025/4587 4438/4874/4438
f 4425/4861/4425 3986/4419/3986 3985/4418/3985
f 4782/5239/4782 4718/5175/4718 4837/5294/4837
f 4811/5268/4811 3778/4211/3778 4806/5263/4806
f 3826/4259/3826 3088/3482/3088 4733/5190/4733
f 3776/4209/3776 3733/4166/3733 3751/4184/3751
f 4845/5302/4845 4799/5256/4799 4819/5276/4819
f 4684/5133/4684 4099/4534/4099 4601/5041/4601
f 3719/4152/3719 3707/4140/3707 3711/4144/3711
f 4840/5297/4840 4463/4899/4463 4097/4532/4097
f 4678/5127/4678 4839/5296/4839 4656/5100/4656
f 4573/5011/4573 3124/3518/3124 4774/5231/4774
f 3647/4080/3647 3825/4258/3825 3648/4081/3648
f 4783/5240/4783 4738/5195/4738 4737/5194/4737
f 4734/5191/4734 4761/5218/4761 4743/5200/4743
f 4822/5279/4822 4781/5238/4781 4782/5239/4782
f 3774/4207/3774 3750/4183/3750 3766/4199/3766
f 4437/4873/4437 4504/4941/4504 4494/4931/4494
f 4738/5195/4738 4828/5285/4828 3825/4258/3825
f 4805/5262/4805 4809/5266/4809 4789/5246/4789
f 3753/4186/3753 3748/4181/3748 3761/4194/3761
f 4820/5277/4820 4842/5299/4842 3798/4231/3798
f 4837/5294/4837 4822/5279/4822 4782/5239/4782
f 4761/5218/4761 3858/4291/3858 4760/5217/4760
f 4834/5291/4834 4835/5292/4835 4641/5082/4641
f 4748/5205/4748 4825/5282/4825 4765/5222/4765
f 4640/5081/4640 4447/4883/4447 4535/4972/4535
f 4721/5178/4721 4838/5295/4838 4441/4877/4441
f 4751/5208/4751 4732/5189/4732 3829/4262/3829
f 4806/5263/4806 3795/4228/3795 3794/4227/3794
f 4604/5044/4604 4537/4974/4537 4101/4536/4101
f 3825/4258/3825 4828/5285/4828 3648/4081/3648
f 4819/5276/4819 4799/5256/4799 4800/5257/4800
f 4716/5173/4716 4718/5175/4718 4722/5179/4722
f 3742/4175/3742 3744/4177/3744 3723/4156/3723
f 4445/4881/4445 4434/4870/4434 4433/4869/4433
f 4831/5288/4831 4815/5272/4815 4835/5292/4835
f 4760/5217/4760 4772/5229/4772 4728/5185/4728
f 3088/3482/3088 3826/4259/3826 3096/3490/3096
f 3740/4173/3740 3749/4182/3749 3750/4183/3750
f 4819/5276/4819 3090/3484/3090 4845/5302/4845
f 4522/4959/4522 4143/4578/4143 4216/4651/4216
f 4816/5273/4816 3865/4298/3865 3797/4230/3797
f 3733/4166/3733 3732/4165/3732 3744/4177/3744
f 4846/5303/4846 4820/5277/4820 3798/4231/3798
f 3724/4157/3724 3722/4155/3722 3737/4170/3737
f 4783/5240/4783 4842/5299/4842 4820/5277/4820
f 4756/5213/4756 4751/5208/4751 3829/4262/3829
f 4718/5175/4718 4720/5177/4720 4722/5179/4722
f 3825/4258/3825 4739/5196/4739 4738/5195/4738
f 4654/5098/4654 3889/4322/3889 3891/4324/3891
f 4573/5011/4573 4774/5231/4774 4571/5008/4571
f 4737/5194/4737 4788/5245/4788 4752/5209/4752
f 3779/4212/3779 4829/5286/4829 4724/5181/4724
f 3647/4080/3647 3096/3490/3096 3826/4259/3826
f 4843/5300/4843 4717/5174/4717 4716/5173/4716
f 3658/4091/3658 3666/4099/3666 3684/4117/3684
f 4757/5214/4757 3860/4293/3860 3859/4292/3859
f 3792/4225/3792 3823/4256/3823 3822/4255/3822
f 4838/5295/4838 4832/5289/4832 4846/5303/4846
f 3702/4135/3702 3701/4134/3701 3709/4142/3709
f 4769/5226/4769 4755/5212/4755 4787/5244/4787
f 4815/5272/4815 4798/5255/4798 4567/5004/4567
f 3745/4178/3745 3782/4215/3782 3751/4184/3751
f 4827/5284/4827 4824/5281/4824 4767/5224/4767
f 3890/4323/3890 3889/4322/3889 4125/4560/4125
f 4732/5189/4732 4426/4862/4426 3829/4262/3829
f 4780/5237/4780 3825/4258/3825 3826/4259/3826
f 4441/4877/4441 4838/5295/4838 4846/5303/4846
f 4821/5278/4821 4841/5298/4841 3131/3525/3131
f 4126/4561/4126 4125/4560/4125 4312/4747/4312
f 4457/4893/4457 4763/5220/4763 4754/5211/4754
f 4766/5223/4766 4767/5224/4767 4813/5270/4813
f 4827/5284/4827 4838/5295/4838 4781/5238/4781
f 4824/5281/4824 4781/5238/4781 4822/5279/4822
f 3699/4132/3699 3695/4128/3695 3707/4140/3707
f 3800/4233/3800 3799/4232/3799 4439/4875/4439
f 3779/4212/3779 3648/4081/3648 4829/5286/4829
f 4721/5178/4721 4836/5293/4836 4722/5179/4722
f 4211/4646/4211 4222/4657/4222 3652/4085/3652
f 4820/5277/4820 4802/5259/4802 4784/5241/4784
f 4769/5226/4769 4749/5206/4749 4770/5227/4770
f 3133/3527/3133 4758/5215/4758 3117/3511/3117
f 4823/5280/4823 4774/5231/4774 3124/3518/3124
f 3727/4160/3727 3726/4159/3726 3731/4164/3731
f 3985/4418/3985 3508/3935/3508 4425/4861/4425
f 4823/5280/4823 4837/5294/4837 4774/5231/4774
f 4827/5284/4827 4767/5224/4767 4736/5193/4736
f 4813/5270/4813 4824/5281/4824 4823/5280/4823
f 4755/5212/4755 4763/5220/4763 4787/5244/4787
f 3133/3527/3133 3108/3502/3108 4758/5215/4758
f 3690/4123/3690 3691/4124/3691 3672/4105/3672
f 4792/5249/4792 4753/5210/4753 4801/5258/4801
f 4684/5133/4684 4601/5041/4601 3430/3848/3430
f 4753/5210/4753 3797/4230/3797 3796/4229/3796
f 4765/5222/4765 4825/5282/4825 3860/4293/3860
f 4758/5215/4758 3647/4080/3647 3646/4079/3646
f 3822/4255/3822 4830/5287/4830 3807/4240/3807
f 4404/4840/4404 4403/4839/4403 4742/5199/4742
f 3792/4225/3792 3822/4255/3822 3807/4240/3807
f 3820/4253/3820 3823/4256/3823 3811/4244/3811
f 3108/3502/3108 3647/4080/3647 4758/5215/4758
f 3118/3512/3118 4759/5216/4759 3130/3524/3130
f 3108/3502/3108 3096/3490/3096 3647/4080/3647
f 4847/5304/4847 4811/5268/4811 4759/5216/4759
f 3784/4217/3784 4740/5197/4740 3785/4218/3785
f 4434/4870/4434 4445/4881/4445 4447/4883/4447
f 4216/4651/4216 4463/4899/4463 4840/5297/4840
f 4721/5178/4721 4781/5238/4781 4838/5295/4838
f 4747/5204/4747 3090/3484/3090 4819/5276/4819
f 4678/5127/4678 4677/5126/4677 4603/5043/4603
f 4678/5127/4678 4676/5125/4676 4677/5126/4677
f 4829/5286/4829 4803/5260/4803 4724/5181/4724
f 3866/4299/3866 3801/4234/3801 3783/4216/3783
f 3659/4092/3659 3677/4110/3677 3660/4093/3660
f 3815/4248/3815 4797/5254/4797 4796/5253/4796
f 4839/5296/4839 4678/5127/4678 4635/5076/4635
f 4843/5300/4843 4817/5274/4817 4717/5174/4717
f 3751/4184/3751 3782/4215/3782 3776/4209/3776
f 4064/4499/4064 3994/4427/3994 4643/5084/4643
f 4535/4972/4535 4447/4883/4447 4844/5301/4844
f 4828/5285/4828 4738/5195/4738 4784/5241/4784
f 3748/4181/3748 3727/4160/3727 3757/4190/3757
f 4752/5209/4752 3796/4229/3796 4842/5299/4842
f 4536/4973/4536 4794/5251/4794 4537/4974/4537
f 4650/5094/4650 4604/5044/4604 4101/4536/4101
f 4808/5265/4808 4778/5235/4778 4773/5230/4773
f 3767/4200/3767 3762/4195/3762 3781/4214/3781
f 4807/5264/4807 4810/5267/4810 4833/5290/4833
f 4355/4790/4355 4374/4810/4374 4373/4809/4373
f 4725/5182/4725 4793/5250/4793 4785/5242/4785
f 4736/5193/4736 4766/5223/4766 3793/4226/3793
f 3131/3525/3131 3130/3524/3130 4821/5278/4821
f 4827/5284/4827 4802/5259/4802 4832/5289/4832
f 3831/4264/3831 3818/4251/3818 3832/4265/3832
f 4766/5223/4766 3139/3533/3139 3793/4226/3793
f 4537/4974/4537 4100/4535/4100 4101/4536/4101
f 4762/5219/4762 4803/5260/4803 4802/5259/4802
f 4848/5305/4848 4445/4881/4445 4544/4981/4544
f 4783/5240/4783 4752/5209/4752 4842/5299/4842
f 4654/5098/4654 4565/5002/4565 3889/4322/3889
f 3687/4120/3687 3688/4121/3688 3693/4126/3693
f 4222/4657/4222 4645/5086/4645 4480/4916/4480
f 4211/4646/4211 4220/4655/4220 4222/4657/4222
f 3736/4169/3736 3725/4158/3725 3721/4154/3721
f 4211/4646/4211 3652/4085/3652 3654/4087/3654
f 4684/5133/4684 3430/3848/3430 3424/3842/3424
f 3484/3910/3484 4683/5132/4683 3424/3842/3424
f 3793/4226/3793 3140/3535/3140 4841/5298/4841
f 4837/5294/4837 4775/5232/4775 4774/5231/4774
f 4813/5270/4813 3124/3518/3124 3259/3670/3259
f 4775/5232/4775 4831/5288/4831 4835/5292/4835
f 3798/4231/3798 4441/4877/4441 4846/5303/4846
f 4749/5206/4749 4769/5226/4769 4797/5254/4797
f 4827/5284/4827 4781/5238/4781 4824/5281/4824
f 4746/5203/4746 3803/4236/3803 4727/5184/4727
f 3646/4079/3646 4847/5304/4847 4758/5215/4758
f 4721/5178/4721 4441/4877/4441 4836/5293/4836
f 3793/4226/3793 3139/3533/3139 3140/3535/3140
f 4818/5275/4818 4815/5272/4815 4814/5271/4814
f 4806/5263/4806 3778/4211/3778 4724/5181/4724
f 3774/4207/3774 3757/4190/3757 3747/4180/3747
f 3793/4226/3793 4841/5298/4841 3794/4227/3794
f 4763/5220/4763 4400/4836/4400 4787/5244/4787
f 3768/4201/3768 3643/4076/3643 3645/4078/3645
f 4811/5268/4811 3794/4227/3794 4759/5216/4759
f 3778/4211/3778 4847/5304/4847 3646/4079/3646
f 4810/5267/4810 4788/5245/4788 4833/5290/4833
f 4721/5178/4721 4720/5177/4720 4781/5238/4781
f 4683/5132/4683 4217/4652/4217 4840/5297/4840
f 4821/5278/4821 3794/4227/3794 4841/5298/4841
f 4823/5280/4823 3124/3518/3124 4813/5270/4813
f 4723/5180/4723 4745/5202/4745 4440/4876/4440
f 3670/4103/3670 3685/4118/3685 3662/4095/3662
f 4840/5297/4840 4217/4652/4217 4216/4651/4216
f 4716/5173/4716 4750/5207/4750 4843/5300/4843
f 4825/5282/4825 4748/5205/4748 3864/4297/3864
f 3702/4135/3702 3709/4142/3709 3697/4130/3697
f 4729/5186/4729 4778/5235/4778 4805/5262/4805
f 4758/5215/4758 3118/3512/3118 3117/3511/3117
f 4678/5127/4678 4603/5043/4603 4650/5094/4650
f 3717/4150/3717 3709/4142/3709 3714/4147/3714
f 3820/4253/3820 3811/4244/3811 3813/4246/3813
f 3864/4297/3864 3863/4296/3863 4825/5282/4825
f 4767/5224/4767 4824/5281/4824 4813/5270/4813
f 4849/5306/4849 4839/5296/4839 4635/5076/4635
f 4827/5284/4827 4762/5219/4762 4802/5259/4802
f 3797/4230/3797 3865/4298/3865 3798/4231/3798
f 4797/5254/4797 4843/5300/4843 4750/5207/4750
f 3782/4215/3782 3788/4221/3788 3776/4209/3776
f 3672/4105/3672 3682/4115/3682 3673/4106/3673
f 3865/4298/3865 4791/5248/4791 4725/5182/4725
f 4844/5301/4844 4447/4883/4447 4446/4882/4446
f 4759/5216/4759 4758/5215/4758 4847/5304/4847
f 4536/4973/4536 4446/4882/4446 4794/5251/4794
f 3682/4115/3682 3694/4127/3694 3703/4136/3703
f 4806/5263/4806 4724/5181/4724 4803/5260/4803
f 4846/5303/4846 4832/5289/4832 4820/5277/4820
f 3719/4152/3719 3704/4137/3704 3707/4140/3707
f 4850/5307/4850 4189/4624/4189 4188/4623/4188
f 3719/4152/3719 3713/4146/3713 3649/4082/3649
f 4650/5094/4650 4603/5043/4603 4604/5044/4604
f 3797/4230/3797 4753/5210/4753 4792/5249/4792
f 4729/5186/4729 4746/5203/4746 4778/5235/4778
f 4806/5263/4806 4803/5260/4803 4762/5219/4762
f 4565/5002/4565 4504/4941/4504 3889/4322/3889
f 3678/4111/3678 3701/4134/3701 3700/4133/3700
f 4717/5174/4717 4775/5232/4775 4795/5252/4795
f 3815/4248/3815 4400/4836/4400 3816/4249/3816
f 4756/5213/4756 4768/5225/4768 4751/5208/4751
f 4480/4916/4480 4565/5002/4565 4654/5098/4654
f 4645/5086/4645 4529/4966/4529 4480/4916/4480
f 4775/5232/4775 4837/5294/4837 4795/5252/4795
f 4847/5304/4847 3778/4211/3778 4811/5268/4811
f 3706/4139/3706 3717/4150/3717 3715/4148/3715
f 4572/5009/4572 4775/5232/4775 4834/5291/4834
f 4220/4655/4220 4211/4646/4211 4210/4645/4210
f 4445/4881/4445 4433/4869/4433 4544/4981/4544
f 3027/3414/3027 3355/3770/3355 3354/3769/3354
f 4649/5093/4649 4678/5127/4678 4650/5094/4650
f 3354/3769/3354 3145/3542/3145 4851/5308/4851
f 4852/5309/4852 4853/5310/4853 4854/5311/4854
f 3123/3517/3123 3355/3770/3355 2992/3377/2992
f 4635/5076/4635 4129/4564/4129 4849/5306/4849
f 3245/3655/3245 4855/5312/4855 3154/3553/3154
f 3206/3612/3206 3445/3865/3445 3154/3553/3154
f 3634/4065/3634 1170/4064/1170 3446/3866/3446
f 4856/5313/4856 4467/4903/4467 4857/5314/4857
f 1185/3478/1185 3446/3866/3446 1181/5315/1181
f 4855/5312/4855 3245/3655/3245 3462/3885/3462
f 4858/5316/4858 4839/5296/4839 4849/5306/4849
f 4635/5076/4635 4649/5093/4649 4636/5077/4636
f 2976/3361/2976 3313/3728/3313 3635/4067/3635
f 2969/3354/2969 3313/3728/3313 2976/3361/2976
f 3309/3724/3309 3409/3827/3409 4859/5317/4859
f 3355/3770/3355 3027/3414/3027 2992/3377/2992
f 4860/5318/4860 3409/3827/3409 2991/3376/2991
f 4687/5136/4687 4861/5319/4861 4686/5135/4686
f 4862/5320/4862 2883/5321/2883 2882/5322/2882
f 4101/4536/4101 4863/5323/4863 4649/5093/4649
f 3257/3668/3257 3256/3667/3256 4864/5324/4864
f 4579/5017/4579 4865/5325/4865 4621/5061/4621
f 4864/5324/4864 3634/4065/3634 3446/3866/3446
f 4863/5323/4863 4101/4536/4101 3997/4430/3997
f 9/3457/9 3839/4272/3839 4690/5139/4690
f 3635/4067/3635 4859/5317/4859 4866/5326/4866
f 3409/3827/3409 4860/5318/4860 4859/5317/4859
f 4851/5308/4851 4862/5320/4862 4867/5327/4867
f 4868/5328/4868 2986/3371/2986 4851/5308/4851
f 4866/5326/4866 4860/5318/4860 2991/3376/2991
f 4217/4652/4217 4476/4912/4476 4215/4650/4215
f 3835/4268/3835 3068/3461/3068 3102/3496/3102
f 4318/4753/4318 4312/4747/4312 4437/4873/4437
f 4529/4966/4529 4645/5086/4645 4221/4656/4221
f 4480/4916/4480 4529/4966/4529 4475/4911/4475
f 4109/4544/4109 4374/4810/4374 4355/4790/4355
f 3206/3612/3206 4855/5312/4855 3207/3613/3207
f 4210/4645/4210 4528/4965/4528 4220/4655/4220
f 4713/5167/4713 3634/4065/3634 4864/5324/4864
f 4869/5329/4869 4870/5330/4870 4871/5331/4871
f 4470/4906/4470 4639/5080/4639 4160/4595/4160
f 4210/4645/4210 3654/4087/3654 4528/4965/4528
f 4612/5052/4612 4129/4564/4129 4635/5076/4635
f 4649/5093/4649 4863/5323/4863 4636/5077/4636
f 4859/5317/4859 4860/5318/4860 4866/5326/4866
f 4445/4881/4445 4848/5305/4848 4446/4882/4446
f 2991/3376/2991 2976/3361/2976 4866/5326/4866
f 4868/5328/4868 4851/5308/4851 4867/5327/4867
f 4872/5332/4872 4867/5327/4867 4862/5320/4862
f 4446/4882/4446 4398/4834/4398 4100/4535/4100
f 3419/3837/3419 3418/3836/3418 3895/4328/3895
f 2863/5333/2863 4872/5332/4872 2882/5322/2882
f 2992/3377/2992 2991/3376/2991 3123/3517/3123
f 4873/5334/4873 3634/4065/3634 4713/5167/4713
f 4852/5309/4852 3569/3997/3569 4874/5335/4874
f 3996/4429/3996 4863/5323/4863 3997/4430/3997
f 4100/4535/4100 4398/4834/4398 4628/5068/4628
f 3098/3492/3098 3099/3493/3099 3093/3487/3093
f 4565/5002/4565 4474/4910/4474 4494/4931/4494
f 4875/5336/4875 4868/5328/4868 4867/5327/4867
f 2571/5337/2571 4867/5327/4867 4872/5332/4872
f 2987/3372/2987 4868/5328/4868 4875/5336/4875
f 4475/4911/4475 4474/4910/4474 4565/5002/4565
f 4529/4966/4529 4221/4656/4221 4514/4951/4514
f 4345/4780/4345 4475/4911/4475 4529/4966/4529
f 4515/4952/4515 4514/4951/4514 4221/4656/4221
f 4876/5338/4876 4140/4575/4140 4877/5339/4877
f 4872/5332/4872 2863/5333/2863 2571/5337/2571
f 3094/3488/3094 3093/3487/3093 4878/5340/4878
f 4879/5341/4879 3628/4057/3628 4880/5342/4880
f 4881/5343/4881 4882/5344/4882 4883/5345/4883
f 3634/4065/3634 4884/5346/4884 272/4066/272
f 4528/4965/4528 3654/4087/3654 3673/4106/3673
f 3878/4311/3878 3880/4313/3880 4646/5087/4646
f 274/5347/274 1170/4064/1170 272/4066/272
f 4130/4565/4130 4129/4564/4129 4612/5052/4612
f 4612/5052/4612 4636/5077/4636 3996/4429/3996
f 3628/4057/3628 3642/4075/3642 4880/5342/4880
f 4873/5334/4873 311/5170/311 327/5348/327
f 4885/5349/4885 4886/5350/4886 4882/5344/4882
f 3634/4065/3634 4873/5334/4873 4884/5346/4884
f 3570/3998/3570 4887/5351/4887 3642/4075/3642
f 4530/4967/4530 4040/4475/4040 4109/4544/4109
f 4863/5323/4863 3996/4429/3996 4636/5077/4636
f 3301/3714/3301 1245/5352/1245 4888/5353/4888
f 4879/5341/4879 4880/5342/4880 4468/4904/4468
f 4889/5354/4889 1866/5355/1866 4883/5345/4883
f 4875/5336/4875 4867/5327/4867 3284/3696/3284
f 4292/4727/4292 4437/4873/4437 4233/4668/4233
f 4398/4834/4398 4446/4882/4446 4848/5305/4848
f 4665/5112/4665 4878/5340/4878 4664/5111/4664
f 1716/4055/1716 1866/5355/1866 4889/5354/4889
f 4138/4573/4138 4890/5356/4890 4428/4864/4428
f 3284/3696/3284 4867/5327/4867 2571/5337/2571
f 1824/5357/1824 4891/5358/4891 4892/5359/4892
f 4893/5360/4893 4553/4990/4553 4890/5356/4890
f 3099/3493/3099 3076/3469/3076 3078/3471/3078
f 4877/5339/4877 3790/4223/3790 4894/5361/4894
f 4857/5314/4857 4895/5362/4895 4031/4466/4031
f 4852/5309/4852 4876/5338/4876 3569/3997/3569
f 3539/3966/3539 4691/5140/4691 4596/5035/4596
f 4361/4796/4361 4544/4981/4544 4433/4869/4433
f 3997/4430/3997 4682/5131/4682 3995/4428/3995
f 327/5348/327 4884/5346/4884 4873/5334/4873
f 4290/4725/4290 4292/4727/4292 4389/4825/4389
f 4896/5363/4896 4897/5364/4897 4892/5359/4892
f 4637/5078/4637 3405/3823/3405 4476/4912/4476
f 4009/4442/4009 3447/3867/3447 3448/3868/3448
f 3857/4290/3857 3548/3975/3548 3545/3972/3545
f 3534/3961/3534 3067/3460/3067 3447/3867/3447
f 4362/4797/4362 4361/4796/4361 4387/4823/4387
f 4130/4565/4130 4612/5052/4612 4611/5051/4611
f 4881/5343/4881 1877/5365/1877 1876/5366/1876
f 1745/5367/1745 3284/3696/3284 2571/5337/2571
f 2990/3375/2990 2987/3372/2987 3518/3945/3518
f 4580/5018/4580 4412/4848/4412 4648/5092/4648
f 4898/5368/4898 1826/5369/1826 1867/5088/1867
f 4399/4835/4399 4848/5305/4848 4544/4981/4544
f 4646/5087/4646 3880/4313/3880 4617/5057/4617
f 4885/5349/4885 4882/5344/4882 4881/5343/4881
f 4398/4834/4398 4848/5305/4848 4399/4835/4399
f 4883/5345/4883 1866/5355/1866 1877/5365/1877
f 4550/4987/4550 4899/5370/4899 4894/5361/4894
f 4682/5131/4682 4651/5095/4651 3995/4428/3995
f 4887/5351/4887 4899/5370/4899 3642/4075/3642
f 4890/5356/4890 4138/4573/4138 4900/5371/4900
f 3067/3460/3067 3534/3961/3534 3151/3550/3151
f 4901/5372/4901 4902/5373/4902 4903/5374/4903
f 4015/4448/4015 4530/4967/4530 4109/4544/4109
f 4898/5368/4898 4646/5087/4646 4904/5375/4904
f 3482/3908/3482 4477/4913/4477 4476/4912/4476
f 327/5348/327 272/4066/272 4884/5346/4884
f 4883/5345/4883 1877/5365/1877 4881/5343/4881
f 4344/4779/4344 4474/4910/4474 4345/4780/4345
f 1878/5376/1878 1826/5369/1826 4898/5368/4898
f 1878/5376/1878 4898/5368/4898 4891/5358/4891
f 3622/4050/3622 4879/5341/4879 4385/4821/4385
f 4904/5375/4904 4617/5057/4617 4607/5047/4607
f 4896/5363/4896 4898/5368/4898 4904/5375/4904
f 3069/3462/3069 3834/4267/3834 3067/3460/3067
f 4904/5375/4904 4905/5377/4905 4896/5363/4896
f 4906/5378/4906 4897/5364/4897 4905/5377/4905
f 4907/5379/4907 4903/5374/4903 4908/5380/4908
f 4881/5343/4881 4909/5381/4909 4885/5349/4885
f 3151/3550/3151 3529/3956/3529 3068/3461/3068
f 4905/5377/4905 4897/5364/4897 4896/5363/4896
f 4910/5382/4910 4903/5374/4903 4893/5360/4893
f 4292/4727/4292 4233/4668/4233 4232/4667/4232
f 4528/4965/4528 4583/5021/4583 4527/4964/4527
f 4879/5341/4879 3622/4050/3622 3628/4057/3628
f 4583/5021/4583 4528/4965/4528 4610/5050/4610
f 4902/5373/4902 4901/5372/4901 1822/5383/1822
f 4911/5384/4911 4912/5385/4912 4913/5386/4913
f 4914/5387/4914 3570/3998/3570 3569/3997/3569
f 4913/5386/4913 3637/4070/3637 3636/4069/3636
f 4909/5381/4909 1879/5388/1879 1822/5383/1822
f 4915/5389/4915 1822/5383/1822 4901/5372/4901
f 4544/4981/4544 4545/4982/4545 4399/4835/4399
f 4512/4949/4512 3458/3880/3458 3457/3879/3457
f 4892/5359/4892 4897/5364/4897 4902/5373/4902
f 4893/5360/4893 4897/5364/4897 4906/5378/4906
f 1822/5383/1822 4892/5359/4892 4902/5373/4902
f 4906/5378/4906 4485/4922/4485 4553/4990/4553
f 1876/5366/1876 1879/5388/1879 4909/5381/4909
f 4363/4798/4363 4545/4982/4545 4361/4796/4361
f 4041/4476/4041 4513/4950/4513 3681/4114/3681
f 3063/3454/3063 3072/3465/3072 3840/4273/3840
f 4886/5350/4886 4912/5385/4912 4911/5384/4911
f 3569/3997/3569 3637/4070/3637 4853/5310/4853
f 3640/4073/3640 4889/5354/4889 4882/5344/4882
f 3637/4070/3637 4913/5386/4913 4853/5310/4853
f 4553/4990/4553 4893/5360/4893 4906/5378/4906
f 4901/5372/4901 4903/5374/4903 4915/5389/4915
f 4646/5087/4646 4617/5057/4617 4904/5375/4904
f 4468/4904/4468 4880/5342/4880 4550/4987/4550
f 4874/5335/4874 4853/5310/4853 4852/5309/4852
f 4583/5021/4583 4610/5050/4610 3681/4114/3681
f 4854/5311/4854 4853/5310/4853 4912/5385/4912
f 4478/4914/4478 4397/4833/4397 4399/4835/4399
f 4545/4982/4545 4363/4798/4363 4159/4594/4159
f 3448/3868/3448 4007/4440/4007 4009/4442/4009
f 4911/5384/4911 3636/4069/3636 4882/5344/4882
f 4908/5380/4908 4903/5374/4903 4910/5382/4910
f 4882/5344/4882 4886/5350/4886 4911/5384/4911
f 4880/5342/4880 3642/4075/3642 4550/4987/4550
f 4916/5390/4916 4854/5311/4854 4912/5385/4912
f 4899/5370/4899 4877/5339/4877 4894/5361/4894
f 4908/5380/4908 4900/5371/4900 4140/4575/4140
f 3569/3997/3569 4853/5310/4853 4874/5335/4874
f 4912/5385/4912 4886/5350/4886 4916/5390/4916
f 4915/5389/4915 4907/5379/4907 4886/5350/4886
f 4917/5391/4917 3072/3465/3072 3071/3464/3071
f 1824/5357/1824 1878/5376/1878 4891/5358/4891
f 3843/4276/3843 4918/5392/4918 3844/4277/3844
f 4550/4987/4550 3642/4075/3642 4899/5370/4899
f 4907/5379/4907 4915/5389/4915 4903/5374/4903
f 4885/5349/4885 4915/5389/4915 4886/5350/4886
f 4344/4779/4344 4015/4448/4015 4390/4826/4390
f 4896/5363/4896 4892/5359/4892 4891/5358/4891
f 4389/4825/4389 4232/4667/4232 4238/4673/4238
f 1824/5357/1824 4892/5359/4892 1822/5383/1822
f 4893/5360/4893 4902/5373/4902 4897/5364/4897
f 4900/5371/4900 4910/5382/4910 4893/5360/4893
f 4916/5390/4916 4908/5380/4908 4854/5311/4854
f 4385/4821/4385 4879/5341/4879 4468/4904/4468
f 4909/5381/4909 4881/5343/4881 1876/5366/1876
f 4363/4798/4363 4469/4905/4469 4159/4594/4159
f 4553/4990/4553 4428/4864/4428 4890/5356/4890
f 4915/5389/4915 4885/5349/4885 4909/5381/4909
f 3570/3998/3570 4919/5393/4919 4887/5351/4887
f 3898/4331/3898 4589/5027/4589 3850/4283/3850
f 4854/5311/4854 4908/5380/4908 4852/5309/4852
f 4920/5394/4920 4471/4907/4471 4512/4949/4512
f 3569/3997/3569 4876/5338/4876 4914/5387/4914
f 4040/4475/4040 4039/4474/4039 4374/4810/4374
f 4882/5344/4882 3636/4069/3636 3640/4073/3640
f 3680/4113/3680 4519/4956/4519 3681/4114/3681
f 4877/5339/4877 4899/5370/4899 4887/5351/4887
f 3282/3694/3282 1675/5395/1675 1674/5396/1674
f 4907/5379/4907 4916/5390/4916 4886/5350/4886
f 3282/3694/3282 3006/3391/3006 3007/3393/3007
f 4906/5378/4906 4607/5047/4607 4485/4922/4485
f 4910/5382/4910 4900/5371/4900 4908/5380/4908
f 4510/4947/4510 4159/4594/4159 4161/4596/4161
f 4913/5386/4913 3636/4069/3636 4911/5384/4911
f 4893/5360/4893 4903/5374/4903 4902/5373/4902
f 1822/5383/1822 4915/5389/4915 4909/5381/4909
f 4883/5345/4883 4882/5344/4882 4889/5354/4889
f 4900/5371/4900 4138/4573/4138 4140/4575/4140
f 4876/5338/4876 4919/5393/4919 4914/5387/4914
f 4896/5363/4896 4891/5358/4891 4898/5368/4898
f 4894/5361/4894 3790/4223/3790 4550/4987/4550
f 4478/4914/4478 4510/4947/4510 4366/4801/4366
f 3640/4073/3640 1716/4055/1716 4889/5354/4889
f 3570/3998/3570 4914/5387/4914 4919/5393/4919
f 4876/5338/4876 4852/5309/4852 4908/5380/4908
f 3106/3500/3106 3843/4276/3843 3956/4389/3956
f 4916/5390/4916 4907/5379/4907 4908/5380/4908
f 4912/5385/4912 4853/5310/4853 4913/5386/4913
f 4140/4575/4140 4876/5338/4876 4908/5380/4908
f 4906/5378/4906 4905/5377/4905 4607/5047/4607
f 4365/4800/4365 4478/4914/4478 4366/4801/4366
f 3070/3463/3070 3104/3498/3104 3106/3500/3106
f 4646/5087/4646 4898/5368/4898 1867/5088/1867
f 4890/5356/4890 4900/5371/4900 4893/5360/4893
f 4512/4949/4512 3457/3879/3457 4920/5394/4920
f 4469/4905/4469 4471/4907/4471 4920/5394/4920
f 4467/4903/4467 4390/4826/4390 4895/5362/4895
f 4921/5397/4921 4519/4956/4519 3680/4113/3680
f 4895/5362/4895 4390/4826/4390 4017/4450/4017
f 4904/5375/4904 4607/5047/4607 4905/5377/4905
f 4919/5393/4919 4876/5338/4876 4877/5339/4877
f 4103/4538/4103 4676/5125/4676 4656/5100/4656
f 4622/5062/4622 3545/3972/3545 3539/3966/3539
f 4074/4509/4074 4374/4810/4374 4039/4474/4039
f 4919/5393/4919 4877/5339/4877 4887/5351/4887
f 4856/5313/4856 4078/4513/4078 4467/4903/4467
f 4140/4575/4140 3790/4223/3790 4877/5339/4877
f 4498/4935/4498 4016/4449/4016 4355/4790/4355
f 3070/3463/3070 3956/4389/3956 3071/3464/3071
f 4663/5110/4663 4861/5319/4861 1147/5109/1147
f 4663/5110/4663 4686/5135/4686 4861/5319/4861
f 4017/4450/4017 4016/4449/4016 4498/4935/4498
f 1674/5396/1674 3006/3391/3006 3282/3694/3282
f 3457/3879/3457 4812/5269/4812 4920/5394/4920
f 4536/4973/4536 4844/5301/4844 4446/4882/4446
f 4225/4660/4225 3755/4188/3755 3754/4187/3754
f 3006/3391/3006 1674/5396/1674 1927/5398/1927
f 4812/5269/4812 4469/4905/4469 4920/5394/4920
f 4032/4467/4032 4895/5362/4895 4017/4450/4017
f 4922/5399/4922 4856/5313/4856 4857/5314/4857
f 3354/3769/3354 4851/5308/4851 2986/3371/2986
f 3987/4420/3987 4357/4792/4357 4186/4621/4186
f 4917/5391/4917 3856/4289/3856 3840/4273/3840
f 3102/3496/3102 3848/4281/3848 3835/4268/3835
f 3537/3964/3537 4691/5140/4691 3539/3966/3539
f 4895/5362/4895 4857/5314/4857 4467/4903/4467
f 3419/3837/3419 3849/4282/3849 3102/3496/3102
f 4074/4509/4074 4187/4622/4187 4374/4810/4374
f 4659/5103/4659 4686/5135/4686 4663/5110/4663
f 4498/4935/4498 4355/4790/4355 4499/4936/4499
f 4498/4935/4498 4033/4468/4033 4017/4450/4017
f 4160/4595/4160 4639/5080/4639 4161/4596/4161
f 3898/4331/3898 3419/3837/3419 3895/4328/3895
f 3953/4386/3953 3957/4390/3957 3122/3516/3122
f 4638/5079/4638 4470/4906/4470 4469/4905/4469
f 4923/5400/4923 1075/5401/1075 1077/5402/1077
f 3471/3894/3471 4812/5269/4812 3457/3879/3457
f 3084/3477/3084 4667/5115/4667 4924/5403/4924
f 4638/5079/4638 4469/4905/4469 4812/5269/4812
f 4032/4467/4032 4031/4466/4031 4895/5362/4895
f 4355/4790/4355 4189/4624/4189 4925/5404/4925
f 3072/3465/3072 4917/5391/4917 3840/4273/3840
f 3949/4382/3949 3853/4286/3853 3852/4285/3852
f 4926/5405/4926 4187/4622/4187 4074/4509/4074
f 4927/5406/4927 4657/5101/4657 4871/5331/4871
f 4653/5097/4653 4078/4513/4078 4856/5313/4856
f 4665/5112/4665 3852/4285/3852 3851/4284/3851
f 4499/4936/4499 4355/4790/4355 4925/5404/4925
f 4928/5407/4928 4658/5102/4658 4929/5408/4929
f 4575/5013/4575 3303/3716/3303 3302/3715/3302
f 4161/4596/4161 4639/5080/4639 4930/5409/4930
f 3168/3572/3168 4812/5269/4812 3471/3894/3471
f 3471/3894/3471 3457/3879/3457 3385/3801/3385
f 4925/5404/4925 4189/4624/4189 4850/5307/4850
f 3954/4387/3954 4917/5391/4917 3071/3464/3071
f 4187/4622/4187 4926/5405/4926 4715/5172/4715
f 3953/4386/3953 3071/3464/3071 3956/4389/3956
f 4639/5080/4639 4638/5079/4638 4714/5171/4714
f 3094/3488/3094 3853/4286/3853 3905/4338/3905
f 3851/4284/3851 3853/4286/3853 3094/3488/3094
f 4665/5112/4665 4692/5141/4692 3852/4285/3852
f 3093/3487/3093 3099/3493/3099 4878/5340/4878
f 4556/4993/4556 4681/5130/4681 4686/5135/4686
f 4688/5137/4688 1075/5401/1075 4923/5400/4923
f 3120/3514/3120 4869/5329/4869 3121/3515/3121
f 2882/5322/2882 4872/5332/4872 4862/5320/4862
f 4659/5103/4659 3839/4272/3839 3856/4289/3856
f 4554/4991/4554 4686/5135/4686 4555/4992/4555
f 4888/5353/4888 1216/5410/1216 1215/5411/1215
f 3954/4387/3954 4555/4992/4555 4917/5391/4917
f 3121/3515/3121 4869/5329/4869 4688/5137/4688
f 4555/4992/4555 4686/5135/4686 4659/5103/4659
f 4878/5340/4878 3851/4284/3851 3094/3488/3094
f 4657/5101/4657 3847/4280/3847 4623/5063/4623
f 4588/5026/4588 4576/5014/4576 3849/4282/3849
f 4434/4870/4434 4640/5081/4640 4522/4959/4522
f 3838/4271/3838 4673/5121/4673 3836/4269/3836
f 4412/4848/4412 4411/4847/4411 4648/5092/4648
f 4003/4436/4003 4002/4435/4002 4413/4849/4413
f 4488/4925/4488 4490/4927/4490 4487/4924/4487
f 4464/4900/4464 4449/4885/4449 3888/4321/3888
f 4100/4535/4100 4537/4974/4537 4794/5251/4794
f 3876/4309/3876 3875/4308/3875 4122/4557/4122
f 4346/4781/4346 4482/4918/4482 4180/4615/4180
f 3882/4315/3882 4058/4493/4058 3982/4415/3982
f 4497/4934/4497 4619/5059/4619 4384/4820/4384
f 4382/4818/4382 4501/4938/4501 4421/4857/4421
f 4136/4571/4136 4116/4551/4116 4501/4938/4501
f 3676/4109/3676 4192/4627/4192 3677/4110/3677
f 4931/5412/4931 4932/5413/4932 4933/5414/4933
f 4934/5415/4934 4935/5416/4935 4936/5417/4936
f 4937/5418/4937 4938/5419/4938 4939/5420/4939
f 4940/5421/4940 3591/4019/3591 3601/4029/3601
f 4941/5422/4941 4942/5423/4942 3333/3748/3333
f 4065/4500/4065 4943/5424/4943 4944/5425/4944
f 4933/5414/4933 4056/4491/4056 4149/4584/4149
f 4945/5426/4945 3225/3635/3225 4946/5427/4946
f 4947/5428/4947 4948/5429/4948 4949/5430/4949
f 4942/5423/4942 3404/3821/3404 3333/3748/3333
f 4950/5431/4950 4934/5415/4934 4951/5432/4951
f 4952/5433/4952 4935/5416/4935 3373/3789/3373
f 4953/5434/4953 4954/5435/4954 4937/5418/4937
f 4951/5432/4951 4955/5436/4955 4950/5431/4950
f 4682/5131/4682 4628/5068/4628 4956/5437/4956
f 4957/5438/4957 4958/5439/4958 4959/5440/4959
f 3969/4402/3969 4960/5441/4960 3974/4407/3974
f 4961/5442/4961 4962/5443/4962 4963/5444/4963
f 4007/4440/4007 4865/5325/4865 3836/4269/3836
f 4934/5415/4934 4964/5445/4964 4951/5432/4951
f 4965/5446/4965 4966/5447/4966 4941/5422/4941
f 4967/5448/4967 4968/5449/4968 4969/5450/4969
f 4970/5451/4970 4971/5452/4971 4972/5453/4972
f 4129/4564/4129 4973/5454/4973 4849/5306/4849
f 4974/5455/4974 4962/5443/4962 4961/5442/4961
f 4948/5429/4948 4975/5456/4975 4976/5457/4976
f 4977/5458/4977 4978/5459/4978 4979/5460/4979
f 4980/5461/4980 4981/5462/4981 4931/5412/4931
f 4697/5146/4697 4624/5064/4624 4622/5062/4622
f 4982/5463/4982 4942/5423/4942 4941/5422/4941
f 4936/5417/4936 4935/5416/4935 4952/5433/4952
f 4972/5453/4972 4983/5464/4983 4970/5451/4970
f 3374/3790/3374 3373/3789/3373 4935/5416/4935
f 4949/5430/4949 4984/5465/4984 4985/5466/4985
f 4986/5467/4986 3408/3826/3408 3438/3858/3438
f 4130/4565/4130 4611/5051/4611 4964/5445/4964
f 4987/5468/4987 3948/4381/3948 4980/5461/4980
f 3378/3794/3378 4935/5416/4935 4950/5431/4950
f 4988/5469/4988 3329/3744/3329 3408/3826/3408
f 4989/5470/4989 4990/5471/4990 4948/5429/4948
f 3328/3743/3328 4991/5472/4991 4992/5473/4992
f 4655/5099/4655 4858/5316/4858 4993/5474/4993
f 4952/5433/4952 4985/5466/4985 4984/5465/4984
f 4935/5416/4935 4934/5415/4934 4950/5431/4950
f 4056/4491/4056 4994/5475/4994 4995/5476/4995
f 4611/5051/4611 4951/5432/4951 4964/5445/4964
f 4996/5477/4996 4997/5478/4997 4998/5479/4998
f 3406/3824/3406 4942/5423/4942 4999/5480/4999
f 5000/5481/5000 5001/5482/5001 5002/5483/5002
f 5003/5484/5003 4974/5455/4974 4944/5425/4944
f 5004/5485/5004 4955/5436/4955 4951/5432/4951
f 4945/5426/4945 5005/5486/5005 5006/5487/5006
f 4681/5130/4681 4687/5136/4687 4686/5135/4686
f 5007/5488/5007 5008/5489/5008 5009/5490/5009
f 4949/5430/4949 4976/5457/4976 4984/5465/4984
f 4949/5430/4949 4948/5429/4948 4976/5457/4976
f 4966/5447/4966 4955/5436/4955 4982/5463/4982
f 5001/5482/5001 5010/5491/5010 5005/5486/5005
f 3378/3794/3378 4950/5431/4950 4966/5447/4966
f 3514/3941/3514 4952/5433/4952 3373/3789/3373
f 4651/5095/4651 4951/5432/4951 4611/5051/4611
f 5011/5492/5011 3324/3739/3324 4977/5458/4977
f 4938/5419/4938 4974/5455/4974 5003/5484/5003
f 4966/5447/4966 4950/5431/4950 4955/5436/4955
f 4934/5415/4934 4936/5417/4936 4128/4563/4128
f 4985/5466/4985 3930/4363/3930 4949/5430/4949
f 4994/5475/4994 4957/5438/4957 4968/5449/4968
f 3122/3516/3122 3121/3515/3121 4681/5130/4681
f 4975/5456/4975 4990/5471/4990 5012/5493/5012
f 5013/5494/5013 4987/5468/4987 5014/5495/5014
f 3333/3748/3333 3378/3794/3378 4965/5446/4965
f 5008/5489/5008 5015/5496/5015 5009/5490/5009
f 4949/5430/4949 3930/4363/3930 4947/5428/4947
f 4932/5413/4932 4998/5479/4998 4958/5439/4958
f 4951/5432/4951 4651/5095/4651 4971/5452/4971
f 3514/3941/3514 4985/5466/4985 4952/5433/4952
f 3574/4002/3574 3573/4001/3573 5016/5497/5016
f 3932/4365/3932 3915/4348/3915 5017/5498/5017
f 4960/5441/4960 5018/5499/5018 5019/5500/5019
f 4947/5428/4947 5017/5498/5017 4948/5429/4948
f 5020/5501/5020 5021/5502/5021 5022/5503/5022
f 5023/5504/5023 5024/5505/5024 3911/4344/3911
f 4973/5454/4973 4858/5316/4858 4849/5306/4849
f 4934/5415/4934 4130/4565/4130 4964/5445/4964
f 3591/4019/3591 5025/5506/5025 3562/3990/3562
f 4858/5316/4858 4973/5454/4973 5012/5493/5012
f 4948/5429/4948 5017/5498/5017 4989/5470/4989
f 4936/5417/4936 4976/5457/4976 4128/4563/4128
f 4995/5476/4995 4054/4489/4054 4056/4491/4056
f 4999/5480/4999 5026/5507/5026 3494/3921/3494
f 5020/5501/5020 5008/5489/5008 5021/5502/5021
f 5012/5493/5012 4990/5471/4990 5013/5494/5013
f 4858/5316/4858 5012/5493/5012 5027/5508/5027
f 4955/5436/4955 5004/5485/5004 5007/5488/5007
f 4943/5424/4943 4102/4537/4102 4534/4971/4534
f 3358/3773/3358 3360/3775/3360 5028/5509/5028
f 4996/5477/4996 5023/5504/5023 4997/5478/4997
f 5002/5483/5002 5029/5510/5029 5000/5481/5000
f 4982/5463/4982 4941/5422/4941 4966/5447/4966
f 5030/5511/5030 5031/5512/5031 5032/5513/5032
f 4947/5428/4947 3930/4363/3930 3932/4365/3932
f 5033/5514/5033 5034/5515/5034 4067/4502/4067
f 4974/5455/4974 4961/5442/4961 5035/5516/5035
f 5021/5502/5021 5007/5488/5007 5004/5485/5004
f 3281/3693/3281 5036/5517/5036 3225/3635/3225
f 4128/4563/4128 4975/5456/4975 4129/4564/4129
f 5028/5509/5028 5026/5507/5026 5007/5488/5007
f 3326/3741/3326 5037/5518/5037 3324/3739/3324
f 4164/4599/4164 4974/5455/4974 5035/5516/5035
f 4990/5471/4990 4989/5470/4989 4987/5468/4987
f 3326/3741/3326 3476/3900/3476 5038/5519/5038
f 4981/5462/4981 3948/4381/3948 3912/4345/3912
f 5020/5501/5020 5022/5503/5022 4970/5451/4970
f 4624/5064/4624 3120/3514/3120 3122/3516/3122
f 5039/5520/5039 4961/5442/4961 5016/5497/5016
f 4128/4563/4128 4130/4565/4130 4934/5415/4934
f 5038/5519/5038 5037/5518/5037 3326/3741/3326
f 5004/5485/5004 4971/5452/4971 5022/5503/5022
f 4993/5474/4993 5027/5508/5027 4149/4584/4149
f 4965/5446/4965 4941/5422/4941 3333/3748/3333
f 4968/5449/4968 4967/5448/4967 4606/5046/4606
f 4161/4596/4161 4930/5409/4930 4532/4969/4532
f 4971/5452/4971 4651/5095/4651 4972/5453/4972
f 5040/5521/5040 5030/5511/5030 5032/5513/5032
f 3932/4365/3932 5017/5498/5017 4947/5428/4947
f 5004/5485/5004 4951/5432/4951 4971/5452/4971
f 5041/5522/5041 5042/5523/5042 4957/5438/4957
f 4960/5441/4960 5019/5500/5019 4959/5440/4959
f 5012/5493/5012 5013/5494/5013 5027/5508/5027
f 5037/5518/5037 5043/5524/5043 4978/5459/4978
f 4982/5463/4982 5007/5488/5007 5026/5507/5026
f 4998/5479/4998 4997/5478/4997 4960/5441/4960
f 5043/5524/5043 5006/5487/5006 4978/5459/4978
f 5021/5502/5021 5008/5489/5008 5007/5488/5007
f 5044/5525/5044 5045/5526/5045 5046/5527/5046
f 4987/5468/4987 5017/5498/5017 3917/4350/3917
f 4858/5316/4858 5027/5508/5027 4993/5474/4993
f 4986/5467/4986 5047/5528/5047 5048/5529/5048
f 4971/5452/4971 4970/5451/4970 5022/5503/5022
f 5049/5530/5049 5050/5531/5050 5002/5483/5002
f 5051/5532/5051 5052/5533/5052 3219/3627/3219
f 5014/5495/5014 5027/5508/5027 5013/5494/5013
f 5036/5517/5036 4946/5427/4946 3225/3635/3225
f 5046/5527/5046 5053/5534/5053 5054/5535/5054
f 5026/5507/5026 4942/5423/4942 4982/5463/4982
f 4989/5470/4989 5017/5498/5017 4987/5468/4987
f 5026/5507/5026 4999/5480/4999 4942/5423/4942
f 4987/5468/4987 3917/4350/3917 3948/4381/3948
f 4682/5131/4682 4972/5453/4972 4651/5095/4651
f 5039/5520/5039 4376/4812/4376 5035/5516/5035
f 4972/5453/4972 4682/5131/4682 4956/5437/4956
f 4954/5435/4954 5055/5536/5055 4963/5444/4963
f 3915/4348/3915 3917/4350/3917 5017/5498/5017
f 4990/5471/4990 4975/5456/4975 4948/5429/4948
f 5021/5502/5021 5004/5485/5004 5022/5503/5022
f 5027/5508/5027 5014/5495/5014 5056/5537/5056
f 3360/3775/3360 5026/5507/5026 5028/5509/5028
f 5057/5538/5057 5037/5518/5037 5038/5519/5038
f 5029/5510/5029 5050/5531/5050 5058/5539/5058
f 5028/5509/5028 5007/5488/5007 3358/3773/3358
f 4990/5471/4990 4987/5468/4987 5013/5494/5013
f 5059/5540/5059 5060/5541/5060 5047/5528/5047
f 5009/5490/5009 3358/3773/3358 5007/5488/5007
f 4995/5476/4995 4968/5449/4968 4606/5046/4606
f 4979/5460/4979 5001/5482/5001 5000/5481/5000
f 5023/5504/5023 3911/4344/3911 3974/4407/3974
f 4970/5451/4970 5061/5542/5061 5020/5501/5020
f 5016/5497/5016 4961/5442/4961 5055/5536/5055
f 5062/5543/5062 5038/5519/5038 3476/3900/3476
f 3404/3821/3404 4942/5423/4942 3406/3824/3406
f 5046/5527/5046 5063/5544/5063 5044/5525/5044
f 4162/4597/4162 4164/4599/4164 5035/5516/5035
f 4149/4584/4149 5056/5537/5056 4933/5414/4933
f 3076/3469/3076 3099/3493/3099 3100/3494/3100
f 3234/3644/3234 5051/5532/5051 3219/3627/3219
f 4956/5437/4956 4983/5464/4983 4972/5453/4972
f 4532/4969/4532 5064/5545/5064 5008/5489/5008
f 4655/5099/4655 4993/5474/4993 4149/4584/4149
f 4839/5296/4839 4858/5316/4858 4655/5099/4655
f 4984/5465/4984 4936/5417/4936 4952/5433/4952
f 5014/5495/5014 4931/5412/4931 5056/5537/5056
f 4931/5412/4931 4987/5468/4987 4980/5461/4980
f 5064/5545/5064 5015/5496/5015 5008/5489/5008
f 5036/5517/5036 5063/5544/5063 4946/5427/4946
f 3358/3773/3358 5009/5490/5009 5015/5496/5015
f 4978/5459/4978 5010/5491/5010 4979/5460/4979
f 4365/4800/4365 5061/5542/5061 4983/5464/4983
f 5065/5546/5065 4639/5080/4639 5066/5547/5066
f 4973/5454/4973 4975/5456/4975 5012/5493/5012
f 4628/5068/4628 4397/4833/4397 4956/5437/4956
f 5030/5511/5030 5067/5548/5067 4969/5450/4969
f 4981/5462/4981 4980/5461/4980 3948/4381/3948
f 4933/5414/4933 5056/5537/5056 4931/5412/4931
f 5005/5486/5005 4945/5426/4945 4946/5427/4946
f 3591/4019/3591 4940/5421/4940 5068/5549/5068
f 5015/5496/5015 5069/5550/5069 3477/3901/3477
f 4987/5468/4987 4931/5412/4931 5014/5495/5014
f 4999/5480/4999 3494/3921/3494 3496/3923/3496
f 3406/3824/3406 4999/5480/4999 3496/3923/3496
f 5026/5507/5026 3360/3775/3360 3494/3921/3494
f 4364/4799/4364 5061/5542/5061 4365/4800/4365
f 4364/4799/4364 4532/4969/4532 5008/5489/5008
f 4965/5446/4965 3378/3794/3378 4966/5447/4966
f 4149/4584/4149 5027/5508/5027 5056/5537/5056
f 4870/5330/4870 4927/5406/4927 4871/5331/4871
f 4981/5462/4981 4996/5477/4996 4931/5412/4931
f 4397/4833/4397 4365/4800/4365 4956/5437/4956
f 4973/5454/4973 4129/4564/4129 4975/5456/4975
f 3374/3790/3374 4935/5416/4935 3378/3794/3378
f 4397/4833/4397 4628/5068/4628 4398/4834/4398
f 4953/5434/4953 5031/5512/5031 4940/5421/4940
f 4998/5479/4998 4932/5413/4932 4931/5412/4931
f 5069/5550/5069 5064/5545/5064 4930/5409/4930
f 5047/5528/5047 4991/5472/4991 5059/5540/5059
f 4056/4491/4056 4933/5414/4933 4994/5475/4994
f 4532/4969/4532 4930/5409/4930 5064/5545/5064
f 5043/5524/5043 5065/5546/5065 5066/5547/5066
f 5008/5489/5008 5020/5501/5020 5061/5542/5061
f 3912/4345/3912 5024/5505/5024 4981/5462/4981
f 5064/5545/5064 5069/5550/5069 5015/5496/5015
f 4932/5413/4932 4994/5475/4994 4933/5414/4933
f 4996/5477/4996 4998/5479/4998 4931/5412/4931
f 5024/5505/5024 4996/5477/4996 4981/5462/4981
f 5070/5551/5070 4967/5448/4967 4969/5450/4969
f 5069/5550/5069 4930/5409/4930 5071/5552/5071
f 5057/5538/5057 5065/5546/5065 5043/5524/5043
f 5069/5550/5069 5062/5543/5062 3477/3901/3477
f 4936/5417/4936 4984/5465/4984 4976/5457/4976
f 4067/4502/4067 4967/5448/4967 5033/5514/5033
f 5024/5505/5024 3912/4345/3912 3911/4344/3911
f 5015/5496/5015 3477/3901/3477 3358/3773/3358
f 4932/5413/4932 4958/5439/4958 4994/5475/4994
f 3226/3636/3226 3225/3635/3225 4945/5426/4945
f 4996/5477/4996 5024/5505/5024 5023/5504/5023
f 5071/5552/5071 4930/5409/4930 4639/5080/4639
f 4968/5449/4968 4995/5476/4995 4994/5475/4994
f 1675/5395/1675 3284/3696/3284 1745/5367/1745
f 4970/5451/4970 4983/5464/4983 5061/5542/5061
f 5072/5553/5072 4946/5427/4946 5063/5544/5063
f 5060/5541/5060 5054/5535/5054 5047/5528/5047
f 5069/5550/5069 5071/5552/5071 5062/5543/5062
f 4977/5458/4977 4979/5460/4979 5011/5492/5011
f 5049/5530/5049 4991/5472/4991 5050/5531/5050
f 4639/5080/4639 5065/5546/5065 5071/5552/5071
f 4956/5437/4956 4365/4800/4365 4983/5464/4983
f 5062/5543/5062 3476/3900/3476 3477/3901/3477
f 4986/5467/4986 4992/5473/4992 5047/5528/5047
f 4994/5475/4994 4958/5439/4958 4957/5438/4957
f 5073/5554/5073 3081/3474/3081 3080/3473/3080
f 4976/5457/4976 4975/5456/4975 4128/4563/4128
f 5062/5543/5062 5071/5552/5071 5057/5538/5057
f 4995/5476/4995 4166/4601/4166 4054/4489/4054
f 4977/5458/4977 5037/5518/5037 4978/5459/4978
f 4960/5441/4960 4959/5440/4959 4998/5479/4998
f 5007/5488/5007 4982/5463/4982 4955/5436/4955
f 3974/4407/3974 4960/5441/4960 4997/5478/4997
f 4959/5440/4959 4958/5439/4958 4998/5479/4998
f 3514/3941/3514 3930/4363/3930 4985/5466/4985
f 5023/5504/5023 3974/4407/3974 4997/5478/4997
f 5070/5551/5070 4969/5450/4969 5067/5548/5067
f 5048/5529/5048 5047/5528/5047 5053/5534/5053
f 3234/3644/3234 3329/3744/3329 4988/5469/4988
f 5065/5546/5065 5057/5538/5057 5071/5552/5071
f 4364/4799/4364 5008/5489/5008 5061/5542/5061
f 5057/5538/5057 5038/5519/5038 5062/5543/5062
f 4957/5438/4957 5042/5523/5042 4968/5449/4968
f 4166/4601/4166 4995/5476/4995 4606/5046/4606
f 5016/5497/5016 4954/5435/4954 3600/4028/3600
f 5019/5500/5019 4957/5438/4957 4959/5440/4959
f 5049/5530/5049 5002/5483/5002 5072/5553/5072
f 4639/5080/4639 4714/5171/4714 5066/5547/5066
f 4969/5450/4969 4968/5449/4968 5042/5523/5042
f 5074/5555/5074 5068/5549/5068 4940/5421/4940
f 5063/5544/5063 5046/5527/5046 5054/5535/5054
f 4606/5046/4606 4967/5448/4967 4067/4502/4067
f 5031/5512/5031 5075/5556/5075 4940/5421/4940
f 5019/5500/5019 5041/5522/5041 4957/5438/4957
f 5076/5557/5076 5051/5532/5051 5053/5534/5053
f 3969/4402/3969 5077/5558/5077 4960/5441/4960
f 5066/5547/5066 4714/5171/4714 5006/5487/5006
f 5006/5487/5006 5043/5524/5043 5066/5547/5066
f 5025/5506/5025 3961/4394/3961 3578/4006/3578
f 5043/5524/5043 5037/5518/5037 5057/5538/5057
f 5042/5523/5042 5041/5522/5041 5030/5511/5030
f 3438/3858/3438 4992/5473/4992 4986/5467/4986
f 4969/5450/4969 5042/5523/5042 5030/5511/5030
f 4960/5441/4960 5077/5558/5077 5018/5499/5018
f 4065/4500/4065 4944/5425/4944 4419/4855/4419
f 5018/5499/5018 5078/5559/5078 5019/5500/5019
f 5041/5522/5041 5019/5500/5019 5078/5559/5078
f 3964/4397/3964 5077/5558/5077 3969/4402/3969
f 3263/3674/3263 5058/5539/5058 3380/3796/3380
f 3167/3571/3167 5006/5487/5006 4714/5171/4714
f 5037/5518/5037 4977/5458/4977 3324/3739/3324
f 4940/5421/4940 3601/4029/3601 4953/5434/4953
f 5030/5511/5030 5041/5522/5041 5031/5512/5031
f 5070/5551/5070 5033/5514/5033 4967/5448/4967
f 5075/5556/5075 5018/5499/5018 5077/5558/5077
f 5018/5499/5018 5075/5556/5075 5078/5559/5078
f 5079/5560/5079 4674/5122/4674 3838/4271/3838
f 5078/5559/5078 5031/5512/5031 5041/5522/5041
f 4691/5140/4691 3447/3867/3447 4009/4442/4009
f 3485/3911/3485 5011/5492/5011 5080/5561/5080
f 5044/5525/5044 3319/3734/3319 5045/5526/5045
f 5051/5532/5051 5048/5529/5048 5053/5534/5053
f 5077/5558/5077 3964/4397/3964 3961/4394/3961
f 3167/3571/3167 4714/5171/4714 3168/3572/3168
f 3167/3571/3167 3226/3636/3226 5006/5487/5006
f 5006/5487/5006 5010/5491/5010 4978/5459/4978
f 5067/5548/5067 5030/5511/5030 5040/5521/5040
f 5033/5514/5033 5070/5551/5070 5034/5515/5034
f 5081/5562/5081 5070/5551/5070 5067/5548/5067
f 4986/5467/4986 4988/5469/4988 3408/3826/3408
f 3961/4394/3961 5075/5556/5075 5077/5558/5077
f 5078/5559/5078 5075/5556/5075 5031/5512/5031
f 4945/5426/4945 5006/5487/5006 3226/3636/3226
f 5031/5512/5031 4937/5418/4937 5032/5513/5032
f 3263/3674/3263 5080/5561/5080 5058/5539/5058
f 5010/5491/5010 5006/5487/5006 5005/5486/5005
f 5060/5541/5060 5059/5540/5059 5072/5553/5072
f 3485/3911/3485 3324/3739/3324 5011/5492/5011
f 5081/5562/5081 5067/5548/5067 5040/5521/5040
f 5081/5562/5081 5034/5515/5034 5070/5551/5070
f 5025/5506/5025 5075/5556/5075 3961/4394/3961
f 3281/3693/3281 3319/3734/3319 5044/5525/5044
f 5049/5530/5049 5059/5540/5059 4991/5472/4991
f 5010/5491/5010 5001/5482/5001 4979/5460/4979
f 5050/5531/5050 3328/3743/3328 3395/3811/3395
f 4979/5460/4979 5000/5481/5000 5011/5492/5011
f 5060/5541/5060 5072/5553/5072 5054/5535/5054
f 4937/5418/4937 4939/5420/4939 5032/5513/5032
f 4674/5122/4674 4679/5128/4679 4597/5036/4597
f 5031/5512/5031 4953/5434/4953 4937/5418/4937
f 5001/5482/5001 5005/5486/5005 5072/5553/5072
f 5081/5562/5081 5040/5521/5040 5082/5563/5082
f 5054/5535/5054 5053/5534/5053 5047/5528/5047
f 5081/5562/5081 4675/5124/4675 5034/5515/5034
f 5075/5556/5075 5025/5506/5025 5068/5549/5068
f 5074/5555/5074 4940/5421/4940 5075/5556/5075
f 3485/3911/3485 5080/5561/5080 3263/3674/3263
f 5080/5561/5080 5011/5492/5011 5000/5481/5000
f 5032/5513/5032 4939/5420/4939 5040/5521/5040
f 5050/5531/5050 3394/3810/3394 5058/5539/5058
f 4939/5420/4939 5082/5563/5082 5040/5521/5040
f 4534/4971/4534 5081/5562/5081 5082/5563/5082
f 5081/5562/5081 4525/4962/4525 4675/5124/4675
f 5068/5549/5068 5074/5555/5074 5075/5556/5075
f 5068/5549/5068 5025/5506/5025 3591/4019/3591
f 3562/3990/3562 5025/5506/5025 3578/4006/3578
f 5005/5486/5005 4946/5427/4946 5072/5553/5072
f 5002/5483/5002 5001/5482/5001 5072/5553/5072
f 5000/5481/5000 5058/5539/5058 5080/5561/5080
f 4937/5418/4937 4963/5444/4963 4938/5419/4938
f 5003/5484/5003 4939/5420/4939 4938/5419/4938
f 4937/5418/4937 4954/5435/4954 4963/5444/4963
f 4954/5435/4954 4953/5434/4953 3601/4029/3601
f 3395/3811/3395 3394/3810/3394 5050/5531/5050
f 4939/5420/4939 4943/5424/4943 5082/5563/5082
f 3229/3639/3229 5052/5533/5052 5045/5526/5045
f 4534/4971/4534 4525/4962/4525 5081/5562/5081
f 5082/5563/5082 4943/5424/4943 4534/4971/4534
f 5029/5510/5029 5058/5539/5058 5000/5481/5000
f 4963/5444/4963 4962/5443/4962 4938/5419/4938
f 5076/5557/5076 5052/5533/5052 5051/5532/5051
f 5083/5564/5083 4939/5420/4939 5003/5484/5003
f 4988/5469/4988 5051/5532/5051 3234/3644/3234
f 3601/4029/3601 3600/4028/3600 4954/5435/4954
f 5083/5564/5083 4943/5424/4943 4939/5420/4939
f 5044/5525/5044 5036/5517/5036 3281/3693/3281
f 5063/5544/5063 5036/5517/5036 5044/5525/5044
f 5072/5553/5072 5063/5544/5063 5054/5535/5054
f 5050/5531/5050 5029/5510/5029 5002/5483/5002
f 5072/5553/5072 5059/5540/5059 5049/5530/5049
f 3380/3796/3380 5058/5539/5058 3394/3810/3394
f 4974/5455/4974 4938/5419/4938 4962/5443/4962
f 5083/5564/5083 5003/5484/5003 4944/5425/4944
f 5055/5536/5055 4954/5435/4954 5016/5497/5016
f 5055/5536/5055 4961/5442/4961 4963/5444/4963
f 5083/5564/5083 4944/5425/4944 4943/5424/4943
f 4065/4500/4065 4102/4537/4102 4943/5424/4943
f 4597/5036/4597 4697/5146/4697 4595/5034/4595
f 4944/5425/4944 4974/5455/4974 4164/4599/4164
f 3574/4002/3574 5016/5497/5016 3600/4028/3600
f 5050/5531/5050 4991/5472/4991 3328/3743/3328
f 4164/4599/4164 4419/4855/4419 4944/5425/4944
f 5045/5526/5045 3319/3734/3319 3229/3639/3229
f 5046/5527/5046 5045/5526/5045 5076/5557/5076
f 5076/5557/5076 5053/5534/5053 5046/5527/5046
f 5047/5528/5047 4992/5473/4992 4991/5472/4991
f 5035/5516/5035 4961/5442/4961 5039/5520/5039
f 5016/5497/5016 3573/4001/3573 5039/5520/5039
f 5076/5557/5076 5045/5526/5045 5052/5533/5052
f 3438/3858/3438 3328/3743/3328 4992/5473/4992
f 4376/4812/4376 4162/4597/4162 5035/5516/5035
f 5039/5520/5039 3573/4001/3573 3605/4033/3605
f 5052/5533/5052 3229/3639/3229 3220/3628/3220
f 3605/4033/3605 4376/4812/4376 5039/5520/5039
f 3220/3628/3220 3219/3627/3219 5052/5533/5052
f 4986/5467/4986 5048/5529/5048 4988/5469/4988
f 5048/5529/5048 5051/5532/5051 4988/5469/4988
f 4067/4502/4067 5034/5515/5034 4675/5124/4675
f 5084/5565/5084 5085/5566/5085 5086/5567/5086
f 3161/3564/3161 3157/3560/3157 5087/5568/5087
f 5088/5569/5088 5089/5570/5089 5090/5571/5090
f 5091/5572/5091 5092/5573/5092 5093/5574/5093
f 5094/5575/5094 5095/5576/5095 5096/5577/5096
f 5097/5578/5097 5098/5579/5098 5099/5580/5099
f 5092/5573/5092 5091/5572/5091 5100/5581/5100
f 5097/5578/5097 5099/5580/5099 5101/5582/5101
f 5102/5583/5102 3161/3564/3161 5087/5568/5087
f 5103/5584/5103 3162/3565/3162 3161/3564/3161
f 5087/5568/5087 5098/5579/5098 5102/5583/5102
f 5104/5585/5104 5105/5586/5105 5106/5587/5106
f 5091/5572/5091 5093/5574/5093 5107/5588/5107
f 5108/5589/5108 3426/3844/3426 5109/5590/5109
f 5086/5567/5086 5103/5584/5103 5110/5591/5110
f 5111/5592/5111 5112/5593/5112 5086/5567/5086
f 5101/5582/5101 5095/5576/5095 5097/5578/5097
f 5100/5581/5100 5113/5594/5113 5092/5573/5092
f 5103/5584/5103 3161/3564/3161 5102/5583/5102
f 5110/5591/5110 5098/5579/5098 5084/5565/5084
f 5103/5584/5103 5098/5579/5098 5110/5591/5110
f 5114/5595/5114 5111/5592/5111 3335/3750/3335
f 5115/5596/5115 5116/5597/5116 5090/5571/5090
f 5087/5568/5087 5099/5580/5099 5098/5579/5098
f 5084/5565/5084 5117/5598/5117 5085/5566/5085
f 5098/5579/5098 5097/5578/5097 5084/5565/5084
f 5118/5599/5118 5116/5597/5116 5115/5596/5115
f 5119/5600/5119 5088/5569/5088 5120/5601/5120
f 5093/5574/5093 5121/5602/5121 5122/5603/5122
f 5103/5584/5103 5086/5567/5086 5112/5593/5112
f 3836/4269/3836 4865/5325/4865 4668/5116/4668
f 5117/5598/5117 5094/5575/5094 5123/5604/5123
f 5119/5600/5119 5124/5605/5124 3181/3585/3181
f 3444/3864/3444 5124/5605/5124 5113/5594/5113
f 5115/5596/5115 5123/5604/5123 5118/5599/5118
f 3444/3864/3444 5113/5594/5113 5100/5581/5100
f 5117/5598/5117 5089/5570/5089 5085/5566/5085
f 5111/5592/5111 5114/5595/5114 5112/5593/5112
f 5111/5592/5111 5086/5567/5086 5085/5566/5085
f 5123/5604/5123 5106/5587/5106 5118/5599/5118
f 5120/5601/5120 5113/5594/5113 5124/5605/5124
f 5085/5566/5085 5089/5570/5089 5125/5606/5125
f 5089/5570/5089 5117/5598/5117 5115/5596/5115
f 5123/5604/5123 5096/5577/5096 5106/5587/5106
f 5126/5607/5126 5127/5608/5127 5128/5609/5128
f 5094/5575/5094 5096/5577/5096 5123/5604/5123
f 5116/5597/5116 5129/5610/5129 5122/5603/5122
f 5128/5609/5128 5129/5610/5129 5126/5607/5126
f 5117/5598/5117 5123/5604/5123 5115/5596/5115
f 5105/5586/5105 5127/5608/5127 5126/5607/5126
f 5117/5598/5117 5084/5565/5084 5097/5578/5097
f 3335/3750/3335 5111/5592/5111 5125/5606/5125
f 5125/5606/5125 5111/5592/5111 5085/5566/5085
f 5104/5585/5104 5106/5587/5106 5096/5577/5096
f 3275/3687/3275 5114/5595/5114 3335/3750/3335
f 3275/3687/3275 3162/3565/3162 5114/5595/5114
f 3426/3844/3426 5100/5581/5100 5091/5572/5091
f 5090/5571/5090 5089/5570/5089 5115/5596/5115
f 5089/5570/5089 5088/5569/5088 5125/5606/5125
f 5119/5600/5119 5125/5606/5125 5088/5569/5088
f 5119/5600/5119 3181/3585/3181 5125/5606/5125
f 5128/5609/5128 5107/5588/5107 5129/5610/5129
f 4697/5146/4697 3120/3514/3120 4624/5064/4624
f 5125/5606/5125 3181/3585/3181 3335/3750/3335
f 5090/5571/5090 5120/5601/5120 5088/5569/5088
f 5106/5587/5106 5105/5586/5105 5118/5599/5118
f 5092/5573/5092 5121/5602/5121 5093/5574/5093
f 5129/5610/5129 5116/5597/5116 5118/5599/5118
f 5121/5602/5121 5090/5571/5090 5116/5597/5116
f 5118/5599/5118 5105/5586/5105 5126/5607/5126
f 5124/5605/5124 5119/5600/5119 5120/5601/5120
f 5103/5584/5103 5102/5583/5102 5098/5579/5098
f 5090/5571/5090 5121/5602/5121 5120/5601/5120
f 5084/5565/5084 5086/5567/5086 5110/5591/5110
f 5121/5602/5121 5116/5597/5116 5122/5603/5122
f 3162/3565/3162 5103/5584/5103 5112/5593/5112
f 5117/5598/5117 5095/5576/5095 5094/5575/5094
f 5126/5607/5126 5129/5610/5129 5118/5599/5118
f 3162/3565/3162 5112/5593/5112 5114/5595/5114
f 5122/5603/5122 5107/5588/5107 5093/5574/5093
f 5124/5605/5124 3444/3864/3444 3181/3585/3181
f 5120/5601/5120 5121/5602/5121 5113/5594/5113
f 5122/5603/5122 5129/5610/5129 5107/5588/5107
f 5092/5573/5092 5113/5594/5113 5121/5602/5121
f 5095/5576/5095 5117/5598/5117 5097/5578/5097
f 4688/5137/4688 4923/5400/4923 5130/5611/5130
f 5127/5608/5127 5131/5612/5131 5128/5609/5128
f 5107/5588/5107 5128/5609/5128 5132/5613/5132
f 5128/5609/5128 5131/5612/5131 5132/5613/5132
f 5100/5581/5100 3425/3843/3425 3444/3864/3444
f 5107/5588/5107 5132/5613/5132 5091/5572/5091
f 5109/5590/5109 3426/3844/3426 5091/5572/5091
f 5131/5612/5131 5133/5614/5133 5132/5613/5132
f 5100/5581/5100 3426/3844/3426 3425/3843/3425
f 5109/5590/5109 5091/5572/5091 5132/5613/5132
f 4870/5330/4870 4869/5329/4869 3120/3514/3120
f 5133/5614/5133 5134/5615/5134 5132/5613/5132
f 5109/5590/5109 5132/5613/5132 5134/5615/5134
f 5134/5615/5134 5108/5589/5108 5109/5590/5109
f 3121/3515/3121 4687/5136/4687 4681/5130/4681
f 3314/3729/3314 3843/4276/3843 3105/3499/3105
f 4685/5134/4685 4689/5138/4689 4593/5031/4593
f 3081/3474/3081 5073/5554/5073 4574/5012/4574
f 4658/5102/4658 4623/5063/4623 4929/5408/4929
f 4592/5030/4592 4924/5403/4924 4593/5031/4593
f 5135/5616/5135 4695/5144/4695 5136/5617/5136
f 4667/5115/4667 4593/5031/4593 4924/5403/4924
f 3446/3866/3446 1170/4064/1170 1181/5315/1181
f 3086/3480/3086 3257/3668/3257 1185/3478/1185
f 4669/5117/4669 1213/5618/1213 5137/5619/5137
f 3843/4276/3843 3106/3500/3106 3105/3499/3105
f 3520/3947/3520 4674/5122/4674 5079/5560/5079
f 3846/4279/3846 4680/5129/4680 3854/4287/3854
f 5079/5560/5079 3838/4271/3838 3837/4270/3837
f 4679/5128/4679 4671/5119/4671 4597/5036/4597
f 4672/5120/4672 4697/5146/4697 4597/5036/4597
f 4688/5137/4688 4861/5319/4861 4687/5136/4687
f 4680/5129/4680 3077/3470/3077 3205/3611/3205
f 4624/5064/4624 3122/3516/3122 3957/4390/3957
f 3120/3514/3120 4697/5146/4697 4672/5120/4672
f 3101/3495/3101 3418/3836/3418 3102/3496/3102
f 3956/4389/3956 3070/3463/3070 3106/3500/3106
f 1231/5620/1231 1213/5618/1213 4669/5117/4669
f 4689/5138/4689 3302/3715/3302 4593/5031/4593
f 4575/5013/4575 3302/3715/3302 3081/3474/3081
f 5073/5554/5073 5135/5616/5135 4574/5012/4574
f 5136/5617/5136 5138/5621/5138 5139/5622/5139
f 5079/5560/5079 4694/5143/4694 3520/3947/3520
f 5079/5560/5079 3837/4270/3837 4694/5143/4694
f 4679/5128/4679 3520/3947/3520 3519/3946/3519
f 5130/5611/5130 1147/5109/1147 4861/5319/4861
f 3895/4328/3895 3101/3495/3101 3527/3954/3527
f 3949/4382/3949 4590/5028/4590 4589/5027/4589
f 4688/5137/4688 5130/5611/5130 4861/5319/4861
f 4659/5103/4659 3856/4289/3856 4555/4992/4555
f 3145/3542/3145 2955/3458/2955 2883/5321/2883
f 4667/5115/4667 4579/5017/4579 4685/5134/4685
f 3850/4283/3850 4588/5026/4588 3849/4282/3849
f 3072/3465/3072 3063/3454/3063 3104/3498/3104
f 4871/5331/4871 4657/5101/4657 5140/5623/5140
f 4870/5330/4870 3120/3514/3120 4672/5120/4672
f 4689/5138/4689 3079/3472/3079 3081/3474/3081
f 3845/4278/3845 3109/3503/3109 3077/3470/3077
f 1147/5109/1147 5130/5611/5130 1077/5402/1077
f 4665/5112/4665 4666/5114/4666 4692/5141/4692
f 4862/5320/4862 4851/5308/4851 3145/3542/3145
f 5135/5616/5135 4662/5108/4662 4695/5144/4695
f 3843/4276/3843 3842/4275/3842 3956/4389/3956
f 4696/5145/4696 4620/5060/4620 3111/3505/3111
f 3077/3470/3077 3076/3469/3076 3154/3553/3154
f 4692/5141/4692 4695/5144/4695 3852/4285/3852
f 4673/5121/4673 3838/4271/3838 4674/5122/4674
f 3066/3459/3066 3354/3769/3354 3064/3455/3064
f 4671/5119/4671 4927/5406/4927 4672/5120/4672
f 3309/3724/3309 4859/5317/4859 3635/4067/3635
f 3080/3473/3080 4662/5108/4662 5135/5616/5135
f 3303/3716/3303 4575/5013/4575 4574/5012/4574
f 5141/5624/5141 1222/5625/1222 5140/5623/5140
f 4574/5012/4574 5135/5616/5135 5142/5626/5142
f 1075/5401/1075 4688/5137/4688 5143/5627/5143
f 3301/3714/3301 4592/5030/4592 3302/3715/3302
f 5142/5626/5142 5136/5617/5136 5139/5622/5139
f 3078/3471/3078 3077/3470/3077 3109/3503/3109
f 3101/3495/3101 3266/3677/3266 3527/3954/3527
f 1222/5625/1222 1235/5628/1235 5140/5623/5140
f 4671/5119/4671 4679/5128/4679 3519/3946/3519
f 5137/5619/5137 1163/5629/1163 1206/5630/1206
f 311/5170/311 4873/5334/4873 4713/5167/4713
f 3520/3947/3520 4694/5143/4694 3521/3948/3521
f 1231/5620/1231 4591/5029/4591 3855/4288/3855
f 3083/3476/3083 3837/4270/3837 3084/3477/3084
f 3839/4272/3839 4659/5103/4659 4690/5139/4690
f 3266/3677/3266 3068/3461/3068 3529/3956/3529
f 5141/5624/5141 4657/5101/4657 1046/5631/1046
f 4596/5035/4596 4595/5034/4595 3539/3966/3539
f 3081/3474/3081 3302/3715/3302 4689/5138/4689
f 3079/3472/3079 4577/5015/4577 4588/5026/4588
f 1213/5618/1213 1163/5629/1163 5137/5619/5137
f 1093/5113/1093 1198/5632/1198 3854/4287/3854
f 4870/5330/4870 4672/5120/4672 4927/5406/4927
f 4862/5320/4862 3145/3542/3145 2883/5321/2883
f 3078/3471/3078 3109/3503/3109 4664/5111/4664
f 3327/3742/3327 5144/5633/5144 3026/3413/3026
f 3146/3543/3146 1246/3545/1246 4658/5102/4658
f 5139/5622/5139 1206/5630/1206 1229/5634/1229
f 4556/4993/4556 4554/4991/4554 3954/4387/3954
f 4888/5353/4888 4924/5403/4924 4592/5030/4592
f 4621/5061/4621 4865/5325/4865 4007/4440/4007
f 5141/5624/5141 1046/5631/1046 1222/5625/1222
f 4671/5119/4671 3847/4280/3847 4927/5406/4927
f 3082/3475/3082 4924/5403/4924 1215/5411/1215
f 4923/5400/4923 1077/5402/1077 5130/5611/5130
f 9/3457/9 4690/5139/4690 10/5107/10
f 3833/4266/3833 3848/4281/3848 4578/5016/4578
f 5140/5623/5140 4657/5101/4657 5141/5624/5141
f 3303/3716/3303 5145/5635/5145 4594/5032/4594
f 3841/4274/3841 5144/5633/5144 3558/3986/3558
f 1215/5411/1215 4924/5403/4924 4888/5353/4888
f 1229/5634/1229 5145/5635/5145 5142/5626/5142
f 4667/5115/4667 4668/5116/4668 4579/5017/4579
f 4577/5015/4577 4689/5138/4689 4685/5134/4685
f 3354/3769/3354 2986/3371/2986 3027/3414/3027
f 3082/3475/3082 3084/3477/3084 4924/5403/4924
f 3851/4284/3851 4878/5340/4878 4665/5112/4665
f 3303/3716/3303 4574/5012/4574 5145/5635/5145
f 3078/3471/3078 4664/5111/4664 3099/3493/3099
f 3521/3948/3521 3083/3476/3083 4928/5407/4928
f 4693/5142/4693 5136/5617/5136 4695/5144/4695
f 4929/5408/4929 3521/3948/3521 4928/5407/4928
f 5145/5635/5145 1156/5636/1156 1207/5637/1207
f 3447/3867/3447 4691/5140/4691 3537/3964/3537
f 3521/3948/3521 4929/5408/4929 4623/5063/4623
f 3847/4280/3847 4657/5101/4657 4927/5406/4927
f 5145/5635/5145 4574/5012/4574 5142/5626/5142
f 3082/3475/3082 3146/3543/3146 3083/3476/3083
f 3080/3473/3080 4588/5026/4588 4662/5108/4662
f 5142/5626/5142 5139/5622/5139 1229/5634/1229
f 5144/5633/5144 4918/5392/4918 3026/3413/3026
f 2987/3372/2987 4875/5336/4875 3518/3945/3518
f 2986/3371/2986 4868/5328/4868 2987/3372/2987
f 3064/3455/3064 3063/3454/3063 3839/4272/3839
f 3282/3694/3282 3284/3696/3284 1675/5395/1675
f 4696/5145/4696 5138/5621/5138 4666/5114/4666
f 3409/3827/3409 3123/3517/3123 2991/3376/2991
f 5143/5627/5143 4871/5331/4871 5140/5623/5140
f 4007/4440/4007 3448/3868/3448 4621/5061/4621
f 4673/5121/4673 4008/4441/4008 4007/4440/4007
f 3534/3961/3534 3447/3867/3447 3537/3964/3537
f 3207/3613/3207 3462/3885/3462 3452/3872/3452
f 3099/3493/3099 4664/5111/4664 4878/5340/4878
f 3327/3742/3327 3331/3746/3331 5144/5633/5144
f 4590/5028/4590 3852/4285/3852 4695/5144/4695
f 1198/5632/1198 1231/5620/1231 3855/4288/3855
f 3845/4278/3845 4680/5129/4680 3846/4279/3846
f 4696/5145/4696 4669/5117/4669 5137/5619/5137
f 3147/3544/3147 3146/3543/3146 3082/3475/3082
f 4594/5032/4594 5145/5635/5145 1207/5637/1207
f 5136/5617/5136 5142/5626/5142 5135/5616/5135
f 4888/5353/4888 4592/5030/4592 3301/3714/3301
f 1156/5636/1156 5145/5635/5145 1229/5634/1229
f 3109/3503/3109 4620/5060/4620 4664/5111/4664
f 3154/3553/3154 4855/5312/4855 3206/3612/3206
f 5138/5621/5138 5136/5617/5136 4693/5142/4693
f 4864/5324/4864 3256/3667/3256 4713/5167/4713
f 2571/5337/2571 1886/5638/1886 1745/5367/1745
f 4928/5407/4928 3083/3476/3083 3146/3543/3146
f 4593/5031/4593 4667/5115/4667 4685/5134/4685
f 1244/3850/1244 3147/3544/3147 1215/5411/1215
f 4918/5392/4918 5144/5633/5144 3844/4277/3844
f 3283/3695/3283 4875/5336/4875 3284/3696/3284
f 3635/4067/3635 4866/5326/4866 2976/3361/2976
f 3207/3613/3207 4855/5312/4855 3462/3885/3462
f 4680/5129/4680 3085/3479/3085 3854/4287/3854
f 3955/4388/3955 3841/4274/3841 3857/4290/3857
f 3105/3499/3105 3635/4067/3635 3313/3728/3313
f 1215/5411/1215 3147/3544/3147 3082/3475/3082
f 5140/5623/5140 1235/5628/1235 1075/5401/1075
f 5144/5633/5144 3841/4274/3841 3844/4277/3844
f 4691/5140/4691 4008/4441/4008 4596/5035/4596
f 3301/3714/3301 3303/3716/3303 4594/5032/4594
f 3257/3668/3257 4864/5324/4864 3446/3866/3446
f 1198/5632/1198 3855/4288/3855 3854/4287/3854
f 4693/5142/4693 4666/5114/4666 5138/5621/5138
f 1186/5033/1186 1245/5352/1245 3301/3714/3301
f 3110/3504/3110 3846/4279/3846 3855/4288/3855
f 1216/5410/1216 4888/5353/4888 1245/5352/1245
f 4576/5014/4576 3102/3496/3102 3849/4282/3849
f 1207/5637/1207 1186/5033/1186 4594/5032/4594
f 3844/4277/3844 3957/4390/3957 3842/4275/3842
f 4668/5116/4668 4865/5325/4865 4579/5017/4579
f 3558/3986/3558 5144/5633/5144 3331/3746/3331
f 3006/3391/3006 1927/5398/1927 2037/3392/2037
f 3833/4266/3833 4621/5061/4621 3448/3868/3448
f 5140/5623/5140 1075/5401/1075 5143/5627/5143
f 4918/5392/4918 3314/3729/3314 3026/3413/3026
f 5146/5639/5146 5147/5640/5147 5148/5641/5148
f 5149/5642/5149 5146/5639/5146 5150/5643/5150
f 5151/5644/5151 5146/5639/5146 5148/5641/5148
f 4928/5407/4928 3146/3543/3146 4658/5102/4658
f 4590/5028/4590 4695/5144/4695 4662/5108/4662
f 3898/4331/3898 3949/4382/3949 4589/5027/4589
f 5152/5645/5152 5153/5646/5153 3787/4220/3787
f 4591/5029/4591 1231/5620/1231 4669/5117/4669
f 5154/5647/5154 5155/5648/5155 4921/5397/4921
f 5137/5619/5137 5138/5621/5138 4696/5145/4696
f 3836/4269/3836 4668/5116/4668 3837/4270/3837
f 3110/3504/3110 3109/3503/3109 3845/4278/3845
f 5156/5649/5156 4926/5405/4926 5157/5650/5157
f 4918/5392/4918 3843/4276/3843 3314/3729/3314
f 5155/5648/5155 4073/4508/4073 4921/5397/4921
f 5156/5649/5156 5157/5650/5157 5158/5651/5158
f 3744/4177/3744 5159/5652/5159 3723/4156/3723
f 4578/5016/4578 3848/4281/3848 4576/5014/4576
f 4658/5102/4658 1046/5631/1046 4657/5101/4657
f 2990/3375/2990 3518/3945/3518 3007/3393/3007
f 3519/3946/3519 3847/4280/3847 4671/5119/4671
f 5155/5648/5155 4074/4509/4074 4073/4508/4073
f 4830/5287/4830 5160/5653/5160 5152/5645/5152
f 5161/5654/5161 5156/5649/5156 5158/5651/5158
f 5139/5622/5139 5138/5621/5138 5137/5619/5137
f 4680/5129/4680 3845/4278/3845 3077/3470/3077
f 3418/3836/3418 3101/3495/3101 3895/4328/3895
f 5149/5642/5149 5162/5655/5162 5146/5639/5146
f 5162/5655/5162 3744/4177/3744 3732/4165/3732
f 5163/5656/5163 5164/5657/5164 5165/5658/5165
f 3706/4139/3706 3716/4149/3716 5159/5652/5159
f 5166/5659/5166 5167/5660/5167 5168/5661/5168
f 5169/5662/5169 5170/5663/5170 5171/5664/5171
f 3732/4165/3732 3734/4167/3734 5172/5665/5172
f 5169/5662/5169 4745/5202/4745 5170/5663/5170
f 3734/4167/3734 5153/5646/5153 5164/5657/5164
f 5155/5648/5155 5154/5647/5154 5173/5666/5173
f 5174/5667/5174 5173/5666/5173 5154/5647/5154
f 5162/5655/5162 5174/5667/5174 5175/5668/5175
f 4074/4509/4074 5157/5650/5157 4926/5405/4926
f 5172/5665/5172 3734/4167/3734 5164/5657/5164
f 5158/5651/5158 5176/5669/5176 5177/5670/5177
f 3777/4210/3777 3787/4220/3787 5153/5646/5153
f 4871/5331/4871 5143/5627/5143 4869/5329/4869
f 3102/3496/3102 4576/5014/4576 3848/4281/3848
f 4799/5256/4799 4845/5302/4845 5170/5663/5170
f 5167/5660/5167 5178/5671/5178 5179/5672/5179
f 5180/5673/5180 5174/5667/5174 5154/5647/5154
f 5165/5658/5165 5166/5659/5166 5181/5674/5181
f 5073/5554/5073 3080/3473/3080 5135/5616/5135
f 4688/5137/4688 4869/5329/4869 5143/5627/5143
f 3083/3476/3083 3521/3948/3521 4694/5143/4694
f 5182/5675/5182 5171/5664/5171 4845/5302/4845
f 4830/5287/4830 5152/5645/5152 3787/4220/3787
f 3777/4210/3777 5153/5646/5153 3733/4166/3733
f 4875/5336/4875 3283/3695/3283 3518/3945/3518
f 5177/5670/5177 5151/5644/5151 5148/5641/5148
f 5164/5657/5164 5166/5659/5166 5165/5658/5165
f 3445/3865/3445 3086/3480/3086 3205/3611/3205
f 3744/4177/3744 5175/5668/5175 5159/5652/5159
f 5147/5640/5147 5163/5656/5163 5165/5658/5165
f 5178/5671/5178 4745/5202/4745 5169/5662/5169
f 5155/5648/5155 5157/5650/5157 4074/4509/4074
f 5172/5665/5172 5147/5640/5147 5146/5639/5146
f 5176/5669/5176 5151/5644/5151 5177/5670/5177
f 3744/4177/3744 5162/5655/5162 5175/5668/5175
f 1246/3545/1246 3147/3544/3147 1193/3851/1193
f 3853/4286/3853 3949/4382/3949 3905/4338/3905
f 5173/5666/5173 5157/5650/5157 5155/5648/5155
f 5176/5669/5176 5150/5643/5150 5151/5644/5151
f 5147/5640/5147 5172/5665/5172 5163/5656/5163
f 3732/4165/3732 5146/5639/5146 5162/5655/5162
f 5149/5642/5149 5174/5667/5174 5162/5655/5162
f 5149/5642/5149 5150/5643/5150 5173/5666/5173
f 1046/5631/1046 4658/5102/4658 1246/3545/1246
f 4845/5302/4845 3073/3466/3073 5182/5675/5182
f 5150/5643/5150 5158/5651/5158 5157/5650/5157
f 5175/5668/5175 5180/5673/5180 5159/5652/5159
f 5137/5619/5137 1206/5630/1206 5139/5622/5139
f 5169/5662/5169 5183/5676/5183 5179/5672/5179
f 5184/5677/5184 5167/5660/5167 5166/5659/5166
f 5147/5640/5147 5185/5678/5185 5148/5641/5148
f 5172/5665/5172 5164/5657/5164 5163/5656/5163
f 5153/5646/5153 5184/5677/5184 5164/5657/5164
f 5178/5671/5178 5169/5662/5169 5179/5672/5179
f 5150/5643/5150 5146/5639/5146 5151/5644/5151
f 5178/5671/5178 5167/5660/5167 5184/5677/5184
f 5178/5671/5178 4440/4876/4440 4745/5202/4745
f 3098/3492/3098 3092/3486/3092 3452/3872/3452
f 5178/5671/5178 5184/5677/5184 5152/5645/5152
f 4715/5172/4715 5156/5649/5156 5161/5654/5161
f 5178/5671/5178 3862/4295/3862 4440/4876/4440
f 5153/5646/5153 5152/5645/5152 5184/5677/5184
f 5152/5645/5152 3862/4295/3862 5178/5671/5178
f 5152/5645/5152 5160/5653/5160 3862/4295/3862
f 5185/5678/5185 5165/5658/5165 5181/5674/5181
f 5153/5646/5153 3734/4167/3734 3733/4166/3733
f 5165/5658/5165 5185/5678/5185 5147/5640/5147
f 5154/5647/5154 4921/5397/4921 5180/5673/5180
f 5146/5639/5146 3732/4165/3732 5172/5665/5172
f 5184/5677/5184 5166/5659/5166 5164/5657/5164
f 5174/5667/5174 5149/5642/5149 5173/5666/5173
f 5150/5643/5150 5157/5650/5157 5173/5666/5173
f 5175/5668/5175 5174/5667/5174 5180/5673/5180
f 3723/4156/3723 5159/5652/5159 3716/4149/3716
f 3706/4139/3706 5180/5673/5180 4921/5397/4921
f 4926/5405/4926 5156/5649/5156 4715/5172/4715
f 1093/5113/1093 3854/4287/3854 3085/3479/3085
f 4519/4956/4519 4921/5397/4921 4073/4508/4073
f 4921/5397/4921 3680/4113/3680 3703/4136/3703
f 3953/4386/3953 3122/3516/3122 4556/4993/4556
f 3862/4295/3862 5160/5653/5160 3822/4255/3822
f 4845/5302/4845 5171/5664/5171 5170/5663/5170
f 5183/5676/5183 5169/5662/5169 5171/5664/5171
f 3073/3466/3073 4845/5302/4845 3090/3484/3090
f 5158/5651/5158 5150/5643/5150 5176/5669/5176
f 5159/5652/5159 5180/5673/5180 3706/4139/3706
f 4830/5287/4830 3822/4255/3822 5160/5653/5160
f 5170/5663/5170 4745/5202/4745 4799/5256/4799
f 3706/4139/3706 4921/5397/4921 3703/4136/3703
f 2314/5010/2314 4569/5006/4569 2477/5679/2477
f 4572/5009/4572 4641/5082/4641 2470/5680/2470
f 2477/5679/2477 4572/5009/4572 2470/5680/2470
f 4569/5006/4569 4572/5009/4572 2477/5679/2477
f 2470/5680/2470 4641/5082/4641 2305/5091/2305
f 4917/5391/4917 4555/4992/4555 3856/4289/3856
s off
